cell,block,fingerprint,cachedValue,dependencySheets,classificationReasons,formula,normalizedFormula
B1,UNCLASSIFIED,1e4d06da3c596bca9296,0,,,"IF(M10=""Thử tĩnh"",1,0)","IF(R[+9]C[+11]=""THỬTĨNH"",1,0)"
L3,UNCLASSIFIED,7fabb2fc4423b971bca3,46253,,,TODAY(),TODAY()
C9,UNCLASSIFIED,32e35811abc1235c0ac2,Cấp hậu quả của công trình:,,,"""Cấp hậu quả của công trình:""","""CẤPHẬUQUẢCỦACÔNGTRÌNH:"""
H10,UNCLASSIFIED,60f21ab69bd9cd6b1f8c,1.1499999999999999,,,"IF(H9=""C1"",1,IF(H9=""C2"",1.15,1.2))","IF(R[-1]C=""R[-9]C[-5]"",1,IF(R[-1]C=""R[-8]C[-5]"",1.15,1.2))"
N17,UNCLASSIFIED,dcd034cac898a63d885c,480,,,"MAX(MIN(O20:O1000),MIN(N20:N1000))","MAX(MIN(R[+3]C[+1]:R[+983]C[+1]),MIN(R[+3]C:R[+983]C))"
O17,UNCLASSIFIED,301b19d4646b2bdc23a9,480,,,N17,RC[-1]
A20,JOIN,5ea8e873f07aa89e502e,1,,VLOOKUP,"VLOOKUP(B20,Q:U,5,0)","VLOOKUP(RC[+1],Q:U,5,0)"
D20,JOIN,f5205744725a2f66161f,C250,,VLOOKUP,"VLOOKUP(B20,Q:U,2,0)","VLOOKUP(RC[-2],Q:U,2,0)"
H20,JOIN,34eab90c394d3c1042b9,250,,VLOOKUP,"VLOOKUP(B20,Q:U,3,0)","VLOOKUP(RC[-6],Q:U,3,0)"
I20,JOIN,316a886ee18efca0c3ce,350,,VLOOKUP,"VLOOKUP(B20,Q:U,4,0)","VLOOKUP(RC[-7],Q:U,4,0)"
J20,UNCLASSIFIED,f7cb8b3574809d50071f,Đài 1 cọc,,,"NhomCoc(A20,$A$1,$A$2)","NHOMCOC(RC[-9],R1C1,R2C1)"
K20,UTILIZATION,8c7575893a40f2d6662a,304.34782608695656,,,I20/$H$10,RC[-2]/R10C8
L20,UTILIZATION,668b1c1dbfcf6df7c7f2,1.0607413680969937,,,"IFERROR(K20/F20,"""")","IFERROR(RC[-1]/RC[-6],"""")"
M20,STATUS,cc605bcd1178ce4c0905,OK,,"""OK""","IF(L20<1, ""NOT OK"",""OK"")","IF(RC[-1]<1,""NOTOK"",""OK"")"
N20,JOIN,df342480cfd1e9f94067,1849.9999999999998,Point Coordinates,POINT COORDINATES | RD | VLOOKUP,"VLOOKUP(C20,'Point Coordinates'!$A:$D,2,0)*1000","VLOOKUP(RC[-11],'POINTCOORDINATES'!$A:$D,2,0)*1000"
O20,JOIN,49309262070579ea9998,4960,Point Coordinates,POINT COORDINATES | RD | VLOOKUP,"VLOOKUP(C20,'Point Coordinates'!$A:$D,3,0)*1000","VLOOKUP(RC[-12],'POINTCOORDINATES'!$A:$D,3,0)*1000"
V20,UTILIZATION,b070dbb90878a1f60ba9,0,,,"IFERROR(IF(AND(1/L20>$V$19,1/L20<=$W$19),1/L20,0),"""")","IFERROR(IF(AND(1/RC[-10]>R19C22,1/RC[-10]<=R19C23),1/RC[-10],0),"""")"
W20,UTILIZATION,de0a5dbfc5cc172602ba,0,,,"IFERROR(IF(AND(1/L20>$W$19,1/L20<=$X$19),1/L20,0),"""")","IFERROR(IF(AND(1/RC[-11]>R19C23,1/RC[-11]<=R19C24),1/RC[-11],0),"""")"
X20,UTILIZATION,102bfd8013f27758e7c0,0.94273687260263472,,,"IFERROR(IF(AND(1/L20>$X$19,1/L20<=$Y$19),1/L20,0),"""")","IFERROR(IF(AND(1/RC[-12]>R19C24,1/RC[-12]<=R19C25),1/RC[-12],0),"""")"
Y20,UTILIZATION,2d4c8f3ea18940579bdf,0,,,"IFERROR(IF(1/L20>$Y$19,1/L20,0),"""")","IFERROR(IF(1/RC[-13]>R19C25,1/RC[-13],0),"""")"
Z20,UTILIZATION,28ac2bdd4846fc6e2a7f,1.3699999999999997,,,"IF(N20<>"""",(N20-$N$17)/1000,1/0)","IF(RC[-12]<>"""",(RC[-12]-R17C14)/1000,1/0)"
AA20,UTILIZATION,1aafe524f4bc30e7637c,4.4800000000000004,,,"IF(O20<>"""",(O20-$O$17)/1000,1/0)","IF(RC[-12]<>"""",(RC[-12]-R17C15)/1000,1/0)"
A21,JOIN,5ea8e873f07aa89e502e,1,,VLOOKUP,"VLOOKUP(B21,Q:U,5,0)","VLOOKUP(RC[+1],Q:U,5,0)"
D21,JOIN,f5205744725a2f66161f,C250,,VLOOKUP,"VLOOKUP(B21,Q:U,2,0)","VLOOKUP(RC[-2],Q:U,2,0)"
H21,JOIN,34eab90c394d3c1042b9,250,,VLOOKUP,"VLOOKUP(B21,Q:U,3,0)","VLOOKUP(RC[-6],Q:U,3,0)"
I21,JOIN,316a886ee18efca0c3ce,350,,VLOOKUP,"VLOOKUP(B21,Q:U,4,0)","VLOOKUP(RC[-7],Q:U,4,0)"
J21,UNCLASSIFIED,f7cb8b3574809d50071f,Đài 1 cọc,,,"NhomCoc(A21,$A$1,$A$2)","NHOMCOC(RC[-9],R1C1,R2C1)"
K21,UTILIZATION,8c7575893a40f2d6662a,304.34782608695656,,,I21/$H$10,RC[-2]/R10C8
L21,UTILIZATION,668b1c1dbfcf6df7c7f2,1.1664061660740719,,,"IFERROR(K21/F21,"""")","IFERROR(RC[-1]/RC[-6],"""")"
M21,STATUS,cc605bcd1178ce4c0905,OK,,"""OK""","IF(L21<1, ""NOT OK"",""OK"")","IF(RC[-1]<1,""NOTOK"",""OK"")"
N21,JOIN,df342480cfd1e9f94067,1680,Point Coordinates,POINT COORDINATES | RD | VLOOKUP,"VLOOKUP(C21,'Point Coordinates'!$A:$D,2,0)*1000","VLOOKUP(RC[-11],'POINTCOORDINATES'!$A:$D,2,0)*1000"
O21,JOIN,49309262070579ea9998,4030.0000000000005,Point Coordinates,POINT COORDINATES | RD | VLOOKUP,"VLOOKUP(C21,'Point Coordinates'!$A:$D,3,0)*1000","VLOOKUP(RC[-12],'POINTCOORDINATES'!$A:$D,3,0)*1000"
V21,UTILIZATION,b070dbb90878a1f60ba9,0,,,"IFERROR(IF(AND(1/L21>$V$19,1/L21<=$W$19),1/L21,0),"""")","IFERROR(IF(AND(1/RC[-10]>R19C22,1/RC[-10]<=R19C23),1/RC[-10],0),"""")"
W21,UTILIZATION,de0a5dbfc5cc172602ba,0,,,"IFERROR(IF(AND(1/L21>$W$19,1/L21<=$X$19),1/L21,0),"""")","IFERROR(IF(AND(1/RC[-11]>R19C23,1/RC[-11]<=R19C24),1/RC[-11],0),"""")"
X21,UTILIZATION,102bfd8013f27758e7c0,0.85733428807722512,,,"IFERROR(IF(AND(1/L21>$X$19,1/L21<=$Y$19),1/L21,0),"""")","IFERROR(IF(AND(1/RC[-12]>R19C24,1/RC[-12]<=R19C25),1/RC[-12],0),"""")"
Y21,UTILIZATION,2d4c8f3ea18940579bdf,0,,,"IFERROR(IF(1/L21>$Y$19,1/L21,0),"""")","IFERROR(IF(1/RC[-13]>R19C25,1/RC[-13],0),"""")"
Z21,UTILIZATION,28ac2bdd4846fc6e2a7f,1.2,,,"IF(N21<>"""",(N21-$N$17)/1000,1/0)","IF(RC[-12]<>"""",(RC[-12]-R17C14)/1000,1/0)"
AA21,UTILIZATION,1aafe524f4bc30e7637c,3.5500000000000003,,,"IF(O21<>"""",(O21-$O$17)/1000,1/0)","IF(RC[-12]<>"""",(RC[-12]-R17C15)/1000,1/0)"
A22,UNCLASSIFIED,e3b0c44298fc1c149afb,1,,,,
D22,UNCLASSIFIED,e3b0c44298fc1c149afb,C250,,,,
H22,UNCLASSIFIED,e3b0c44298fc1c149afb,250,,,,
I22,UNCLASSIFIED,e3b0c44298fc1c149afb,350,,,,
J22,UNCLASSIFIED,e3b0c44298fc1c149afb,Đài 1 cọc,,,,
K22,UTILIZATION,8c7575893a40f2d6662a,304.34782608695656,,,I22/$H$10,RC[-2]/R10C8
L22,UNCLASSIFIED,e3b0c44298fc1c149afb,1.123496236268215,,,,
M22,UNCLASSIFIED,e3b0c44298fc1c149afb,OK,,,,
N22,JOIN,df342480cfd1e9f94067,750,Point Coordinates,POINT COORDINATES | RD | VLOOKUP,"VLOOKUP(C22,'Point Coordinates'!$A:$D,2,0)*1000","VLOOKUP(RC[-11],'POINTCOORDINATES'!$A:$D,2,0)*1000"
O22,JOIN,49309262070579ea9998,4030.0000000000005,Point Coordinates,POINT COORDINATES | RD | VLOOKUP,"VLOOKUP(C22,'Point Coordinates'!$A:$D,3,0)*1000","VLOOKUP(RC[-12],'POINTCOORDINATES'!$A:$D,3,0)*1000"
V22,UNCLASSIFIED,e3b0c44298fc1c149afb,0,,,,
W22,UNCLASSIFIED,e3b0c44298fc1c149afb,0,,,,
X22,UNCLASSIFIED,e3b0c44298fc1c149afb,0.89007863819960986,,,,
Y22,UNCLASSIFIED,e3b0c44298fc1c149afb,0,,,,
Z22,UNCLASSIFIED,e3b0c44298fc1c149afb,0.27,,,,
AA22,UNCLASSIFIED,e3b0c44298fc1c149afb,3.5500000000000003,,,,
A23,UNCLASSIFIED,e3b0c44298fc1c149afb,1,,,,
D23,UNCLASSIFIED,e3b0c44298fc1c149afb,C250,,,,
H23,UNCLASSIFIED,e3b0c44298fc1c149afb,250,,,,
I23,UNCLASSIFIED,e3b0c44298fc1c149afb,350,,,,
J23,UNCLASSIFIED,e3b0c44298fc1c149afb,Đài 1 cọc,,,,
K23,UNCLASSIFIED,e3b0c44298fc1c149afb,304.34782608695656,,,,
L23,UNCLASSIFIED,e3b0c44298fc1c149afb,1.0674435480436297,,,,
M23,UNCLASSIFIED,e3b0c44298fc1c149afb,OK,,,,
N23,JOIN,df342480cfd1e9f94067,750,Point Coordinates,POINT COORDINATES | RD | VLOOKUP,"VLOOKUP(C23,'Point Coordinates'!$A:$D,2,0)*1000","VLOOKUP(RC[-11],'POINTCOORDINATES'!$A:$D,2,0)*1000"
O23,JOIN,49309262070579ea9998,4960,Point Coordinates,POINT COORDINATES | RD | VLOOKUP,"VLOOKUP(C23,'Point Coordinates'!$A:$D,3,0)*1000","VLOOKUP(RC[-12],'POINTCOORDINATES'!$A:$D,3,0)*1000"
V23,UNCLASSIFIED,e3b0c44298fc1c149afb,0,,,,
W23,UNCLASSIFIED,e3b0c44298fc1c149afb,0,,,,
X23,UNCLASSIFIED,e3b0c44298fc1c149afb,0.93681769104582835,,,,
Y23,UNCLASSIFIED,e3b0c44298fc1c149afb,0,,,,
Z23,UNCLASSIFIED,e3b0c44298fc1c149afb,0.27,,,,
AA23,UNCLASSIFIED,e3b0c44298fc1c149afb,4.4800000000000004,,,,
A24,UNCLASSIFIED,e3b0c44298fc1c149afb,1,,,,
D24,UNCLASSIFIED,e3b0c44298fc1c149afb,C250,,,,
H24,UNCLASSIFIED,e3b0c44298fc1c149afb,250,,,,
I24,UNCLASSIFIED,e3b0c44298fc1c149afb,350,,,,
J24,UNCLASSIFIED,e3b0c44298fc1c149afb,Đài 1 cọc,,,,
K24,UNCLASSIFIED,e3b0c44298fc1c149afb,304.34782608695656,,,,
L24,UNCLASSIFIED,e3b0c44298fc1c149afb,1.0230663691581616,,,,
M24,UNCLASSIFIED,e3b0c44298fc1c149afb,OK,,,,
N24,JOIN,df342480cfd1e9f94067,3330,Point Coordinates,POINT COORDINATES | RD | VLOOKUP,"VLOOKUP(C24,'Point Coordinates'!$A:$D,2,0)*1000","VLOOKUP(RC[-11],'POINTCOORDINATES'!$A:$D,2,0)*1000"
O24,JOIN,49309262070579ea9998,5390,Point Coordinates,POINT COORDINATES | RD | VLOOKUP,"VLOOKUP(C24,'Point Coordinates'!$A:$D,3,0)*1000","VLOOKUP(RC[-12],'POINTCOORDINATES'!$A:$D,3,0)*1000"
V24,UNCLASSIFIED,e3b0c44298fc1c149afb,0,,,,
W24,UNCLASSIFIED,e3b0c44298fc1c149afb,0,,,,
X24,UNCLASSIFIED,e3b0c44298fc1c149afb,0.97745369229843615,,,,
Y24,UNCLASSIFIED,e3b0c44298fc1c149afb,0,,,,
Z24,UNCLASSIFIED,e3b0c44298fc1c149afb,2.85,,,,
AA24,UNCLASSIFIED,e3b0c44298fc1c149afb,4.91,,,,
A25,UNCLASSIFIED,e3b0c44298fc1c149afb,1,,,,
D25,UNCLASSIFIED,e3b0c44298fc1c149afb,C250,,,,
H25,UNCLASSIFIED,e3b0c44298fc1c149afb,250,,,,
I25,UNCLASSIFIED,e3b0c44298fc1c149afb,350,,,,
J25,UNCLASSIFIED,e3b0c44298fc1c149afb,Đài 1 cọc,,,,
K25,UNCLASSIFIED,e3b0c44298fc1c149afb,304.34782608695656,,,,
L25,UNCLASSIFIED,e3b0c44298fc1c149afb,1.0133522227677607,,,,
M25,UNCLASSIFIED,e3b0c44298fc1c149afb,OK,,,,
N25,JOIN,df342480cfd1e9f94067,4070.0000000000005,Point Coordinates,POINT COORDINATES | RD | VLOOKUP,"VLOOKUP(C25,'Point Coordinates'!$A:$D,2,0)*1000","VLOOKUP(RC[-11],'POINTCOORDINATES'!$A:$D,2,0)*1000"
O25,JOIN,49309262070579ea9998,5480,Point Coordinates,POINT COORDINATES | RD | VLOOKUP,"VLOOKUP(C25,'Point Coordinates'!$A:$D,3,0)*1000","VLOOKUP(RC[-12],'POINTCOORDINATES'!$A:$D,3,0)*1000"
V25,UNCLASSIFIED,e3b0c44298fc1c149afb,0,,,,
W25,UNCLASSIFIED,e3b0c44298fc1c149afb,0,,,,
X25,UNCLASSIFIED,e3b0c44298fc1c149afb,0.98682370999168301,,,,
Y25,UNCLASSIFIED,e3b0c44298fc1c149afb,0,,,,
Z25,UNCLASSIFIED,e3b0c44298fc1c149afb,3.5900000000000003,,,,
AA25,UNCLASSIFIED,e3b0c44298fc1c149afb,5,,,,
A26,UNCLASSIFIED,e3b0c44298fc1c149afb,1,,,,
D26,UNCLASSIFIED,e3b0c44298fc1c149afb,C250,,,,
H26,UNCLASSIFIED,e3b0c44298fc1c149afb,250,,,,
I26,UNCLASSIFIED,e3b0c44298fc1c149afb,350,,,,
J26,UNCLASSIFIED,e3b0c44298fc1c149afb,Đài 1 cọc,,,,
K26,UNCLASSIFIED,e3b0c44298fc1c149afb,304.34782608695656,,,,
L26,UNCLASSIFIED,e3b0c44298fc1c149afb,1.0143387154043619,,,,
M26,UNCLASSIFIED,e3b0c44298fc1c149afb,OK,,,,
N26,JOIN,df342480cfd1e9f94067,4810,Point Coordinates,POINT COORDINATES | RD | VLOOKUP,"VLOOKUP(C26,'Point Coordinates'!$A:$D,2,0)*1000","VLOOKUP(RC[-11],'POINTCOORDINATES'!$A:$D,2,0)*1000"
O26,JOIN,49309262070579ea9998,5570,Point Coordinates,POINT COORDINATES | RD | VLOOKUP,"VLOOKUP(C26,'Point Coordinates'!$A:$D,3,0)*1000","VLOOKUP(RC[-12],'POINTCOORDINATES'!$A:$D,3,0)*1000"
V26,UNCLASSIFIED,e3b0c44298fc1c149afb,0,,,,
W26,UNCLASSIFIED,e3b0c44298fc1c149afb,0,,,,
X26,UNCLASSIFIED,e3b0c44298fc1c149afb,0.98586397700629436,,,,
Y26,UNCLASSIFIED,e3b0c44298fc1c149afb,0,,,,
Z26,UNCLASSIFIED,e3b0c44298fc1c149afb,4.33,,,,
AA26,UNCLASSIFIED,e3b0c44298fc1c149afb,5.09,,,,
A27,UNCLASSIFIED,e3b0c44298fc1c149afb,1,,,,
D27,UNCLASSIFIED,e3b0c44298fc1c149afb,C250,,,,
H27,UNCLASSIFIED,e3b0c44298fc1c149afb,250,,,,
I27,UNCLASSIFIED,e3b0c44298fc1c149afb,350,,,,
J27,UNCLASSIFIED,e3b0c44298fc1c149afb,Đài 1 cọc,,,,
K27,UNCLASSIFIED,e3b0c44298fc1c149afb,304.34782608695656,,,,
L27,UNCLASSIFIED,e3b0c44298fc1c149afb,1.0030787798888288,,,,
M27,UNCLASSIFIED,e3b0c44298fc1c149afb,OK,,,,
N27,JOIN,df342480cfd1e9f94067,7190,Point Coordinates,POINT COORDINATES | RD | VLOOKUP,"VLOOKUP(C27,'Point Coordinates'!$A:$D,2,0)*1000","VLOOKUP(RC[-11],'POINTCOORDINATES'!$A:$D,2,0)*1000"
O27,JOIN,49309262070579ea9998,5720,Point Coordinates,POINT COORDINATES | RD | VLOOKUP,"VLOOKUP(C27,'Point Coordinates'!$A:$D,3,0)*1000","VLOOKUP(RC[-12],'POINTCOORDINATES'!$A:$D,3,0)*1000"
V27,UNCLASSIFIED,e3b0c44298fc1c149afb,0,,,,
W27,UNCLASSIFIED,e3b0c44298fc1c149afb,0,,,,
X27,UNCLASSIFIED,e3b0c44298fc1c149afb,0.99693066990294621,,,,
Y27,UNCLASSIFIED,e3b0c44298fc1c149afb,0,,,,
Z27,UNCLASSIFIED,e3b0c44298fc1c149afb,6.71,,,,
AA27,UNCLASSIFIED,e3b0c44298fc1c149afb,5.24,,,,
A28,UNCLASSIFIED,e3b0c44298fc1c149afb,1,,,,
D28,UNCLASSIFIED,e3b0c44298fc1c149afb,C250,,,,
H28,UNCLASSIFIED,e3b0c44298fc1c149afb,250,,,,
I28,UNCLASSIFIED,e3b0c44298fc1c149afb,350,,,,
J28,UNCLASSIFIED,e3b0c44298fc1c149afb,Đài 1 cọc,,,,
K28,UNCLASSIFIED,e3b0c44298fc1c149afb,304.34782608695656,,,,
L28,UNCLASSIFIED,e3b0c44298fc1c149afb,0.8856609931805608,,,,
M28,UNCLASSIFIED,e3b0c44298fc1c149afb,NOT OK,,,,
N28,JOIN,df342480cfd1e9f94067,7930,Point Coordinates,POINT COORDINATES | RD | VLOOKUP,"VLOOKUP(C28,'Point Coordinates'!$A:$D,2,0)*1000","VLOOKUP(RC[-11],'POINTCOORDINATES'!$A:$D,2,0)*1000"
O28,JOIN,49309262070579ea9998,5810,Point Coordinates,POINT COORDINATES | RD | VLOOKUP,"VLOOKUP(C28,'Point Coordinates'!$A:$D,3,0)*1000","VLOOKUP(RC[-12],'POINTCOORDINATES'!$A:$D,3,0)*1000"
V28,UNCLASSIFIED,e3b0c44298fc1c149afb,0,,,,
W28,UNCLASSIFIED,e3b0c44298fc1c149afb,0,,,,
X28,UNCLASSIFIED,e3b0c44298fc1c149afb,0,,,,
Y28,UNCLASSIFIED,e3b0c44298fc1c149afb,1.1291001948825004,,,,
Z28,UNCLASSIFIED,e3b0c44298fc1c149afb,7.45,,,,
AA28,UNCLASSIFIED,e3b0c44298fc1c149afb,5.33,,,,
A29,UNCLASSIFIED,e3b0c44298fc1c149afb,1,,,,
D29,UNCLASSIFIED,e3b0c44298fc1c149afb,C250,,,,
H29,UNCLASSIFIED,e3b0c44298fc1c149afb,250,,,,
I29,UNCLASSIFIED,e3b0c44298fc1c149afb,350,,,,
J29,UNCLASSIFIED,e3b0c44298fc1c149afb,Đài 1 cọc,,,,
K29,UNCLASSIFIED,e3b0c44298fc1c149afb,304.34782608695656,,,,
L29,UNCLASSIFIED,e3b0c44298fc1c149afb,1.0860732503942854,,,,
M29,UNCLASSIFIED,e3b0c44298fc1c149afb,OK,,,,
N29,JOIN,df342480cfd1e9f94067,8200,Point Coordinates,POINT COORDINATES | RD | VLOOKUP,"VLOOKUP(C29,'Point Coordinates'!$A:$D,2,0)*1000","VLOOKUP(RC[-11],'POINTCOORDINATES'!$A:$D,2,0)*1000"
O29,JOIN,49309262070579ea9998,5110,Point Coordinates,POINT COORDINATES | RD | VLOOKUP,"VLOOKUP(C29,'Point Coordinates'!$A:$D,3,0)*1000","VLOOKUP(RC[-12],'POINTCOORDINATES'!$A:$D,3,0)*1000"
V29,UNCLASSIFIED,e3b0c44298fc1c149afb,0,,,,
W29,UNCLASSIFIED,e3b0c44298fc1c149afb,0,,,,
X29,UNCLASSIFIED,e3b0c44298fc1c149afb,0.92074820886801367,,,,
Y29,UNCLASSIFIED,e3b0c44298fc1c149afb,0,,,,
Z29,UNCLASSIFIED,e3b0c44298fc1c149afb,7.72,,,,
AA29,UNCLASSIFIED,e3b0c44298fc1c149afb,4.63,,,,
A30,UNCLASSIFIED,e3b0c44298fc1c149afb,1,,,,
D30,UNCLASSIFIED,e3b0c44298fc1c149afb,C250,,,,
H30,UNCLASSIFIED,e3b0c44298fc1c149afb,250,,,,
I30,UNCLASSIFIED,e3b0c44298fc1c149afb,350,,,,
J30,UNCLASSIFIED,e3b0c44298fc1c149afb,Đài 1 cọc,,,,
K30,UNCLASSIFIED,e3b0c44298fc1c149afb,304.34782608695656,,,,
L30,UNCLASSIFIED,e3b0c44298fc1c149afb,0.97891953861723702,,,,
M30,UNCLASSIFIED,e3b0c44298fc1c149afb,NOT OK,,,,
N30,JOIN,df342480cfd1e9f94067,6900,Point Coordinates,POINT COORDINATES | RD | VLOOKUP,"VLOOKUP(C30,'Point Coordinates'!$A:$D,2,0)*1000","VLOOKUP(RC[-11],'POINTCOORDINATES'!$A:$D,2,0)*1000"
O30,JOIN,49309262070579ea9998,460,Point Coordinates,POINT COORDINATES | RD | VLOOKUP,"VLOOKUP(C30,'Point Coordinates'!$A:$D,3,0)*1000","VLOOKUP(RC[-12],'POINTCOORDINATES'!$A:$D,3,0)*1000"
V30,UNCLASSIFIED,e3b0c44298fc1c149afb,0,,,,
W30,UNCLASSIFIED,e3b0c44298fc1c149afb,0,,,,
X30,UNCLASSIFIED,e3b0c44298fc1c149afb,0,,,,
Y30,UNCLASSIFIED,e3b0c44298fc1c149afb,1.0215344168250435,,,,
Z30,UNCLASSIFIED,e3b0c44298fc1c149afb,6.42,,,,
AA30,UNCLASSIFIED,e3b0c44298fc1c149afb,-0.02,,,,
A31,UNCLASSIFIED,e3b0c44298fc1c149afb,1,,,,
D31,UNCLASSIFIED,e3b0c44298fc1c149afb,C250,,,,
H31,UNCLASSIFIED,e3b0c44298fc1c149afb,250,,,,
I31,UNCLASSIFIED,e3b0c44298fc1c149afb,350,,,,
J31,UNCLASSIFIED,e3b0c44298fc1c149afb,Đài 1 cọc,,,,
K31,UNCLASSIFIED,e3b0c44298fc1c149afb,304.34782608695656,,,,
L31,UNCLASSIFIED,e3b0c44298fc1c149afb,0.83316301436961882,,,,
M31,UNCLASSIFIED,e3b0c44298fc1c149afb,NOT OK,,,,
N31,JOIN,df342480cfd1e9f94067,7650,Point Coordinates,POINT COORDINATES | RD | VLOOKUP,"VLOOKUP(C31,'Point Coordinates'!$A:$D,2,0)*1000","VLOOKUP(RC[-11],'POINTCOORDINATES'!$A:$D,2,0)*1000"
O31,JOIN,49309262070579ea9998,460,Point Coordinates,POINT COORDINATES | RD | VLOOKUP,"VLOOKUP(C31,'Point Coordinates'!$A:$D,3,0)*1000","VLOOKUP(RC[-12],'POINTCOORDINATES'!$A:$D,3,0)*1000"
V31,UNCLASSIFIED,e3b0c44298fc1c149afb,0,,,,
W31,UNCLASSIFIED,e3b0c44298fc1c149afb,0,,,,
X31,UNCLASSIFIED,e3b0c44298fc1c149afb,0,,,,
Y31,UNCLASSIFIED,e3b0c44298fc1c149afb,1.2002453094447694,,,,
Z31,UNCLASSIFIED,e3b0c44298fc1c149afb,7.17,,,,
AA31,UNCLASSIFIED,e3b0c44298fc1c149afb,-0.02,,,,
A32,UNCLASSIFIED,e3b0c44298fc1c149afb,1,,,,
D32,UNCLASSIFIED,e3b0c44298fc1c149afb,C250,,,,
H32,UNCLASSIFIED,e3b0c44298fc1c149afb,250,,,,
I32,UNCLASSIFIED,e3b0c44298fc1c149afb,350,,,,
J32,UNCLASSIFIED,e3b0c44298fc1c149afb,Đài 1 cọc,,,,
K32,UNCLASSIFIED,e3b0c44298fc1c149afb,304.34782608695656,,,,
L32,UNCLASSIFIED,e3b0c44298fc1c149afb,1.0475918297598255,,,,
M32,UNCLASSIFIED,e3b0c44298fc1c149afb,OK,,,,
N32,JOIN,df342480cfd1e9f94067,7650,Point Coordinates,POINT COORDINATES | RD | VLOOKUP,"VLOOKUP(C32,'Point Coordinates'!$A:$D,2,0)*1000","VLOOKUP(RC[-11],'POINTCOORDINATES'!$A:$D,2,0)*1000"
O32,JOIN,49309262070579ea9998,1100,Point Coordinates,POINT COORDINATES | RD | VLOOKUP,"VLOOKUP(C32,'Point Coordinates'!$A:$D,3,0)*1000","VLOOKUP(RC[-12],'POINTCOORDINATES'!$A:$D,3,0)*1000"
V32,UNCLASSIFIED,e3b0c44298fc1c149afb,0,,,,
W32,UNCLASSIFIED,e3b0c44298fc1c149afb,0,,,,
X32,UNCLASSIFIED,e3b0c44298fc1c149afb,0.95457025493341574,,,,
Y32,UNCLASSIFIED,e3b0c44298fc1c149afb,0,,,,
Z32,UNCLASSIFIED,e3b0c44298fc1c149afb,7.17,,,,
AA32,UNCLASSIFIED,e3b0c44298fc1c149afb,0.62,,,,
A33,UNCLASSIFIED,e3b0c44298fc1c149afb,1,,,,
D33,UNCLASSIFIED,e3b0c44298fc1c149afb,C250,,,,
H33,UNCLASSIFIED,e3b0c44298fc1c149afb,250,,,,
I33,UNCLASSIFIED,e3b0c44298fc1c149afb,350,,,,
J33,UNCLASSIFIED,e3b0c44298fc1c149afb,Đài 1 cọc,,,,
K33,UNCLASSIFIED,e3b0c44298fc1c149afb,304.34782608695656,,,,
L33,UNCLASSIFIED,e3b0c44298fc1c149afb,1.0643408983478511,,,,
M33,UNCLASSIFIED,e3b0c44298fc1c149afb,OK,,,,
N33,JOIN,df342480cfd1e9f94067,4820,Point Coordinates,POINT COORDINATES | RD | VLOOKUP,"VLOOKUP(C33,'Point Coordinates'!$A:$D,2,0)*1000","VLOOKUP(RC[-11],'POINTCOORDINATES'!$A:$D,2,0)*1000"
O33,JOIN,49309262070579ea9998,490,Point Coordinates,POINT COORDINATES | RD | VLOOKUP,"VLOOKUP(C33,'Point Coordinates'!$A:$D,3,0)*1000","VLOOKUP(RC[-12],'POINTCOORDINATES'!$A:$D,3,0)*1000"
V33,UNCLASSIFIED,e3b0c44298fc1c149afb,0,,,,
W33,UNCLASSIFIED,e3b0c44298fc1c149afb,0,,,,
X33,UNCLASSIFIED,e3b0c44298fc1c149afb,0.93954859909289801,,,,
Y33,UNCLASSIFIED,e3b0c44298fc1c149afb,0,,,,
Z33,UNCLASSIFIED,e3b0c44298fc1c149afb,4.34,,,,
AA33,UNCLASSIFIED,e3b0c44298fc1c149afb,0.01,,,,
A34,UNCLASSIFIED,e3b0c44298fc1c149afb,1,,,,
D34,UNCLASSIFIED,e3b0c44298fc1c149afb,C250,,,,
H34,UNCLASSIFIED,e3b0c44298fc1c149afb,250,,,,
I34,UNCLASSIFIED,e3b0c44298fc1c149afb,350,,,,
J34,UNCLASSIFIED,e3b0c44298fc1c149afb,Đài 1 cọc,,,,
K34,UNCLASSIFIED,e3b0c44298fc1c149afb,304.34782608695656,,,,
L34,UNCLASSIFIED,e3b0c44298fc1c149afb,1.0649693699720089,,,,
M34,UNCLASSIFIED,e3b0c44298fc1c149afb,OK,,,,
N34,JOIN,df342480cfd1e9f94067,4070.0000000000005,Point Coordinates,POINT COORDINATES | RD | VLOOKUP,"VLOOKUP(C34,'Point Coordinates'!$A:$D,2,0)*1000","VLOOKUP(RC[-11],'POINTCOORDINATES'!$A:$D,2,0)*1000"
O34,JOIN,49309262070579ea9998,490,Point Coordinates,POINT COORDINATES | RD | VLOOKUP,"VLOOKUP(C34,'Point Coordinates'!$A:$D,3,0)*1000","VLOOKUP(RC[-12],'POINTCOORDINATES'!$A:$D,3,0)*1000"
V34,UNCLASSIFIED,e3b0c44298fc1c149afb,0,,,,
W34,UNCLASSIFIED,e3b0c44298fc1c149afb,0,,,,
X34,UNCLASSIFIED,e3b0c44298fc1c149afb,0.93899414217545385,,,,
Y34,UNCLASSIFIED,e3b0c44298fc1c149afb,0,,,,
Z34,UNCLASSIFIED,e3b0c44298fc1c149afb,3.5900000000000003,,,,
AA34,UNCLASSIFIED,e3b0c44298fc1c149afb,0.01,,,,
A35,UNCLASSIFIED,e3b0c44298fc1c149afb,1,,,,
D35,UNCLASSIFIED,e3b0c44298fc1c149afb,C250,,,,
H35,UNCLASSIFIED,e3b0c44298fc1c149afb,250,,,,
I35,UNCLASSIFIED,e3b0c44298fc1c149afb,350,,,,
J35,UNCLASSIFIED,e3b0c44298fc1c149afb,Đài 1 cọc,,,,
K35,UNCLASSIFIED,e3b0c44298fc1c149afb,304.34782608695656,,,,
L35,UNCLASSIFIED,e3b0c44298fc1c149afb,1.0775115441803691,,,,
M35,UNCLASSIFIED,e3b0c44298fc1c149afb,OK,,,,
N35,JOIN,df342480cfd1e9f94067,3320,Point Coordinates,POINT COORDINATES | RD | VLOOKUP,"VLOOKUP(C35,'Point Coordinates'!$A:$D,2,0)*1000","VLOOKUP(RC[-11],'POINTCOORDINATES'!$A:$D,2,0)*1000"
O35,JOIN,49309262070579ea9998,490,Point Coordinates,POINT COORDINATES | RD | VLOOKUP,"VLOOKUP(C35,'Point Coordinates'!$A:$D,3,0)*1000","VLOOKUP(RC[-12],'POINTCOORDINATES'!$A:$D,3,0)*1000"
V35,UNCLASSIFIED,e3b0c44298fc1c149afb,0,,,,
W35,UNCLASSIFIED,e3b0c44298fc1c149afb,0,,,,
X35,UNCLASSIFIED,e3b0c44298fc1c149afb,0.92806430279192065,,,,
Y35,UNCLASSIFIED,e3b0c44298fc1c149afb,0,,,,
Z35,UNCLASSIFIED,e3b0c44298fc1c149afb,2.84,,,,
AA35,UNCLASSIFIED,e3b0c44298fc1c149afb,0.01,,,,
A36,UNCLASSIFIED,e3b0c44298fc1c149afb,1,,,,
D36,UNCLASSIFIED,e3b0c44298fc1c149afb,C250,,,,
H36,UNCLASSIFIED,e3b0c44298fc1c149afb,250,,,,
I36,UNCLASSIFIED,e3b0c44298fc1c149afb,350,,,,
J36,UNCLASSIFIED,e3b0c44298fc1c149afb,Đài 1 cọc,,,,
K36,UNCLASSIFIED,e3b0c44298fc1c149afb,304.34782608695656,,,,
L36,UNCLASSIFIED,e3b0c44298fc1c149afb,1.0710487877320189,,,,
M36,UNCLASSIFIED,e3b0c44298fc1c149afb,OK,,,,
N36,JOIN,df342480cfd1e9f94067,1980,Point Coordinates,POINT COORDINATES | RD | VLOOKUP,"VLOOKUP(C36,'Point Coordinates'!$A:$D,2,0)*1000","VLOOKUP(RC[-11],'POINTCOORDINATES'!$A:$D,2,0)*1000"
O36,JOIN,49309262070579ea9998,460,Point Coordinates,POINT COORDINATES | RD | VLOOKUP,"VLOOKUP(C36,'Point Coordinates'!$A:$D,3,0)*1000","VLOOKUP(RC[-12],'POINTCOORDINATES'!$A:$D,3,0)*1000"
V36,UNCLASSIFIED,e3b0c44298fc1c149afb,0,,,,
W36,UNCLASSIFIED,e3b0c44298fc1c149afb,0,,,,
X36,UNCLASSIFIED,e3b0c44298fc1c149afb,0.933664284441732,,,,
Y36,UNCLASSIFIED,e3b0c44298fc1c149afb,0,,,,
Z36,UNCLASSIFIED,e3b0c44298fc1c149afb,1.5,,,,
AA36,UNCLASSIFIED,e3b0c44298fc1c149afb,-0.02,,,,
A37,UNCLASSIFIED,e3b0c44298fc1c149afb,1,,,,
D37,UNCLASSIFIED,e3b0c44298fc1c149afb,C250,,,,
H37,UNCLASSIFIED,e3b0c44298fc1c149afb,250,,,,
I37,UNCLASSIFIED,e3b0c44298fc1c149afb,350,,,,
J37,UNCLASSIFIED,e3b0c44298fc1c149afb,Đài 1 cọc,,,,
K37,UNCLASSIFIED,e3b0c44298fc1c149afb,304.34782608695656,,,,
L37,UNCLASSIFIED,e3b0c44298fc1c149afb,1.1032853247796355,,,,
M37,UNCLASSIFIED,e3b0c44298fc1c149afb,OK,,,,
N37,JOIN,df342480cfd1e9f94067,1230,Point Coordinates,POINT COORDINATES | RD | VLOOKUP,"VLOOKUP(C37,'Point Coordinates'!$A:$D,2,0)*1000","VLOOKUP(RC[-11],'POINTCOORDINATES'!$A:$D,2,0)*1000"
O37,JOIN,49309262070579ea9998,460,Point Coordinates,POINT COORDINATES | RD | VLOOKUP,"VLOOKUP(C37,'Point Coordinates'!$A:$D,3,0)*1000","VLOOKUP(RC[-12],'POINTCOORDINATES'!$A:$D,3,0)*1000"
V37,UNCLASSIFIED,e3b0c44298fc1c149afb,0,,,,
W37,UNCLASSIFIED,e3b0c44298fc1c149afb,0,,,,
X37,UNCLASSIFIED,e3b0c44298fc1c149afb,0.90638384970790298,,,,
Y37,UNCLASSIFIED,e3b0c44298fc1c149afb,0,,,,
Z37,UTILIZATION,28ac2bdd4846fc6e2a7f,0.75,,,"IF(N37<>"""",(N37-$N$17)/1000,1/0)","IF(RC[-12]<>"""",(RC[-12]-R17C14)/1000,1/0)"
AA37,UNCLASSIFIED,e3b0c44298fc1c149afb,-0.02,,,,
A38,UNCLASSIFIED,e3b0c44298fc1c149afb,1,,,,
D38,UNCLASSIFIED,e3b0c44298fc1c149afb,C250,,,,
H38,UNCLASSIFIED,e3b0c44298fc1c149afb,250,,,,
I38,UNCLASSIFIED,e3b0c44298fc1c149afb,350,,,,
J38,UNCLASSIFIED,e3b0c44298fc1c149afb,Đài 1 cọc,,,,
K38,UNCLASSIFIED,e3b0c44298fc1c149afb,304.34782608695656,,,,
L38,UNCLASSIFIED,e3b0c44298fc1c149afb,1.1122381201037872,,,,
M38,UNCLASSIFIED,e3b0c44298fc1c149afb,OK,,,,
N38,JOIN,df342480cfd1e9f94067,480,Point Coordinates,POINT COORDINATES | RD | VLOOKUP,"VLOOKUP(C38,'Point Coordinates'!$A:$D,2,0)*1000","VLOOKUP(RC[-11],'POINTCOORDINATES'!$A:$D,2,0)*1000"
O38,JOIN,49309262070579ea9998,460,Point Coordinates,POINT COORDINATES | RD | VLOOKUP,"VLOOKUP(C38,'Point Coordinates'!$A:$D,3,0)*1000","VLOOKUP(RC[-12],'POINTCOORDINATES'!$A:$D,3,0)*1000"
V38,UNCLASSIFIED,e3b0c44298fc1c149afb,0,,,,
W38,UNCLASSIFIED,e3b0c44298fc1c149afb,0,,,,
X38,UNCLASSIFIED,e3b0c44298fc1c149afb,0.89908804771651429,,,,
Y38,UNCLASSIFIED,e3b0c44298fc1c149afb,0,,,,
Z38,UNCLASSIFIED,e3b0c44298fc1c149afb,0,,,,
AA38,UNCLASSIFIED,e3b0c44298fc1c149afb,-0.02,,,,
V39,UNCLASSIFIED,e3b0c44298fc1c149afb,,,,,
W39,UNCLASSIFIED,e3b0c44298fc1c149afb,,,,,
X39,UNCLASSIFIED,e3b0c44298fc1c149afb,,,,,
Y39,UNCLASSIFIED,e3b0c44298fc1c149afb,,,,,
Z39,UNCLASSIFIED,e3b0c44298fc1c149afb,#DIV/0!,,,,
AA39,UNCLASSIFIED,e3b0c44298fc1c149afb,#DIV/0!,,,,
V40,UNCLASSIFIED,e3b0c44298fc1c149afb,,,,,
W40,UNCLASSIFIED,e3b0c44298fc1c149afb,,,,,
X40,UNCLASSIFIED,e3b0c44298fc1c149afb,,,,,
Y40,UNCLASSIFIED,e3b0c44298fc1c149afb,,,,,
Z40,UNCLASSIFIED,e3b0c44298fc1c149afb,#DIV/0!,,,,
AA40,UNCLASSIFIED,e3b0c44298fc1c149afb,#DIV/0!,,,,
V41,UNCLASSIFIED,e3b0c44298fc1c149afb,,,,,
W41,UNCLASSIFIED,e3b0c44298fc1c149afb,,,,,
X41,UNCLASSIFIED,e3b0c44298fc1c149afb,,,,,
Y41,UNCLASSIFIED,e3b0c44298fc1c149afb,,,,,
Z41,UNCLASSIFIED,e3b0c44298fc1c149afb,#DIV/0!,,,,
AA41,UNCLASSIFIED,e3b0c44298fc1c149afb,#DIV/0!,,,,
V42,UNCLASSIFIED,e3b0c44298fc1c149afb,,,,,
W42,UNCLASSIFIED,e3b0c44298fc1c149afb,,,,,
X42,UNCLASSIFIED,e3b0c44298fc1c149afb,,,,,
Y42,UNCLASSIFIED,e3b0c44298fc1c149afb,,,,,
Z42,UNCLASSIFIED,e3b0c44298fc1c149afb,#DIV/0!,,,,
AA42,UNCLASSIFIED,e3b0c44298fc1c149afb,#DIV/0!,,,,
V43,UNCLASSIFIED,e3b0c44298fc1c149afb,,,,,
W43,UNCLASSIFIED,e3b0c44298fc1c149afb,,,,,
X43,UNCLASSIFIED,e3b0c44298fc1c149afb,,,,,
Y43,UNCLASSIFIED,e3b0c44298fc1c149afb,,,,,
Z43,UNCLASSIFIED,e3b0c44298fc1c149afb,#DIV/0!,,,,
AA43,UNCLASSIFIED,e3b0c44298fc1c149afb,#DIV/0!,,,,
V44,UNCLASSIFIED,e3b0c44298fc1c149afb,,,,,
W44,UNCLASSIFIED,e3b0c44298fc1c149afb,,,,,
X44,UNCLASSIFIED,e3b0c44298fc1c149afb,,,,,
Y44,UNCLASSIFIED,e3b0c44298fc1c149afb,,,,,
Z44,UNCLASSIFIED,e3b0c44298fc1c149afb,#DIV/0!,,,,
AA44,UNCLASSIFIED,e3b0c44298fc1c149afb,#DIV/0!,,,,
V45,UNCLASSIFIED,e3b0c44298fc1c149afb,,,,,
W45,UNCLASSIFIED,e3b0c44298fc1c149afb,,,,,
X45,UNCLASSIFIED,e3b0c44298fc1c149afb,,,,,
Y45,UNCLASSIFIED,e3b0c44298fc1c149afb,,,,,
Z45,UNCLASSIFIED,e3b0c44298fc1c149afb,#DIV/0!,,,,
AA45,UNCLASSIFIED,e3b0c44298fc1c149afb,#DIV/0!,,,,
V46,UNCLASSIFIED,e3b0c44298fc1c149afb,,,,,
W46,UNCLASSIFIED,e3b0c44298fc1c149afb,,,,,
X46,UNCLASSIFIED,e3b0c44298fc1c149afb,,,,,
Y46,UNCLASSIFIED,e3b0c44298fc1c149afb,,,,,
Z46,UNCLASSIFIED,e3b0c44298fc1c149afb,#DIV/0!,,,,
AA46,UNCLASSIFIED,e3b0c44298fc1c149afb,#DIV/0!,,,,
V47,UNCLASSIFIED,e3b0c44298fc1c149afb,,,,,
W47,UNCLASSIFIED,e3b0c44298fc1c149afb,,,,,
X47,UNCLASSIFIED,e3b0c44298fc1c149afb,,,,,
Y47,UNCLASSIFIED,e3b0c44298fc1c149afb,,,,,
Z47,UNCLASSIFIED,e3b0c44298fc1c149afb,#DIV/0!,,,,
AA47,UNCLASSIFIED,e3b0c44298fc1c149afb,#DIV/0!,,,,
V48,UNCLASSIFIED,e3b0c44298fc1c149afb,,,,,
W48,UNCLASSIFIED,e3b0c44298fc1c149afb,,,,,
X48,UNCLASSIFIED,e3b0c44298fc1c149afb,,,,,
Y48,UNCLASSIFIED,e3b0c44298fc1c149afb,,,,,
Z48,UNCLASSIFIED,e3b0c44298fc1c149afb,#DIV/0!,,,,
AA48,UNCLASSIFIED,e3b0c44298fc1c149afb,#DIV/0!,,,,
V49,UNCLASSIFIED,e3b0c44298fc1c149afb,,,,,
W49,UNCLASSIFIED,e3b0c44298fc1c149afb,,,,,
X49,UNCLASSIFIED,e3b0c44298fc1c149afb,,,,,
Y49,UNCLASSIFIED,e3b0c44298fc1c149afb,,,,,
Z49,UNCLASSIFIED,e3b0c44298fc1c149afb,#DIV/0!,,,,
AA49,UNCLASSIFIED,e3b0c44298fc1c149afb,#DIV/0!,,,,
V50,UNCLASSIFIED,e3b0c44298fc1c149afb,,,,,
W50,UNCLASSIFIED,e3b0c44298fc1c149afb,,,,,
X50,UNCLASSIFIED,e3b0c44298fc1c149afb,,,,,
Y50,UNCLASSIFIED,e3b0c44298fc1c149afb,,,,,
Z50,UNCLASSIFIED,e3b0c44298fc1c149afb,#DIV/0!,,,,
AA50,UNCLASSIFIED,e3b0c44298fc1c149afb,#DIV/0!,,,,
V51,UNCLASSIFIED,e3b0c44298fc1c149afb,,,,,
W51,UNCLASSIFIED,e3b0c44298fc1c149afb,,,,,
X51,UNCLASSIFIED,e3b0c44298fc1c149afb,,,,,
Y51,UNCLASSIFIED,e3b0c44298fc1c149afb,,,,,
Z51,UNCLASSIFIED,e3b0c44298fc1c149afb,#DIV/0!,,,,
AA51,UNCLASSIFIED,e3b0c44298fc1c149afb,#DIV/0!,,,,
V52,UNCLASSIFIED,e3b0c44298fc1c149afb,,,,,
W52,UNCLASSIFIED,e3b0c44298fc1c149afb,,,,,
X52,UNCLASSIFIED,e3b0c44298fc1c149afb,,,,,
Y52,UNCLASSIFIED,e3b0c44298fc1c149afb,,,,,
Z52,UNCLASSIFIED,e3b0c44298fc1c149afb,#DIV/0!,,,,
AA52,UNCLASSIFIED,e3b0c44298fc1c149afb,#DIV/0!,,,,
V53,UNCLASSIFIED,e3b0c44298fc1c149afb,,,,,
W53,UNCLASSIFIED,e3b0c44298fc1c149afb,,,,,
X53,UNCLASSIFIED,e3b0c44298fc1c149afb,,,,,
Y53,UNCLASSIFIED,e3b0c44298fc1c149afb,,,,,
Z53,UNCLASSIFIED,e3b0c44298fc1c149afb,#DIV/0!,,,,
AA53,UNCLASSIFIED,e3b0c44298fc1c149afb,#DIV/0!,,,,
V54,UNCLASSIFIED,e3b0c44298fc1c149afb,,,,,
W54,UNCLASSIFIED,e3b0c44298fc1c149afb,,,,,
X54,UNCLASSIFIED,e3b0c44298fc1c149afb,,,,,
Y54,UNCLASSIFIED,e3b0c44298fc1c149afb,,,,,
Z54,UNCLASSIFIED,e3b0c44298fc1c149afb,#DIV/0!,,,,
AA54,UNCLASSIFIED,e3b0c44298fc1c149afb,#DIV/0!,,,,
V55,UNCLASSIFIED,e3b0c44298fc1c149afb,,,,,
W55,UNCLASSIFIED,e3b0c44298fc1c149afb,,,,,
X55,UNCLASSIFIED,e3b0c44298fc1c149afb,,,,,
Y55,UNCLASSIFIED,e3b0c44298fc1c149afb,,,,,
Z55,UNCLASSIFIED,e3b0c44298fc1c149afb,#DIV/0!,,,,
AA55,UNCLASSIFIED,e3b0c44298fc1c149afb,#DIV/0!,,,,
V56,UNCLASSIFIED,e3b0c44298fc1c149afb,,,,,
W56,UNCLASSIFIED,e3b0c44298fc1c149afb,,,,,
X56,UNCLASSIFIED,e3b0c44298fc1c149afb,,,,,
Y56,UNCLASSIFIED,e3b0c44298fc1c149afb,,,,,
Z56,UNCLASSIFIED,e3b0c44298fc1c149afb,#DIV/0!,,,,
AA56,UNCLASSIFIED,e3b0c44298fc1c149afb,#DIV/0!,,,,
V57,UNCLASSIFIED,e3b0c44298fc1c149afb,,,,,
W57,UNCLASSIFIED,e3b0c44298fc1c149afb,,,,,
X57,UNCLASSIFIED,e3b0c44298fc1c149afb,,,,,
Y57,UNCLASSIFIED,e3b0c44298fc1c149afb,,,,,
Z57,UNCLASSIFIED,e3b0c44298fc1c149afb,#DIV/0!,,,,
AA57,UNCLASSIFIED,e3b0c44298fc1c149afb,#DIV/0!,,,,
V58,UNCLASSIFIED,e3b0c44298fc1c149afb,,,,,
W58,UNCLASSIFIED,e3b0c44298fc1c149afb,,,,,
X58,UNCLASSIFIED,e3b0c44298fc1c149afb,,,,,
Y58,UNCLASSIFIED,e3b0c44298fc1c149afb,,,,,
Z58,UNCLASSIFIED,e3b0c44298fc1c149afb,#DIV/0!,,,,
AA58,UNCLASSIFIED,e3b0c44298fc1c149afb,#DIV/0!,,,,
V59,UNCLASSIFIED,e3b0c44298fc1c149afb,,,,,
W59,UNCLASSIFIED,e3b0c44298fc1c149afb,,,,,
X59,UNCLASSIFIED,e3b0c44298fc1c149afb,,,,,
Y59,UNCLASSIFIED,e3b0c44298fc1c149afb,,,,,
Z59,UNCLASSIFIED,e3b0c44298fc1c149afb,#DIV/0!,,,,
AA59,UNCLASSIFIED,e3b0c44298fc1c149afb,#DIV/0!,,,,
V60,UNCLASSIFIED,e3b0c44298fc1c149afb,,,,,
W60,UNCLASSIFIED,e3b0c44298fc1c149afb,,,,,
X60,UNCLASSIFIED,e3b0c44298fc1c149afb,,,,,
Y60,UNCLASSIFIED,e3b0c44298fc1c149afb,,,,,
Z60,UNCLASSIFIED,e3b0c44298fc1c149afb,#DIV/0!,,,,
AA60,UNCLASSIFIED,e3b0c44298fc1c149afb,#DIV/0!,,,,
V61,UNCLASSIFIED,e3b0c44298fc1c149afb,,,,,
W61,UNCLASSIFIED,e3b0c44298fc1c149afb,,,,,
X61,UNCLASSIFIED,e3b0c44298fc1c149afb,,,,,
Y61,UNCLASSIFIED,e3b0c44298fc1c149afb,,,,,
Z61,UNCLASSIFIED,e3b0c44298fc1c149afb,#DIV/0!,,,,
AA61,UNCLASSIFIED,e3b0c44298fc1c149afb,#DIV/0!,,,,
V62,UNCLASSIFIED,e3b0c44298fc1c149afb,,,,,
W62,UNCLASSIFIED,e3b0c44298fc1c149afb,,,,,
X62,UNCLASSIFIED,e3b0c44298fc1c149afb,,,,,
Y62,UNCLASSIFIED,e3b0c44298fc1c149afb,,,,,
Z62,UNCLASSIFIED,e3b0c44298fc1c149afb,#DIV/0!,,,,
AA62,UNCLASSIFIED,e3b0c44298fc1c149afb,#DIV/0!,,,,
V63,UNCLASSIFIED,e3b0c44298fc1c149afb,,,,,
W63,UNCLASSIFIED,e3b0c44298fc1c149afb,,,,,
X63,UNCLASSIFIED,e3b0c44298fc1c149afb,,,,,
Y63,UNCLASSIFIED,e3b0c44298fc1c149afb,,,,,
Z63,UNCLASSIFIED,e3b0c44298fc1c149afb,#DIV/0!,,,,
AA63,UNCLASSIFIED,e3b0c44298fc1c149afb,#DIV/0!,,,,
V64,UNCLASSIFIED,e3b0c44298fc1c149afb,,,,,
W64,UNCLASSIFIED,e3b0c44298fc1c149afb,,,,,
X64,UNCLASSIFIED,e3b0c44298fc1c149afb,,,,,
Y64,UNCLASSIFIED,e3b0c44298fc1c149afb,,,,,
Z64,UNCLASSIFIED,e3b0c44298fc1c149afb,#DIV/0!,,,,
AA64,UNCLASSIFIED,e3b0c44298fc1c149afb,#DIV/0!,,,,
V65,UNCLASSIFIED,e3b0c44298fc1c149afb,,,,,
W65,UNCLASSIFIED,e3b0c44298fc1c149afb,,,,,
X65,UNCLASSIFIED,e3b0c44298fc1c149afb,,,,,
Y65,UNCLASSIFIED,e3b0c44298fc1c149afb,,,,,
Z65,UNCLASSIFIED,e3b0c44298fc1c149afb,#DIV/0!,,,,
AA65,UNCLASSIFIED,e3b0c44298fc1c149afb,#DIV/0!,,,,
V66,UNCLASSIFIED,e3b0c44298fc1c149afb,,,,,
W66,UNCLASSIFIED,e3b0c44298fc1c149afb,,,,,
X66,UNCLASSIFIED,e3b0c44298fc1c149afb,,,,,
Y66,UNCLASSIFIED,e3b0c44298fc1c149afb,,,,,
Z66,UNCLASSIFIED,e3b0c44298fc1c149afb,#DIV/0!,,,,
AA66,UNCLASSIFIED,e3b0c44298fc1c149afb,#DIV/0!,,,,
V67,UNCLASSIFIED,e3b0c44298fc1c149afb,,,,,
W67,UNCLASSIFIED,e3b0c44298fc1c149afb,,,,,
X67,UNCLASSIFIED,e3b0c44298fc1c149afb,,,,,
Y67,UNCLASSIFIED,e3b0c44298fc1c149afb,,,,,
Z67,UNCLASSIFIED,e3b0c44298fc1c149afb,#DIV/0!,,,,
AA67,UNCLASSIFIED,e3b0c44298fc1c149afb,#DIV/0!,,,,
V68,UNCLASSIFIED,e3b0c44298fc1c149afb,,,,,
W68,UNCLASSIFIED,e3b0c44298fc1c149afb,,,,,
X68,UNCLASSIFIED,e3b0c44298fc1c149afb,,,,,
Y68,UNCLASSIFIED,e3b0c44298fc1c149afb,,,,,
Z68,UNCLASSIFIED,e3b0c44298fc1c149afb,#DIV/0!,,,,
AA68,UNCLASSIFIED,e3b0c44298fc1c149afb,#DIV/0!,,,,
V69,UNCLASSIFIED,e3b0c44298fc1c149afb,,,,,
W69,UNCLASSIFIED,e3b0c44298fc1c149afb,,,,,
X69,UNCLASSIFIED,e3b0c44298fc1c149afb,,,,,
Y69,UNCLASSIFIED,e3b0c44298fc1c149afb,,,,,
Z69,UNCLASSIFIED,e3b0c44298fc1c149afb,#DIV/0!,,,,
AA69,UNCLASSIFIED,e3b0c44298fc1c149afb,#DIV/0!,,,,
V70,UNCLASSIFIED,e3b0c44298fc1c149afb,,,,,
W70,UNCLASSIFIED,e3b0c44298fc1c149afb,,,,,
X70,UNCLASSIFIED,e3b0c44298fc1c149afb,,,,,
Y70,UNCLASSIFIED,e3b0c44298fc1c149afb,,,,,
Z70,UNCLASSIFIED,e3b0c44298fc1c149afb,#DIV/0!,,,,
AA70,UNCLASSIFIED,e3b0c44298fc1c149afb,#DIV/0!,,,,
V71,UNCLASSIFIED,e3b0c44298fc1c149afb,,,,,
W71,UNCLASSIFIED,e3b0c44298fc1c149afb,,,,,
X71,UNCLASSIFIED,e3b0c44298fc1c149afb,,,,,
Y71,UNCLASSIFIED,e3b0c44298fc1c149afb,,,,,
Z71,UNCLASSIFIED,e3b0c44298fc1c149afb,#DIV/0!,,,,
AA71,UNCLASSIFIED,e3b0c44298fc1c149afb,#DIV/0!,,,,
V72,UNCLASSIFIED,e3b0c44298fc1c149afb,,,,,
W72,UNCLASSIFIED,e3b0c44298fc1c149afb,,,,,
X72,UNCLASSIFIED,e3b0c44298fc1c149afb,,,,,
Y72,UNCLASSIFIED,e3b0c44298fc1c149afb,,,,,
Z72,UNCLASSIFIED,e3b0c44298fc1c149afb,#DIV/0!,,,,
AA72,UNCLASSIFIED,e3b0c44298fc1c149afb,#DIV/0!,,,,
V73,UNCLASSIFIED,e3b0c44298fc1c149afb,,,,,
W73,UNCLASSIFIED,e3b0c44298fc1c149afb,,,,,
X73,UNCLASSIFIED,e3b0c44298fc1c149afb,,,,,
Y73,UNCLASSIFIED,e3b0c44298fc1c149afb,,,,,
Z73,UNCLASSIFIED,e3b0c44298fc1c149afb,#DIV/0!,,,,
AA73,UNCLASSIFIED,e3b0c44298fc1c149afb,#DIV/0!,,,,
V74,UNCLASSIFIED,e3b0c44298fc1c149afb,,,,,
W74,UNCLASSIFIED,e3b0c44298fc1c149afb,,,,,
X74,UNCLASSIFIED,e3b0c44298fc1c149afb,,,,,
Y74,UNCLASSIFIED,e3b0c44298fc1c149afb,,,,,
Z74,UNCLASSIFIED,e3b0c44298fc1c149afb,#DIV/0!,,,,
AA74,UNCLASSIFIED,e3b0c44298fc1c149afb,#DIV/0!,,,,
V75,UNCLASSIFIED,e3b0c44298fc1c149afb,,,,,
W75,UNCLASSIFIED,e3b0c44298fc1c149afb,,,,,
X75,UNCLASSIFIED,e3b0c44298fc1c149afb,,,,,
Y75,UNCLASSIFIED,e3b0c44298fc1c149afb,,,,,
Z75,UNCLASSIFIED,e3b0c44298fc1c149afb,#DIV/0!,,,,
AA75,UNCLASSIFIED,e3b0c44298fc1c149afb,#DIV/0!,,,,
V76,UNCLASSIFIED,e3b0c44298fc1c149afb,,,,,
W76,UNCLASSIFIED,e3b0c44298fc1c149afb,,,,,
X76,UNCLASSIFIED,e3b0c44298fc1c149afb,,,,,
Y76,UNCLASSIFIED,e3b0c44298fc1c149afb,,,,,
Z76,UNCLASSIFIED,e3b0c44298fc1c149afb,#DIV/0!,,,,
AA76,UNCLASSIFIED,e3b0c44298fc1c149afb,#DIV/0!,,,,
V77,UNCLASSIFIED,e3b0c44298fc1c149afb,,,,,
W77,UNCLASSIFIED,e3b0c44298fc1c149afb,,,,,
X77,UNCLASSIFIED,e3b0c44298fc1c149afb,,,,,
Y77,UNCLASSIFIED,e3b0c44298fc1c149afb,,,,,
Z77,UNCLASSIFIED,e3b0c44298fc1c149afb,#DIV/0!,,,,
AA77,UNCLASSIFIED,e3b0c44298fc1c149afb,#DIV/0!,,,,
V78,UNCLASSIFIED,e3b0c44298fc1c149afb,,,,,
W78,UNCLASSIFIED,e3b0c44298fc1c149afb,,,,,
X78,UNCLASSIFIED,e3b0c44298fc1c149afb,,,,,
Y78,UNCLASSIFIED,e3b0c44298fc1c149afb,,,,,
Z78,UNCLASSIFIED,e3b0c44298fc1c149afb,#DIV/0!,,,,
AA78,UNCLASSIFIED,e3b0c44298fc1c149afb,#DIV/0!,,,,
V79,UNCLASSIFIED,e3b0c44298fc1c149afb,,,,,
W79,UNCLASSIFIED,e3b0c44298fc1c149afb,,,,,
X79,UNCLASSIFIED,e3b0c44298fc1c149afb,,,,,
Y79,UNCLASSIFIED,e3b0c44298fc1c149afb,,,,,
Z79,UNCLASSIFIED,e3b0c44298fc1c149afb,#DIV/0!,,,,
AA79,UNCLASSIFIED,e3b0c44298fc1c149afb,#DIV/0!,,,,
V80,UNCLASSIFIED,e3b0c44298fc1c149afb,,,,,
W80,UNCLASSIFIED,e3b0c44298fc1c149afb,,,,,
X80,UNCLASSIFIED,e3b0c44298fc1c149afb,,,,,
Y80,UNCLASSIFIED,e3b0c44298fc1c149afb,,,,,
Z80,UNCLASSIFIED,e3b0c44298fc1c149afb,#DIV/0!,,,,
AA80,UNCLASSIFIED,e3b0c44298fc1c149afb,#DIV/0!,,,,
V81,UNCLASSIFIED,e3b0c44298fc1c149afb,,,,,
W81,UNCLASSIFIED,e3b0c44298fc1c149afb,,,,,
X81,UNCLASSIFIED,e3b0c44298fc1c149afb,,,,,
Y81,UNCLASSIFIED,e3b0c44298fc1c149afb,,,,,
Z81,UNCLASSIFIED,e3b0c44298fc1c149afb,#DIV/0!,,,,
AA81,UNCLASSIFIED,e3b0c44298fc1c149afb,#DIV/0!,,,,
V82,UNCLASSIFIED,e3b0c44298fc1c149afb,,,,,
W82,UNCLASSIFIED,e3b0c44298fc1c149afb,,,,,
X82,UNCLASSIFIED,e3b0c44298fc1c149afb,,,,,
Y82,UNCLASSIFIED,e3b0c44298fc1c149afb,,,,,
Z82,UNCLASSIFIED,e3b0c44298fc1c149afb,#DIV/0!,,,,
AA82,UNCLASSIFIED,e3b0c44298fc1c149afb,#DIV/0!,,,,
V83,UNCLASSIFIED,e3b0c44298fc1c149afb,,,,,
W83,UNCLASSIFIED,e3b0c44298fc1c149afb,,,,,
X83,UNCLASSIFIED,e3b0c44298fc1c149afb,,,,,
Y83,UNCLASSIFIED,e3b0c44298fc1c149afb,,,,,
Z83,UNCLASSIFIED,e3b0c44298fc1c149afb,#DIV/0!,,,,
AA83,UNCLASSIFIED,e3b0c44298fc1c149afb,#DIV/0!,,,,
V84,UNCLASSIFIED,e3b0c44298fc1c149afb,,,,,
W84,UNCLASSIFIED,e3b0c44298fc1c149afb,,,,,
X84,UNCLASSIFIED,e3b0c44298fc1c149afb,,,,,
Y84,UNCLASSIFIED,e3b0c44298fc1c149afb,,,,,
Z84,UNCLASSIFIED,e3b0c44298fc1c149afb,#DIV/0!,,,,
AA84,UNCLASSIFIED,e3b0c44298fc1c149afb,#DIV/0!,,,,
V85,UTILIZATION,b070dbb90878a1f60ba9,,,,"IFERROR(IF(AND(1/L85>$V$19,1/L85<=$W$19),1/L85,0),"""")","IFERROR(IF(AND(1/RC[-10]>R19C22,1/RC[-10]<=R19C23),1/RC[-10],0),"""")"
W85,UTILIZATION,de0a5dbfc5cc172602ba,,,,"IFERROR(IF(AND(1/L85>$W$19,1/L85<=$X$19),1/L85,0),"""")","IFERROR(IF(AND(1/RC[-11]>R19C23,1/RC[-11]<=R19C24),1/RC[-11],0),"""")"
X85,UTILIZATION,102bfd8013f27758e7c0,,,,"IFERROR(IF(AND(1/L85>$X$19,1/L85<=$Y$19),1/L85,0),"""")","IFERROR(IF(AND(1/RC[-12]>R19C24,1/RC[-12]<=R19C25),1/RC[-12],0),"""")"
Y85,UTILIZATION,2d4c8f3ea18940579bdf,,,,"IFERROR(IF(1/L85>$Y$19,1/L85,0),"""")","IFERROR(IF(1/RC[-13]>R19C25,1/RC[-13],0),"""")"
Z85,UTILIZATION,28ac2bdd4846fc6e2a7f,#DIV/0!,,,"IF(N85<>"""",(N85-$N$17)/1000,1/0)","IF(RC[-12]<>"""",(RC[-12]-R17C14)/1000,1/0)"
AA85,UTILIZATION,1aafe524f4bc30e7637c,#DIV/0!,,,"IF(O85<>"""",(O85-$O$17)/1000,1/0)","IF(RC[-12]<>"""",(RC[-12]-R17C15)/1000,1/0)"
V86,UNCLASSIFIED,e3b0c44298fc1c149afb,,,,,
W86,UNCLASSIFIED,e3b0c44298fc1c149afb,,,,,
X86,UNCLASSIFIED,e3b0c44298fc1c149afb,,,,,
Y86,UNCLASSIFIED,e3b0c44298fc1c149afb,,,,,
Z86,UNCLASSIFIED,e3b0c44298fc1c149afb,#DIV/0!,,,,
AA86,UNCLASSIFIED,e3b0c44298fc1c149afb,#DIV/0!,,,,
V87,UNCLASSIFIED,e3b0c44298fc1c149afb,,,,,
W87,UNCLASSIFIED,e3b0c44298fc1c149afb,,,,,
X87,UNCLASSIFIED,e3b0c44298fc1c149afb,,,,,
Y87,UNCLASSIFIED,e3b0c44298fc1c149afb,,,,,
Z87,UNCLASSIFIED,e3b0c44298fc1c149afb,#DIV/0!,,,,
AA87,UNCLASSIFIED,e3b0c44298fc1c149afb,#DIV/0!,,,,
V88,UNCLASSIFIED,e3b0c44298fc1c149afb,,,,,
W88,UNCLASSIFIED,e3b0c44298fc1c149afb,,,,,
X88,UNCLASSIFIED,e3b0c44298fc1c149afb,,,,,
Y88,UNCLASSIFIED,e3b0c44298fc1c149afb,,,,,
Z88,UNCLASSIFIED,e3b0c44298fc1c149afb,#DIV/0!,,,,
AA88,UNCLASSIFIED,e3b0c44298fc1c149afb,#DIV/0!,,,,
V89,UNCLASSIFIED,e3b0c44298fc1c149afb,,,,,
W89,UNCLASSIFIED,e3b0c44298fc1c149afb,,,,,
X89,UNCLASSIFIED,e3b0c44298fc1c149afb,,,,,
Y89,UNCLASSIFIED,e3b0c44298fc1c149afb,,,,,
Z89,UNCLASSIFIED,e3b0c44298fc1c149afb,#DIV/0!,,,,
AA89,UNCLASSIFIED,e3b0c44298fc1c149afb,#DIV/0!,,,,
V90,UNCLASSIFIED,e3b0c44298fc1c149afb,,,,,
W90,UNCLASSIFIED,e3b0c44298fc1c149afb,,,,,
X90,UNCLASSIFIED,e3b0c44298fc1c149afb,,,,,
Y90,UNCLASSIFIED,e3b0c44298fc1c149afb,,,,,
Z90,UNCLASSIFIED,e3b0c44298fc1c149afb,#DIV/0!,,,,
AA90,UNCLASSIFIED,e3b0c44298fc1c149afb,#DIV/0!,,,,
V91,UNCLASSIFIED,e3b0c44298fc1c149afb,,,,,
W91,UNCLASSIFIED,e3b0c44298fc1c149afb,,,,,
X91,UNCLASSIFIED,e3b0c44298fc1c149afb,,,,,
Y91,UNCLASSIFIED,e3b0c44298fc1c149afb,,,,,
Z91,UNCLASSIFIED,e3b0c44298fc1c149afb,#DIV/0!,,,,
AA91,UNCLASSIFIED,e3b0c44298fc1c149afb,#DIV/0!,,,,
V92,UNCLASSIFIED,e3b0c44298fc1c149afb,,,,,
W92,UNCLASSIFIED,e3b0c44298fc1c149afb,,,,,
X92,UNCLASSIFIED,e3b0c44298fc1c149afb,,,,,
Y92,UNCLASSIFIED,e3b0c44298fc1c149afb,,,,,
Z92,UNCLASSIFIED,e3b0c44298fc1c149afb,#DIV/0!,,,,
AA92,UNCLASSIFIED,e3b0c44298fc1c149afb,#DIV/0!,,,,
V93,UNCLASSIFIED,e3b0c44298fc1c149afb,,,,,
W93,UNCLASSIFIED,e3b0c44298fc1c149afb,,,,,
X93,UNCLASSIFIED,e3b0c44298fc1c149afb,,,,,
Y93,UNCLASSIFIED,e3b0c44298fc1c149afb,,,,,
Z93,UNCLASSIFIED,e3b0c44298fc1c149afb,#DIV/0!,,,,
AA93,UNCLASSIFIED,e3b0c44298fc1c149afb,#DIV/0!,,,,
V94,UNCLASSIFIED,e3b0c44298fc1c149afb,,,,,
W94,UNCLASSIFIED,e3b0c44298fc1c149afb,,,,,
X94,UNCLASSIFIED,e3b0c44298fc1c149afb,,,,,
Y94,UNCLASSIFIED,e3b0c44298fc1c149afb,,,,,
Z94,UNCLASSIFIED,e3b0c44298fc1c149afb,#DIV/0!,,,,
AA94,UNCLASSIFIED,e3b0c44298fc1c149afb,#DIV/0!,,,,
V95,UNCLASSIFIED,e3b0c44298fc1c149afb,,,,,
W95,UNCLASSIFIED,e3b0c44298fc1c149afb,,,,,
X95,UNCLASSIFIED,e3b0c44298fc1c149afb,,,,,
Y95,UNCLASSIFIED,e3b0c44298fc1c149afb,,,,,
Z95,UNCLASSIFIED,e3b0c44298fc1c149afb,#DIV/0!,,,,
AA95,UNCLASSIFIED,e3b0c44298fc1c149afb,#DIV/0!,,,,
V96,UNCLASSIFIED,e3b0c44298fc1c149afb,,,,,
W96,UNCLASSIFIED,e3b0c44298fc1c149afb,,,,,
X96,UNCLASSIFIED,e3b0c44298fc1c149afb,,,,,
Y96,UNCLASSIFIED,e3b0c44298fc1c149afb,,,,,
Z96,UNCLASSIFIED,e3b0c44298fc1c149afb,#DIV/0!,,,,
AA96,UNCLASSIFIED,e3b0c44298fc1c149afb,#DIV/0!,,,,
V97,UNCLASSIFIED,e3b0c44298fc1c149afb,,,,,
W97,UNCLASSIFIED,e3b0c44298fc1c149afb,,,,,
X97,UNCLASSIFIED,e3b0c44298fc1c149afb,,,,,
Y97,UNCLASSIFIED,e3b0c44298fc1c149afb,,,,,
Z97,UNCLASSIFIED,e3b0c44298fc1c149afb,#DIV/0!,,,,
AA97,UNCLASSIFIED,e3b0c44298fc1c149afb,#DIV/0!,,,,
V98,UNCLASSIFIED,e3b0c44298fc1c149afb,,,,,
W98,UNCLASSIFIED,e3b0c44298fc1c149afb,,,,,
X98,UNCLASSIFIED,e3b0c44298fc1c149afb,,,,,
Y98,UNCLASSIFIED,e3b0c44298fc1c149afb,,,,,
Z98,UNCLASSIFIED,e3b0c44298fc1c149afb,#DIV/0!,,,,
AA98,UNCLASSIFIED,e3b0c44298fc1c149afb,#DIV/0!,,,,
V99,UNCLASSIFIED,e3b0c44298fc1c149afb,,,,,
W99,UNCLASSIFIED,e3b0c44298fc1c149afb,,,,,
X99,UNCLASSIFIED,e3b0c44298fc1c149afb,,,,,
Y99,UNCLASSIFIED,e3b0c44298fc1c149afb,,,,,
Z99,UNCLASSIFIED,e3b0c44298fc1c149afb,#DIV/0!,,,,
AA99,UNCLASSIFIED,e3b0c44298fc1c149afb,#DIV/0!,,,,
V100,UNCLASSIFIED,e3b0c44298fc1c149afb,,,,,
W100,UNCLASSIFIED,e3b0c44298fc1c149afb,,,,,
X100,UNCLASSIFIED,e3b0c44298fc1c149afb,,,,,
Y100,UNCLASSIFIED,e3b0c44298fc1c149afb,,,,,
Z100,UNCLASSIFIED,e3b0c44298fc1c149afb,#DIV/0!,,,,
AA100,UNCLASSIFIED,e3b0c44298fc1c149afb,#DIV/0!,,,,
V101,UNCLASSIFIED,e3b0c44298fc1c149afb,,,,,
W101,UNCLASSIFIED,e3b0c44298fc1c149afb,,,,,
X101,UNCLASSIFIED,e3b0c44298fc1c149afb,,,,,
Y101,UNCLASSIFIED,e3b0c44298fc1c149afb,,,,,
Z101,UNCLASSIFIED,e3b0c44298fc1c149afb,#DIV/0!,,,,
AA101,UNCLASSIFIED,e3b0c44298fc1c149afb,#DIV/0!,,,,
V102,UNCLASSIFIED,e3b0c44298fc1c149afb,,,,,
W102,UNCLASSIFIED,e3b0c44298fc1c149afb,,,,,
X102,UNCLASSIFIED,e3b0c44298fc1c149afb,,,,,
Y102,UNCLASSIFIED,e3b0c44298fc1c149afb,,,,,
Z102,UNCLASSIFIED,e3b0c44298fc1c149afb,#DIV/0!,,,,
AA102,UNCLASSIFIED,e3b0c44298fc1c149afb,#DIV/0!,,,,
V103,UNCLASSIFIED,e3b0c44298fc1c149afb,,,,,
W103,UNCLASSIFIED,e3b0c44298fc1c149afb,,,,,
X103,UNCLASSIFIED,e3b0c44298fc1c149afb,,,,,
Y103,UNCLASSIFIED,e3b0c44298fc1c149afb,,,,,
Z103,UNCLASSIFIED,e3b0c44298fc1c149afb,#DIV/0!,,,,
AA103,UNCLASSIFIED,e3b0c44298fc1c149afb,#DIV/0!,,,,
V104,UNCLASSIFIED,e3b0c44298fc1c149afb,,,,,
W104,UNCLASSIFIED,e3b0c44298fc1c149afb,,,,,
X104,UNCLASSIFIED,e3b0c44298fc1c149afb,,,,,
Y104,UNCLASSIFIED,e3b0c44298fc1c149afb,,,,,
Z104,UNCLASSIFIED,e3b0c44298fc1c149afb,#DIV/0!,,,,
AA104,UNCLASSIFIED,e3b0c44298fc1c149afb,#DIV/0!,,,,
V105,UNCLASSIFIED,e3b0c44298fc1c149afb,,,,,
W105,UNCLASSIFIED,e3b0c44298fc1c149afb,,,,,
X105,UNCLASSIFIED,e3b0c44298fc1c149afb,,,,,
Y105,UNCLASSIFIED,e3b0c44298fc1c149afb,,,,,
Z105,UNCLASSIFIED,e3b0c44298fc1c149afb,#DIV/0!,,,,
AA105,UNCLASSIFIED,e3b0c44298fc1c149afb,#DIV/0!,,,,
V106,UNCLASSIFIED,e3b0c44298fc1c149afb,,,,,
W106,UNCLASSIFIED,e3b0c44298fc1c149afb,,,,,
X106,UNCLASSIFIED,e3b0c44298fc1c149afb,,,,,
Y106,UNCLASSIFIED,e3b0c44298fc1c149afb,,,,,
Z106,UNCLASSIFIED,e3b0c44298fc1c149afb,#DIV/0!,,,,
AA106,UNCLASSIFIED,e3b0c44298fc1c149afb,#DIV/0!,,,,
V107,UNCLASSIFIED,e3b0c44298fc1c149afb,,,,,
W107,UNCLASSIFIED,e3b0c44298fc1c149afb,,,,,
X107,UNCLASSIFIED,e3b0c44298fc1c149afb,,,,,
Y107,UNCLASSIFIED,e3b0c44298fc1c149afb,,,,,
Z107,UNCLASSIFIED,e3b0c44298fc1c149afb,#DIV/0!,,,,
AA107,UNCLASSIFIED,e3b0c44298fc1c149afb,#DIV/0!,,,,
V108,UNCLASSIFIED,e3b0c44298fc1c149afb,,,,,
W108,UNCLASSIFIED,e3b0c44298fc1c149afb,,,,,
X108,UNCLASSIFIED,e3b0c44298fc1c149afb,,,,,
Y108,UNCLASSIFIED,e3b0c44298fc1c149afb,,,,,
Z108,UNCLASSIFIED,e3b0c44298fc1c149afb,#DIV/0!,,,,
AA108,UNCLASSIFIED,e3b0c44298fc1c149afb,#DIV/0!,,,,
V109,UNCLASSIFIED,e3b0c44298fc1c149afb,,,,,
W109,UNCLASSIFIED,e3b0c44298fc1c149afb,,,,,
X109,UNCLASSIFIED,e3b0c44298fc1c149afb,,,,,
Y109,UNCLASSIFIED,e3b0c44298fc1c149afb,,,,,
Z109,UNCLASSIFIED,e3b0c44298fc1c149afb,#DIV/0!,,,,
AA109,UNCLASSIFIED,e3b0c44298fc1c149afb,#DIV/0!,,,,
V110,UNCLASSIFIED,e3b0c44298fc1c149afb,,,,,
W110,UNCLASSIFIED,e3b0c44298fc1c149afb,,,,,
X110,UNCLASSIFIED,e3b0c44298fc1c149afb,,,,,
Y110,UNCLASSIFIED,e3b0c44298fc1c149afb,,,,,
Z110,UNCLASSIFIED,e3b0c44298fc1c149afb,#DIV/0!,,,,
AA110,UNCLASSIFIED,e3b0c44298fc1c149afb,#DIV/0!,,,,
V111,UNCLASSIFIED,e3b0c44298fc1c149afb,,,,,
W111,UNCLASSIFIED,e3b0c44298fc1c149afb,,,,,
X111,UNCLASSIFIED,e3b0c44298fc1c149afb,,,,,
Y111,UNCLASSIFIED,e3b0c44298fc1c149afb,,,,,
Z111,UNCLASSIFIED,e3b0c44298fc1c149afb,#DIV/0!,,,,
AA111,UNCLASSIFIED,e3b0c44298fc1c149afb,#DIV/0!,,,,
V112,UNCLASSIFIED,e3b0c44298fc1c149afb,,,,,
W112,UNCLASSIFIED,e3b0c44298fc1c149afb,,,,,
X112,UNCLASSIFIED,e3b0c44298fc1c149afb,,,,,
Y112,UNCLASSIFIED,e3b0c44298fc1c149afb,,,,,
Z112,UNCLASSIFIED,e3b0c44298fc1c149afb,#DIV/0!,,,,
AA112,UNCLASSIFIED,e3b0c44298fc1c149afb,#DIV/0!,,,,
V113,UNCLASSIFIED,e3b0c44298fc1c149afb,,,,,
W113,UNCLASSIFIED,e3b0c44298fc1c149afb,,,,,
X113,UNCLASSIFIED,e3b0c44298fc1c149afb,,,,,
Y113,UNCLASSIFIED,e3b0c44298fc1c149afb,,,,,
Z113,UNCLASSIFIED,e3b0c44298fc1c149afb,#DIV/0!,,,,
AA113,UNCLASSIFIED,e3b0c44298fc1c149afb,#DIV/0!,,,,
V114,UNCLASSIFIED,e3b0c44298fc1c149afb,,,,,
W114,UNCLASSIFIED,e3b0c44298fc1c149afb,,,,,
X114,UNCLASSIFIED,e3b0c44298fc1c149afb,,,,,
Y114,UNCLASSIFIED,e3b0c44298fc1c149afb,,,,,
Z114,UNCLASSIFIED,e3b0c44298fc1c149afb,#DIV/0!,,,,
AA114,UNCLASSIFIED,e3b0c44298fc1c149afb,#DIV/0!,,,,
V115,UNCLASSIFIED,e3b0c44298fc1c149afb,,,,,
W115,UNCLASSIFIED,e3b0c44298fc1c149afb,,,,,
X115,UNCLASSIFIED,e3b0c44298fc1c149afb,,,,,
Y115,UNCLASSIFIED,e3b0c44298fc1c149afb,,,,,
Z115,UNCLASSIFIED,e3b0c44298fc1c149afb,#DIV/0!,,,,
AA115,UNCLASSIFIED,e3b0c44298fc1c149afb,#DIV/0!,,,,
V116,UNCLASSIFIED,e3b0c44298fc1c149afb,,,,,
W116,UNCLASSIFIED,e3b0c44298fc1c149afb,,,,,
X116,UNCLASSIFIED,e3b0c44298fc1c149afb,,,,,
Y116,UNCLASSIFIED,e3b0c44298fc1c149afb,,,,,
Z116,UNCLASSIFIED,e3b0c44298fc1c149afb,#DIV/0!,,,,
AA116,UNCLASSIFIED,e3b0c44298fc1c149afb,#DIV/0!,,,,
V117,UNCLASSIFIED,e3b0c44298fc1c149afb,,,,,
W117,UNCLASSIFIED,e3b0c44298fc1c149afb,,,,,
X117,UNCLASSIFIED,e3b0c44298fc1c149afb,,,,,
Y117,UNCLASSIFIED,e3b0c44298fc1c149afb,,,,,
Z117,UNCLASSIFIED,e3b0c44298fc1c149afb,#DIV/0!,,,,
AA117,UNCLASSIFIED,e3b0c44298fc1c149afb,#DIV/0!,,,,
V118,UNCLASSIFIED,e3b0c44298fc1c149afb,,,,,
W118,UNCLASSIFIED,e3b0c44298fc1c149afb,,,,,
X118,UNCLASSIFIED,e3b0c44298fc1c149afb,,,,,
Y118,UNCLASSIFIED,e3b0c44298fc1c149afb,,,,,
Z118,UNCLASSIFIED,e3b0c44298fc1c149afb,#DIV/0!,,,,
AA118,UNCLASSIFIED,e3b0c44298fc1c149afb,#DIV/0!,,,,
V119,UNCLASSIFIED,e3b0c44298fc1c149afb,,,,,
W119,UNCLASSIFIED,e3b0c44298fc1c149afb,,,,,
X119,UNCLASSIFIED,e3b0c44298fc1c149afb,,,,,
Y119,UNCLASSIFIED,e3b0c44298fc1c149afb,,,,,
Z119,UNCLASSIFIED,e3b0c44298fc1c149afb,#DIV/0!,,,,
AA119,UNCLASSIFIED,e3b0c44298fc1c149afb,#DIV/0!,,,,
V120,UNCLASSIFIED,e3b0c44298fc1c149afb,,,,,
W120,UNCLASSIFIED,e3b0c44298fc1c149afb,,,,,
X120,UNCLASSIFIED,e3b0c44298fc1c149afb,,,,,
Y120,UNCLASSIFIED,e3b0c44298fc1c149afb,,,,,
Z120,UNCLASSIFIED,e3b0c44298fc1c149afb,#DIV/0!,,,,
AA120,UNCLASSIFIED,e3b0c44298fc1c149afb,#DIV/0!,,,,
V121,UNCLASSIFIED,e3b0c44298fc1c149afb,,,,,
W121,UNCLASSIFIED,e3b0c44298fc1c149afb,,,,,
X121,UNCLASSIFIED,e3b0c44298fc1c149afb,,,,,
Y121,UNCLASSIFIED,e3b0c44298fc1c149afb,,,,,
Z121,UNCLASSIFIED,e3b0c44298fc1c149afb,#DIV/0!,,,,
AA121,UNCLASSIFIED,e3b0c44298fc1c149afb,#DIV/0!,,,,
V122,UNCLASSIFIED,e3b0c44298fc1c149afb,,,,,
W122,UNCLASSIFIED,e3b0c44298fc1c149afb,,,,,
X122,UNCLASSIFIED,e3b0c44298fc1c149afb,,,,,
Y122,UNCLASSIFIED,e3b0c44298fc1c149afb,,,,,
Z122,UNCLASSIFIED,e3b0c44298fc1c149afb,#DIV/0!,,,,
AA122,UNCLASSIFIED,e3b0c44298fc1c149afb,#DIV/0!,,,,
V123,UNCLASSIFIED,e3b0c44298fc1c149afb,,,,,
W123,UNCLASSIFIED,e3b0c44298fc1c149afb,,,,,
X123,UNCLASSIFIED,e3b0c44298fc1c149afb,,,,,
Y123,UNCLASSIFIED,e3b0c44298fc1c149afb,,,,,
Z123,UNCLASSIFIED,e3b0c44298fc1c149afb,#DIV/0!,,,,
AA123,UNCLASSIFIED,e3b0c44298fc1c149afb,#DIV/0!,,,,
V124,UNCLASSIFIED,e3b0c44298fc1c149afb,,,,,
W124,UNCLASSIFIED,e3b0c44298fc1c149afb,,,,,
X124,UNCLASSIFIED,e3b0c44298fc1c149afb,,,,,
Y124,UNCLASSIFIED,e3b0c44298fc1c149afb,,,,,
Z124,UNCLASSIFIED,e3b0c44298fc1c149afb,#DIV/0!,,,,
AA124,UNCLASSIFIED,e3b0c44298fc1c149afb,#DIV/0!,,,,
V125,UNCLASSIFIED,e3b0c44298fc1c149afb,,,,,
W125,UNCLASSIFIED,e3b0c44298fc1c149afb,,,,,
X125,UNCLASSIFIED,e3b0c44298fc1c149afb,,,,,
Y125,UNCLASSIFIED,e3b0c44298fc1c149afb,,,,,
Z125,UNCLASSIFIED,e3b0c44298fc1c149afb,#DIV/0!,,,,
AA125,UNCLASSIFIED,e3b0c44298fc1c149afb,#DIV/0!,,,,
V126,UNCLASSIFIED,e3b0c44298fc1c149afb,,,,,
W126,UNCLASSIFIED,e3b0c44298fc1c149afb,,,,,
X126,UNCLASSIFIED,e3b0c44298fc1c149afb,,,,,
Y126,UNCLASSIFIED,e3b0c44298fc1c149afb,,,,,
Z126,UNCLASSIFIED,e3b0c44298fc1c149afb,#DIV/0!,,,,
AA126,UNCLASSIFIED,e3b0c44298fc1c149afb,#DIV/0!,,,,
V127,UNCLASSIFIED,e3b0c44298fc1c149afb,,,,,
W127,UNCLASSIFIED,e3b0c44298fc1c149afb,,,,,
X127,UNCLASSIFIED,e3b0c44298fc1c149afb,,,,,
Y127,UNCLASSIFIED,e3b0c44298fc1c149afb,,,,,
Z127,UNCLASSIFIED,e3b0c44298fc1c149afb,#DIV/0!,,,,
AA127,UNCLASSIFIED,e3b0c44298fc1c149afb,#DIV/0!,,,,
V128,UNCLASSIFIED,e3b0c44298fc1c149afb,,,,,
W128,UNCLASSIFIED,e3b0c44298fc1c149afb,,,,,
X128,UNCLASSIFIED,e3b0c44298fc1c149afb,,,,,
Y128,UNCLASSIFIED,e3b0c44298fc1c149afb,,,,,
Z128,UNCLASSIFIED,e3b0c44298fc1c149afb,#DIV/0!,,,,
AA128,UNCLASSIFIED,e3b0c44298fc1c149afb,#DIV/0!,,,,
V129,UNCLASSIFIED,e3b0c44298fc1c149afb,,,,,
W129,UNCLASSIFIED,e3b0c44298fc1c149afb,,,,,
X129,UNCLASSIFIED,e3b0c44298fc1c149afb,,,,,
Y129,UNCLASSIFIED,e3b0c44298fc1c149afb,,,,,
Z129,UNCLASSIFIED,e3b0c44298fc1c149afb,#DIV/0!,,,,
AA129,UNCLASSIFIED,e3b0c44298fc1c149afb,#DIV/0!,,,,
V130,UNCLASSIFIED,e3b0c44298fc1c149afb,,,,,
W130,UNCLASSIFIED,e3b0c44298fc1c149afb,,,,,
X130,UNCLASSIFIED,e3b0c44298fc1c149afb,,,,,
Y130,UNCLASSIFIED,e3b0c44298fc1c149afb,,,,,
Z130,UNCLASSIFIED,e3b0c44298fc1c149afb,#DIV/0!,,,,
AA130,UNCLASSIFIED,e3b0c44298fc1c149afb,#DIV/0!,,,,
V131,UNCLASSIFIED,e3b0c44298fc1c149afb,,,,,
W131,UNCLASSIFIED,e3b0c44298fc1c149afb,,,,,
X131,UNCLASSIFIED,e3b0c44298fc1c149afb,,,,,
Y131,UNCLASSIFIED,e3b0c44298fc1c149afb,,,,,
Z131,UNCLASSIFIED,e3b0c44298fc1c149afb,#DIV/0!,,,,
AA131,UNCLASSIFIED,e3b0c44298fc1c149afb,#DIV/0!,,,,
V132,UNCLASSIFIED,e3b0c44298fc1c149afb,,,,,
W132,UNCLASSIFIED,e3b0c44298fc1c149afb,,,,,
X132,UNCLASSIFIED,e3b0c44298fc1c149afb,,,,,
Y132,UNCLASSIFIED,e3b0c44298fc1c149afb,,,,,
Z132,UNCLASSIFIED,e3b0c44298fc1c149afb,#DIV/0!,,,,
AA132,UNCLASSIFIED,e3b0c44298fc1c149afb,#DIV/0!,,,,
V133,UNCLASSIFIED,e3b0c44298fc1c149afb,,,,,
W133,UNCLASSIFIED,e3b0c44298fc1c149afb,,,,,
X133,UNCLASSIFIED,e3b0c44298fc1c149afb,,,,,
Y133,UNCLASSIFIED,e3b0c44298fc1c149afb,,,,,
Z133,UNCLASSIFIED,e3b0c44298fc1c149afb,#DIV/0!,,,,
AA133,UNCLASSIFIED,e3b0c44298fc1c149afb,#DIV/0!,,,,
V134,UNCLASSIFIED,e3b0c44298fc1c149afb,,,,,
W134,UNCLASSIFIED,e3b0c44298fc1c149afb,,,,,
X134,UNCLASSIFIED,e3b0c44298fc1c149afb,,,,,
Y134,UNCLASSIFIED,e3b0c44298fc1c149afb,,,,,
Z134,UNCLASSIFIED,e3b0c44298fc1c149afb,#DIV/0!,,,,
AA134,UNCLASSIFIED,e3b0c44298fc1c149afb,#DIV/0!,,,,
V135,UNCLASSIFIED,e3b0c44298fc1c149afb,,,,,
W135,UNCLASSIFIED,e3b0c44298fc1c149afb,,,,,
X135,UNCLASSIFIED,e3b0c44298fc1c149afb,,,,,
Y135,UNCLASSIFIED,e3b0c44298fc1c149afb,,,,,
Z135,UNCLASSIFIED,e3b0c44298fc1c149afb,#DIV/0!,,,,
AA135,UNCLASSIFIED,e3b0c44298fc1c149afb,#DIV/0!,,,,
V136,UNCLASSIFIED,e3b0c44298fc1c149afb,,,,,
W136,UNCLASSIFIED,e3b0c44298fc1c149afb,,,,,
X136,UNCLASSIFIED,e3b0c44298fc1c149afb,,,,,
Y136,UNCLASSIFIED,e3b0c44298fc1c149afb,,,,,
Z136,UNCLASSIFIED,e3b0c44298fc1c149afb,#DIV/0!,,,,
AA136,UNCLASSIFIED,e3b0c44298fc1c149afb,#DIV/0!,,,,
V137,UNCLASSIFIED,e3b0c44298fc1c149afb,,,,,
W137,UNCLASSIFIED,e3b0c44298fc1c149afb,,,,,
X137,UNCLASSIFIED,e3b0c44298fc1c149afb,,,,,
Y137,UNCLASSIFIED,e3b0c44298fc1c149afb,,,,,
Z137,UNCLASSIFIED,e3b0c44298fc1c149afb,#DIV/0!,,,,
AA137,UNCLASSIFIED,e3b0c44298fc1c149afb,#DIV/0!,,,,
V138,UNCLASSIFIED,e3b0c44298fc1c149afb,,,,,
W138,UNCLASSIFIED,e3b0c44298fc1c149afb,,,,,
X138,UNCLASSIFIED,e3b0c44298fc1c149afb,,,,,
Y138,UNCLASSIFIED,e3b0c44298fc1c149afb,,,,,
Z138,UNCLASSIFIED,e3b0c44298fc1c149afb,#DIV/0!,,,,
AA138,UNCLASSIFIED,e3b0c44298fc1c149afb,#DIV/0!,,,,
V139,UNCLASSIFIED,e3b0c44298fc1c149afb,,,,,
W139,UNCLASSIFIED,e3b0c44298fc1c149afb,,,,,
X139,UNCLASSIFIED,e3b0c44298fc1c149afb,,,,,
Y139,UNCLASSIFIED,e3b0c44298fc1c149afb,,,,,
Z139,UNCLASSIFIED,e3b0c44298fc1c149afb,#DIV/0!,,,,
AA139,UNCLASSIFIED,e3b0c44298fc1c149afb,#DIV/0!,,,,
V140,UNCLASSIFIED,e3b0c44298fc1c149afb,,,,,
W140,UNCLASSIFIED,e3b0c44298fc1c149afb,,,,,
X140,UNCLASSIFIED,e3b0c44298fc1c149afb,,,,,
Y140,UNCLASSIFIED,e3b0c44298fc1c149afb,,,,,
Z140,UNCLASSIFIED,e3b0c44298fc1c149afb,#DIV/0!,,,,
AA140,UNCLASSIFIED,e3b0c44298fc1c149afb,#DIV/0!,,,,
V141,UNCLASSIFIED,e3b0c44298fc1c149afb,,,,,
W141,UNCLASSIFIED,e3b0c44298fc1c149afb,,,,,
X141,UNCLASSIFIED,e3b0c44298fc1c149afb,,,,,
Y141,UNCLASSIFIED,e3b0c44298fc1c149afb,,,,,
Z141,UNCLASSIFIED,e3b0c44298fc1c149afb,#DIV/0!,,,,
AA141,UNCLASSIFIED,e3b0c44298fc1c149afb,#DIV/0!,,,,
V142,UNCLASSIFIED,e3b0c44298fc1c149afb,,,,,
W142,UNCLASSIFIED,e3b0c44298fc1c149afb,,,,,
X142,UNCLASSIFIED,e3b0c44298fc1c149afb,,,,,
Y142,UNCLASSIFIED,e3b0c44298fc1c149afb,,,,,
Z142,UNCLASSIFIED,e3b0c44298fc1c149afb,#DIV/0!,,,,
AA142,UNCLASSIFIED,e3b0c44298fc1c149afb,#DIV/0!,,,,
V143,UNCLASSIFIED,e3b0c44298fc1c149afb,,,,,
W143,UNCLASSIFIED,e3b0c44298fc1c149afb,,,,,
X143,UNCLASSIFIED,e3b0c44298fc1c149afb,,,,,
Y143,UNCLASSIFIED,e3b0c44298fc1c149afb,,,,,
Z143,UNCLASSIFIED,e3b0c44298fc1c149afb,#DIV/0!,,,,
AA143,UNCLASSIFIED,e3b0c44298fc1c149afb,#DIV/0!,,,,
V144,UNCLASSIFIED,e3b0c44298fc1c149afb,,,,,
W144,UNCLASSIFIED,e3b0c44298fc1c149afb,,,,,
X144,UNCLASSIFIED,e3b0c44298fc1c149afb,,,,,
Y144,UNCLASSIFIED,e3b0c44298fc1c149afb,,,,,
Z144,UNCLASSIFIED,e3b0c44298fc1c149afb,#DIV/0!,,,,
AA144,UNCLASSIFIED,e3b0c44298fc1c149afb,#DIV/0!,,,,
V145,UNCLASSIFIED,e3b0c44298fc1c149afb,,,,,
W145,UNCLASSIFIED,e3b0c44298fc1c149afb,,,,,
X145,UNCLASSIFIED,e3b0c44298fc1c149afb,,,,,
Y145,UNCLASSIFIED,e3b0c44298fc1c149afb,,,,,
Z145,UNCLASSIFIED,e3b0c44298fc1c149afb,#DIV/0!,,,,
AA145,UNCLASSIFIED,e3b0c44298fc1c149afb,#DIV/0!,,,,
V146,UNCLASSIFIED,e3b0c44298fc1c149afb,,,,,
W146,UNCLASSIFIED,e3b0c44298fc1c149afb,,,,,
X146,UNCLASSIFIED,e3b0c44298fc1c149afb,,,,,
Y146,UNCLASSIFIED,e3b0c44298fc1c149afb,,,,,
Z146,UNCLASSIFIED,e3b0c44298fc1c149afb,#DIV/0!,,,,
AA146,UNCLASSIFIED,e3b0c44298fc1c149afb,#DIV/0!,,,,
V147,UNCLASSIFIED,e3b0c44298fc1c149afb,,,,,
W147,UNCLASSIFIED,e3b0c44298fc1c149afb,,,,,
X147,UNCLASSIFIED,e3b0c44298fc1c149afb,,,,,
Y147,UNCLASSIFIED,e3b0c44298fc1c149afb,,,,,
Z147,UNCLASSIFIED,e3b0c44298fc1c149afb,#DIV/0!,,,,
AA147,UNCLASSIFIED,e3b0c44298fc1c149afb,#DIV/0!,,,,
V148,UNCLASSIFIED,e3b0c44298fc1c149afb,,,,,
W148,UNCLASSIFIED,e3b0c44298fc1c149afb,,,,,
X148,UNCLASSIFIED,e3b0c44298fc1c149afb,,,,,
Y148,UNCLASSIFIED,e3b0c44298fc1c149afb,,,,,
Z148,UNCLASSIFIED,e3b0c44298fc1c149afb,#DIV/0!,,,,
AA148,UNCLASSIFIED,e3b0c44298fc1c149afb,#DIV/0!,,,,
V149,UTILIZATION,b070dbb90878a1f60ba9,,,,"IFERROR(IF(AND(1/L149>$V$19,1/L149<=$W$19),1/L149,0),"""")","IFERROR(IF(AND(1/RC[-10]>R19C22,1/RC[-10]<=R19C23),1/RC[-10],0),"""")"
W149,UTILIZATION,de0a5dbfc5cc172602ba,,,,"IFERROR(IF(AND(1/L149>$W$19,1/L149<=$X$19),1/L149,0),"""")","IFERROR(IF(AND(1/RC[-11]>R19C23,1/RC[-11]<=R19C24),1/RC[-11],0),"""")"
X149,UTILIZATION,102bfd8013f27758e7c0,,,,"IFERROR(IF(AND(1/L149>$X$19,1/L149<=$Y$19),1/L149,0),"""")","IFERROR(IF(AND(1/RC[-12]>R19C24,1/RC[-12]<=R19C25),1/RC[-12],0),"""")"
Y149,UTILIZATION,2d4c8f3ea18940579bdf,,,,"IFERROR(IF(1/L149>$Y$19,1/L149,0),"""")","IFERROR(IF(1/RC[-13]>R19C25,1/RC[-13],0),"""")"
Z149,UTILIZATION,28ac2bdd4846fc6e2a7f,#DIV/0!,,,"IF(N149<>"""",(N149-$N$17)/1000,1/0)","IF(RC[-12]<>"""",(RC[-12]-R17C14)/1000,1/0)"
AA149,UTILIZATION,1aafe524f4bc30e7637c,#DIV/0!,,,"IF(O149<>"""",(O149-$O$17)/1000,1/0)","IF(RC[-12]<>"""",(RC[-12]-R17C15)/1000,1/0)"
V150,UNCLASSIFIED,e3b0c44298fc1c149afb,,,,,
W150,UNCLASSIFIED,e3b0c44298fc1c149afb,,,,,
X150,UNCLASSIFIED,e3b0c44298fc1c149afb,,,,,
Y150,UNCLASSIFIED,e3b0c44298fc1c149afb,,,,,
Z150,UNCLASSIFIED,e3b0c44298fc1c149afb,#DIV/0!,,,,
AA150,UNCLASSIFIED,e3b0c44298fc1c149afb,#DIV/0!,,,,
V151,UNCLASSIFIED,e3b0c44298fc1c149afb,,,,,
W151,UNCLASSIFIED,e3b0c44298fc1c149afb,,,,,
X151,UNCLASSIFIED,e3b0c44298fc1c149afb,,,,,
Y151,UNCLASSIFIED,e3b0c44298fc1c149afb,,,,,
Z151,UNCLASSIFIED,e3b0c44298fc1c149afb,#DIV/0!,,,,
AA151,UNCLASSIFIED,e3b0c44298fc1c149afb,#DIV/0!,,,,
V152,UNCLASSIFIED,e3b0c44298fc1c149afb,,,,,
W152,UNCLASSIFIED,e3b0c44298fc1c149afb,,,,,
X152,UNCLASSIFIED,e3b0c44298fc1c149afb,,,,,
Y152,UNCLASSIFIED,e3b0c44298fc1c149afb,,,,,
Z152,UNCLASSIFIED,e3b0c44298fc1c149afb,#DIV/0!,,,,
AA152,UNCLASSIFIED,e3b0c44298fc1c149afb,#DIV/0!,,,,
V153,UNCLASSIFIED,e3b0c44298fc1c149afb,,,,,
W153,UNCLASSIFIED,e3b0c44298fc1c149afb,,,,,
X153,UNCLASSIFIED,e3b0c44298fc1c149afb,,,,,
Y153,UNCLASSIFIED,e3b0c44298fc1c149afb,,,,,
Z153,UNCLASSIFIED,e3b0c44298fc1c149afb,#DIV/0!,,,,
AA153,UNCLASSIFIED,e3b0c44298fc1c149afb,#DIV/0!,,,,
V154,UNCLASSIFIED,e3b0c44298fc1c149afb,,,,,
W154,UNCLASSIFIED,e3b0c44298fc1c149afb,,,,,
X154,UNCLASSIFIED,e3b0c44298fc1c149afb,,,,,
Y154,UNCLASSIFIED,e3b0c44298fc1c149afb,,,,,
Z154,UNCLASSIFIED,e3b0c44298fc1c149afb,#DIV/0!,,,,
AA154,UNCLASSIFIED,e3b0c44298fc1c149afb,#DIV/0!,,,,
V155,UNCLASSIFIED,e3b0c44298fc1c149afb,,,,,
W155,UNCLASSIFIED,e3b0c44298fc1c149afb,,,,,
X155,UNCLASSIFIED,e3b0c44298fc1c149afb,,,,,
Y155,UNCLASSIFIED,e3b0c44298fc1c149afb,,,,,
Z155,UNCLASSIFIED,e3b0c44298fc1c149afb,#DIV/0!,,,,
AA155,UNCLASSIFIED,e3b0c44298fc1c149afb,#DIV/0!,,,,
V156,UNCLASSIFIED,e3b0c44298fc1c149afb,,,,,
W156,UNCLASSIFIED,e3b0c44298fc1c149afb,,,,,
X156,UNCLASSIFIED,e3b0c44298fc1c149afb,,,,,
Y156,UNCLASSIFIED,e3b0c44298fc1c149afb,,,,,
Z156,UNCLASSIFIED,e3b0c44298fc1c149afb,#DIV/0!,,,,
AA156,UNCLASSIFIED,e3b0c44298fc1c149afb,#DIV/0!,,,,
V157,UNCLASSIFIED,e3b0c44298fc1c149afb,,,,,
W157,UNCLASSIFIED,e3b0c44298fc1c149afb,,,,,
X157,UNCLASSIFIED,e3b0c44298fc1c149afb,,,,,
Y157,UNCLASSIFIED,e3b0c44298fc1c149afb,,,,,
Z157,UNCLASSIFIED,e3b0c44298fc1c149afb,#DIV/0!,,,,
AA157,UNCLASSIFIED,e3b0c44298fc1c149afb,#DIV/0!,,,,
V158,UNCLASSIFIED,e3b0c44298fc1c149afb,,,,,
W158,UNCLASSIFIED,e3b0c44298fc1c149afb,,,,,
X158,UNCLASSIFIED,e3b0c44298fc1c149afb,,,,,
Y158,UNCLASSIFIED,e3b0c44298fc1c149afb,,,,,
Z158,UNCLASSIFIED,e3b0c44298fc1c149afb,#DIV/0!,,,,
AA158,UNCLASSIFIED,e3b0c44298fc1c149afb,#DIV/0!,,,,
V159,UNCLASSIFIED,e3b0c44298fc1c149afb,,,,,
W159,UNCLASSIFIED,e3b0c44298fc1c149afb,,,,,
X159,UNCLASSIFIED,e3b0c44298fc1c149afb,,,,,
Y159,UNCLASSIFIED,e3b0c44298fc1c149afb,,,,,
Z159,UNCLASSIFIED,e3b0c44298fc1c149afb,#DIV/0!,,,,
AA159,UNCLASSIFIED,e3b0c44298fc1c149afb,#DIV/0!,,,,
V160,UNCLASSIFIED,e3b0c44298fc1c149afb,,,,,
W160,UNCLASSIFIED,e3b0c44298fc1c149afb,,,,,
X160,UNCLASSIFIED,e3b0c44298fc1c149afb,,,,,
Y160,UNCLASSIFIED,e3b0c44298fc1c149afb,,,,,
Z160,UNCLASSIFIED,e3b0c44298fc1c149afb,#DIV/0!,,,,
AA160,UNCLASSIFIED,e3b0c44298fc1c149afb,#DIV/0!,,,,
V161,UNCLASSIFIED,e3b0c44298fc1c149afb,,,,,
W161,UNCLASSIFIED,e3b0c44298fc1c149afb,,,,,
X161,UNCLASSIFIED,e3b0c44298fc1c149afb,,,,,
Y161,UNCLASSIFIED,e3b0c44298fc1c149afb,,,,,
Z161,UNCLASSIFIED,e3b0c44298fc1c149afb,#DIV/0!,,,,
AA161,UNCLASSIFIED,e3b0c44298fc1c149afb,#DIV/0!,,,,
V162,UNCLASSIFIED,e3b0c44298fc1c149afb,,,,,
W162,UNCLASSIFIED,e3b0c44298fc1c149afb,,,,,
X162,UNCLASSIFIED,e3b0c44298fc1c149afb,,,,,
Y162,UNCLASSIFIED,e3b0c44298fc1c149afb,,,,,
Z162,UNCLASSIFIED,e3b0c44298fc1c149afb,#DIV/0!,,,,
AA162,UNCLASSIFIED,e3b0c44298fc1c149afb,#DIV/0!,,,,
V163,UNCLASSIFIED,e3b0c44298fc1c149afb,,,,,
W163,UNCLASSIFIED,e3b0c44298fc1c149afb,,,,,
X163,UNCLASSIFIED,e3b0c44298fc1c149afb,,,,,
Y163,UNCLASSIFIED,e3b0c44298fc1c149afb,,,,,
Z163,UNCLASSIFIED,e3b0c44298fc1c149afb,#DIV/0!,,,,
AA163,UNCLASSIFIED,e3b0c44298fc1c149afb,#DIV/0!,,,,
V164,UNCLASSIFIED,e3b0c44298fc1c149afb,,,,,
W164,UNCLASSIFIED,e3b0c44298fc1c149afb,,,,,
X164,UNCLASSIFIED,e3b0c44298fc1c149afb,,,,,
Y164,UNCLASSIFIED,e3b0c44298fc1c149afb,,,,,
Z164,UNCLASSIFIED,e3b0c44298fc1c149afb,#DIV/0!,,,,
AA164,UNCLASSIFIED,e3b0c44298fc1c149afb,#DIV/0!,,,,
V165,UNCLASSIFIED,e3b0c44298fc1c149afb,,,,,
W165,UNCLASSIFIED,e3b0c44298fc1c149afb,,,,,
X165,UNCLASSIFIED,e3b0c44298fc1c149afb,,,,,
Y165,UNCLASSIFIED,e3b0c44298fc1c149afb,,,,,
Z165,UNCLASSIFIED,e3b0c44298fc1c149afb,#DIV/0!,,,,
AA165,UNCLASSIFIED,e3b0c44298fc1c149afb,#DIV/0!,,,,
V166,UNCLASSIFIED,e3b0c44298fc1c149afb,,,,,
W166,UNCLASSIFIED,e3b0c44298fc1c149afb,,,,,
X166,UNCLASSIFIED,e3b0c44298fc1c149afb,,,,,
Y166,UNCLASSIFIED,e3b0c44298fc1c149afb,,,,,
Z166,UNCLASSIFIED,e3b0c44298fc1c149afb,#DIV/0!,,,,
AA166,UNCLASSIFIED,e3b0c44298fc1c149afb,#DIV/0!,,,,
V167,UNCLASSIFIED,e3b0c44298fc1c149afb,,,,,
W167,UNCLASSIFIED,e3b0c44298fc1c149afb,,,,,
X167,UNCLASSIFIED,e3b0c44298fc1c149afb,,,,,
Y167,UNCLASSIFIED,e3b0c44298fc1c149afb,,,,,
Z167,UNCLASSIFIED,e3b0c44298fc1c149afb,#DIV/0!,,,,
AA167,UNCLASSIFIED,e3b0c44298fc1c149afb,#DIV/0!,,,,
V168,UNCLASSIFIED,e3b0c44298fc1c149afb,,,,,
W168,UNCLASSIFIED,e3b0c44298fc1c149afb,,,,,
X168,UNCLASSIFIED,e3b0c44298fc1c149afb,,,,,
Y168,UNCLASSIFIED,e3b0c44298fc1c149afb,,,,,
Z168,UNCLASSIFIED,e3b0c44298fc1c149afb,#DIV/0!,,,,
AA168,UNCLASSIFIED,e3b0c44298fc1c149afb,#DIV/0!,,,,
V169,UNCLASSIFIED,e3b0c44298fc1c149afb,,,,,
W169,UNCLASSIFIED,e3b0c44298fc1c149afb,,,,,
X169,UNCLASSIFIED,e3b0c44298fc1c149afb,,,,,
Y169,UNCLASSIFIED,e3b0c44298fc1c149afb,,,,,
Z169,UNCLASSIFIED,e3b0c44298fc1c149afb,#DIV/0!,,,,
AA169,UNCLASSIFIED,e3b0c44298fc1c149afb,#DIV/0!,,,,
V170,UNCLASSIFIED,e3b0c44298fc1c149afb,,,,,
W170,UNCLASSIFIED,e3b0c44298fc1c149afb,,,,,
X170,UNCLASSIFIED,e3b0c44298fc1c149afb,,,,,
Y170,UNCLASSIFIED,e3b0c44298fc1c149afb,,,,,
Z170,UNCLASSIFIED,e3b0c44298fc1c149afb,#DIV/0!,,,,
AA170,UNCLASSIFIED,e3b0c44298fc1c149afb,#DIV/0!,,,,
V171,UNCLASSIFIED,e3b0c44298fc1c149afb,,,,,
W171,UNCLASSIFIED,e3b0c44298fc1c149afb,,,,,
X171,UNCLASSIFIED,e3b0c44298fc1c149afb,,,,,
Y171,UNCLASSIFIED,e3b0c44298fc1c149afb,,,,,
Z171,UNCLASSIFIED,e3b0c44298fc1c149afb,#DIV/0!,,,,
AA171,UNCLASSIFIED,e3b0c44298fc1c149afb,#DIV/0!,,,,
V172,UNCLASSIFIED,e3b0c44298fc1c149afb,,,,,
W172,UNCLASSIFIED,e3b0c44298fc1c149afb,,,,,
X172,UNCLASSIFIED,e3b0c44298fc1c149afb,,,,,
Y172,UNCLASSIFIED,e3b0c44298fc1c149afb,,,,,
Z172,UNCLASSIFIED,e3b0c44298fc1c149afb,#DIV/0!,,,,
AA172,UNCLASSIFIED,e3b0c44298fc1c149afb,#DIV/0!,,,,
V173,UNCLASSIFIED,e3b0c44298fc1c149afb,,,,,
W173,UNCLASSIFIED,e3b0c44298fc1c149afb,,,,,
X173,UNCLASSIFIED,e3b0c44298fc1c149afb,,,,,
Y173,UNCLASSIFIED,e3b0c44298fc1c149afb,,,,,
Z173,UNCLASSIFIED,e3b0c44298fc1c149afb,#DIV/0!,,,,
AA173,UNCLASSIFIED,e3b0c44298fc1c149afb,#DIV/0!,,,,
V174,UNCLASSIFIED,e3b0c44298fc1c149afb,,,,,
W174,UNCLASSIFIED,e3b0c44298fc1c149afb,,,,,
X174,UNCLASSIFIED,e3b0c44298fc1c149afb,,,,,
Y174,UNCLASSIFIED,e3b0c44298fc1c149afb,,,,,
Z174,UNCLASSIFIED,e3b0c44298fc1c149afb,#DIV/0!,,,,
AA174,UNCLASSIFIED,e3b0c44298fc1c149afb,#DIV/0!,,,,
V175,UNCLASSIFIED,e3b0c44298fc1c149afb,,,,,
W175,UNCLASSIFIED,e3b0c44298fc1c149afb,,,,,
X175,UNCLASSIFIED,e3b0c44298fc1c149afb,,,,,
Y175,UNCLASSIFIED,e3b0c44298fc1c149afb,,,,,
Z175,UNCLASSIFIED,e3b0c44298fc1c149afb,#DIV/0!,,,,
AA175,UNCLASSIFIED,e3b0c44298fc1c149afb,#DIV/0!,,,,
V176,UNCLASSIFIED,e3b0c44298fc1c149afb,,,,,
W176,UNCLASSIFIED,e3b0c44298fc1c149afb,,,,,
X176,UNCLASSIFIED,e3b0c44298fc1c149afb,,,,,
Y176,UNCLASSIFIED,e3b0c44298fc1c149afb,,,,,
Z176,UNCLASSIFIED,e3b0c44298fc1c149afb,#DIV/0!,,,,
AA176,UNCLASSIFIED,e3b0c44298fc1c149afb,#DIV/0!,,,,
V177,UNCLASSIFIED,e3b0c44298fc1c149afb,,,,,
W177,UNCLASSIFIED,e3b0c44298fc1c149afb,,,,,
X177,UNCLASSIFIED,e3b0c44298fc1c149afb,,,,,
Y177,UNCLASSIFIED,e3b0c44298fc1c149afb,,,,,
Z177,UNCLASSIFIED,e3b0c44298fc1c149afb,#DIV/0!,,,,
AA177,UNCLASSIFIED,e3b0c44298fc1c149afb,#DIV/0!,,,,
V178,UNCLASSIFIED,e3b0c44298fc1c149afb,,,,,
W178,UNCLASSIFIED,e3b0c44298fc1c149afb,,,,,
X178,UNCLASSIFIED,e3b0c44298fc1c149afb,,,,,
Y178,UNCLASSIFIED,e3b0c44298fc1c149afb,,,,,
Z178,UNCLASSIFIED,e3b0c44298fc1c149afb,#DIV/0!,,,,
AA178,UNCLASSIFIED,e3b0c44298fc1c149afb,#DIV/0!,,,,
V179,UNCLASSIFIED,e3b0c44298fc1c149afb,,,,,
W179,UNCLASSIFIED,e3b0c44298fc1c149afb,,,,,
X179,UNCLASSIFIED,e3b0c44298fc1c149afb,,,,,
Y179,UNCLASSIFIED,e3b0c44298fc1c149afb,,,,,
Z179,UNCLASSIFIED,e3b0c44298fc1c149afb,#DIV/0!,,,,
AA179,UNCLASSIFIED,e3b0c44298fc1c149afb,#DIV/0!,,,,
V180,UNCLASSIFIED,e3b0c44298fc1c149afb,,,,,
W180,UNCLASSIFIED,e3b0c44298fc1c149afb,,,,,
X180,UNCLASSIFIED,e3b0c44298fc1c149afb,,,,,
Y180,UNCLASSIFIED,e3b0c44298fc1c149afb,,,,,
Z180,UNCLASSIFIED,e3b0c44298fc1c149afb,#DIV/0!,,,,
AA180,UNCLASSIFIED,e3b0c44298fc1c149afb,#DIV/0!,,,,
V181,UNCLASSIFIED,e3b0c44298fc1c149afb,,,,,
W181,UNCLASSIFIED,e3b0c44298fc1c149afb,,,,,
X181,UNCLASSIFIED,e3b0c44298fc1c149afb,,,,,
Y181,UNCLASSIFIED,e3b0c44298fc1c149afb,,,,,
Z181,UNCLASSIFIED,e3b0c44298fc1c149afb,#DIV/0!,,,,
AA181,UNCLASSIFIED,e3b0c44298fc1c149afb,#DIV/0!,,,,
V182,UNCLASSIFIED,e3b0c44298fc1c149afb,,,,,
W182,UNCLASSIFIED,e3b0c44298fc1c149afb,,,,,
X182,UNCLASSIFIED,e3b0c44298fc1c149afb,,,,,
Y182,UNCLASSIFIED,e3b0c44298fc1c149afb,,,,,
Z182,UNCLASSIFIED,e3b0c44298fc1c149afb,#DIV/0!,,,,
AA182,UNCLASSIFIED,e3b0c44298fc1c149afb,#DIV/0!,,,,
V183,UNCLASSIFIED,e3b0c44298fc1c149afb,,,,,
W183,UNCLASSIFIED,e3b0c44298fc1c149afb,,,,,
X183,UNCLASSIFIED,e3b0c44298fc1c149afb,,,,,
Y183,UNCLASSIFIED,e3b0c44298fc1c149afb,,,,,
Z183,UNCLASSIFIED,e3b0c44298fc1c149afb,#DIV/0!,,,,
AA183,UNCLASSIFIED,e3b0c44298fc1c149afb,#DIV/0!,,,,
V184,UNCLASSIFIED,e3b0c44298fc1c149afb,,,,,
W184,UNCLASSIFIED,e3b0c44298fc1c149afb,,,,,
X184,UNCLASSIFIED,e3b0c44298fc1c149afb,,,,,
Y184,UNCLASSIFIED,e3b0c44298fc1c149afb,,,,,
Z184,UNCLASSIFIED,e3b0c44298fc1c149afb,#DIV/0!,,,,
AA184,UNCLASSIFIED,e3b0c44298fc1c149afb,#DIV/0!,,,,
V185,UNCLASSIFIED,e3b0c44298fc1c149afb,,,,,
W185,UNCLASSIFIED,e3b0c44298fc1c149afb,,,,,
X185,UNCLASSIFIED,e3b0c44298fc1c149afb,,,,,
Y185,UNCLASSIFIED,e3b0c44298fc1c149afb,,,,,
Z185,UNCLASSIFIED,e3b0c44298fc1c149afb,#DIV/0!,,,,
AA185,UNCLASSIFIED,e3b0c44298fc1c149afb,#DIV/0!,,,,
V186,UNCLASSIFIED,e3b0c44298fc1c149afb,,,,,
W186,UNCLASSIFIED,e3b0c44298fc1c149afb,,,,,
X186,UNCLASSIFIED,e3b0c44298fc1c149afb,,,,,
Y186,UNCLASSIFIED,e3b0c44298fc1c149afb,,,,,
Z186,UNCLASSIFIED,e3b0c44298fc1c149afb,#DIV/0!,,,,
AA186,UNCLASSIFIED,e3b0c44298fc1c149afb,#DIV/0!,,,,
V187,UNCLASSIFIED,e3b0c44298fc1c149afb,,,,,
W187,UNCLASSIFIED,e3b0c44298fc1c149afb,,,,,
X187,UNCLASSIFIED,e3b0c44298fc1c149afb,,,,,
Y187,UNCLASSIFIED,e3b0c44298fc1c149afb,,,,,
Z187,UNCLASSIFIED,e3b0c44298fc1c149afb,#DIV/0!,,,,
AA187,UNCLASSIFIED,e3b0c44298fc1c149afb,#DIV/0!,,,,
V188,UNCLASSIFIED,e3b0c44298fc1c149afb,,,,,
W188,UNCLASSIFIED,e3b0c44298fc1c149afb,,,,,
X188,UNCLASSIFIED,e3b0c44298fc1c149afb,,,,,
Y188,UNCLASSIFIED,e3b0c44298fc1c149afb,,,,,
Z188,UNCLASSIFIED,e3b0c44298fc1c149afb,#DIV/0!,,,,
AA188,UNCLASSIFIED,e3b0c44298fc1c149afb,#DIV/0!,,,,
V189,UNCLASSIFIED,e3b0c44298fc1c149afb,,,,,
W189,UNCLASSIFIED,e3b0c44298fc1c149afb,,,,,
X189,UNCLASSIFIED,e3b0c44298fc1c149afb,,,,,
Y189,UNCLASSIFIED,e3b0c44298fc1c149afb,,,,,
Z189,UNCLASSIFIED,e3b0c44298fc1c149afb,#DIV/0!,,,,
AA189,UNCLASSIFIED,e3b0c44298fc1c149afb,#DIV/0!,,,,
V190,UNCLASSIFIED,e3b0c44298fc1c149afb,,,,,
W190,UNCLASSIFIED,e3b0c44298fc1c149afb,,,,,
X190,UNCLASSIFIED,e3b0c44298fc1c149afb,,,,,
Y190,UNCLASSIFIED,e3b0c44298fc1c149afb,,,,,
Z190,UNCLASSIFIED,e3b0c44298fc1c149afb,#DIV/0!,,,,
AA190,UNCLASSIFIED,e3b0c44298fc1c149afb,#DIV/0!,,,,
V191,UNCLASSIFIED,e3b0c44298fc1c149afb,,,,,
W191,UNCLASSIFIED,e3b0c44298fc1c149afb,,,,,
X191,UNCLASSIFIED,e3b0c44298fc1c149afb,,,,,
Y191,UNCLASSIFIED,e3b0c44298fc1c149afb,,,,,
Z191,UNCLASSIFIED,e3b0c44298fc1c149afb,#DIV/0!,,,,
AA191,UNCLASSIFIED,e3b0c44298fc1c149afb,#DIV/0!,,,,
V192,UNCLASSIFIED,e3b0c44298fc1c149afb,,,,,
W192,UNCLASSIFIED,e3b0c44298fc1c149afb,,,,,
X192,UNCLASSIFIED,e3b0c44298fc1c149afb,,,,,
Y192,UNCLASSIFIED,e3b0c44298fc1c149afb,,,,,
Z192,UNCLASSIFIED,e3b0c44298fc1c149afb,#DIV/0!,,,,
AA192,UNCLASSIFIED,e3b0c44298fc1c149afb,#DIV/0!,,,,
V193,UNCLASSIFIED,e3b0c44298fc1c149afb,,,,,
W193,UNCLASSIFIED,e3b0c44298fc1c149afb,,,,,
X193,UNCLASSIFIED,e3b0c44298fc1c149afb,,,,,
Y193,UNCLASSIFIED,e3b0c44298fc1c149afb,,,,,
Z193,UNCLASSIFIED,e3b0c44298fc1c149afb,#DIV/0!,,,,
AA193,UNCLASSIFIED,e3b0c44298fc1c149afb,#DIV/0!,,,,
V194,UNCLASSIFIED,e3b0c44298fc1c149afb,,,,,
W194,UNCLASSIFIED,e3b0c44298fc1c149afb,,,,,
X194,UNCLASSIFIED,e3b0c44298fc1c149afb,,,,,
Y194,UNCLASSIFIED,e3b0c44298fc1c149afb,,,,,
Z194,UNCLASSIFIED,e3b0c44298fc1c149afb,#DIV/0!,,,,
AA194,UNCLASSIFIED,e3b0c44298fc1c149afb,#DIV/0!,,,,
V195,UNCLASSIFIED,e3b0c44298fc1c149afb,,,,,
W195,UNCLASSIFIED,e3b0c44298fc1c149afb,,,,,
X195,UNCLASSIFIED,e3b0c44298fc1c149afb,,,,,
Y195,UNCLASSIFIED,e3b0c44298fc1c149afb,,,,,
Z195,UNCLASSIFIED,e3b0c44298fc1c149afb,#DIV/0!,,,,
AA195,UNCLASSIFIED,e3b0c44298fc1c149afb,#DIV/0!,,,,
V196,UNCLASSIFIED,e3b0c44298fc1c149afb,,,,,
W196,UNCLASSIFIED,e3b0c44298fc1c149afb,,,,,
X196,UNCLASSIFIED,e3b0c44298fc1c149afb,,,,,
Y196,UNCLASSIFIED,e3b0c44298fc1c149afb,,,,,
Z196,UNCLASSIFIED,e3b0c44298fc1c149afb,#DIV/0!,,,,
AA196,UNCLASSIFIED,e3b0c44298fc1c149afb,#DIV/0!,,,,
V197,UNCLASSIFIED,e3b0c44298fc1c149afb,,,,,
W197,UNCLASSIFIED,e3b0c44298fc1c149afb,,,,,
X197,UNCLASSIFIED,e3b0c44298fc1c149afb,,,,,
Y197,UNCLASSIFIED,e3b0c44298fc1c149afb,,,,,
Z197,UNCLASSIFIED,e3b0c44298fc1c149afb,#DIV/0!,,,,
AA197,UNCLASSIFIED,e3b0c44298fc1c149afb,#DIV/0!,,,,
V198,UNCLASSIFIED,e3b0c44298fc1c149afb,,,,,
W198,UNCLASSIFIED,e3b0c44298fc1c149afb,,,,,
X198,UNCLASSIFIED,e3b0c44298fc1c149afb,,,,,
Y198,UNCLASSIFIED,e3b0c44298fc1c149afb,,,,,
Z198,UNCLASSIFIED,e3b0c44298fc1c149afb,#DIV/0!,,,,
AA198,UNCLASSIFIED,e3b0c44298fc1c149afb,#DIV/0!,,,,
V199,UNCLASSIFIED,e3b0c44298fc1c149afb,,,,,
W199,UNCLASSIFIED,e3b0c44298fc1c149afb,,,,,
X199,UNCLASSIFIED,e3b0c44298fc1c149afb,,,,,
Y199,UNCLASSIFIED,e3b0c44298fc1c149afb,,,,,
Z199,UNCLASSIFIED,e3b0c44298fc1c149afb,#DIV/0!,,,,
AA199,UNCLASSIFIED,e3b0c44298fc1c149afb,#DIV/0!,,,,
V200,UNCLASSIFIED,e3b0c44298fc1c149afb,,,,,
W200,UNCLASSIFIED,e3b0c44298fc1c149afb,,,,,
X200,UNCLASSIFIED,e3b0c44298fc1c149afb,,,,,
Y200,UNCLASSIFIED,e3b0c44298fc1c149afb,,,,,
Z200,UNCLASSIFIED,e3b0c44298fc1c149afb,#DIV/0!,,,,
AA200,UNCLASSIFIED,e3b0c44298fc1c149afb,#DIV/0!,,,,
V201,UNCLASSIFIED,e3b0c44298fc1c149afb,,,,,
W201,UNCLASSIFIED,e3b0c44298fc1c149afb,,,,,
X201,UNCLASSIFIED,e3b0c44298fc1c149afb,,,,,
Y201,UNCLASSIFIED,e3b0c44298fc1c149afb,,,,,
Z201,UNCLASSIFIED,e3b0c44298fc1c149afb,#DIV/0!,,,,
AA201,UNCLASSIFIED,e3b0c44298fc1c149afb,#DIV/0!,,,,
V202,UNCLASSIFIED,e3b0c44298fc1c149afb,,,,,
W202,UNCLASSIFIED,e3b0c44298fc1c149afb,,,,,
X202,UNCLASSIFIED,e3b0c44298fc1c149afb,,,,,
Y202,UNCLASSIFIED,e3b0c44298fc1c149afb,,,,,
Z202,UNCLASSIFIED,e3b0c44298fc1c149afb,#DIV/0!,,,,
AA202,UNCLASSIFIED,e3b0c44298fc1c149afb,#DIV/0!,,,,
V203,UNCLASSIFIED,e3b0c44298fc1c149afb,,,,,
W203,UNCLASSIFIED,e3b0c44298fc1c149afb,,,,,
X203,UNCLASSIFIED,e3b0c44298fc1c149afb,,,,,
Y203,UNCLASSIFIED,e3b0c44298fc1c149afb,,,,,
Z203,UNCLASSIFIED,e3b0c44298fc1c149afb,#DIV/0!,,,,
AA203,UNCLASSIFIED,e3b0c44298fc1c149afb,#DIV/0!,,,,
V204,UNCLASSIFIED,e3b0c44298fc1c149afb,,,,,
W204,UNCLASSIFIED,e3b0c44298fc1c149afb,,,,,
X204,UNCLASSIFIED,e3b0c44298fc1c149afb,,,,,
Y204,UNCLASSIFIED,e3b0c44298fc1c149afb,,,,,
Z204,UNCLASSIFIED,e3b0c44298fc1c149afb,#DIV/0!,,,,
AA204,UNCLASSIFIED,e3b0c44298fc1c149afb,#DIV/0!,,,,
V205,UNCLASSIFIED,e3b0c44298fc1c149afb,,,,,
W205,UNCLASSIFIED,e3b0c44298fc1c149afb,,,,,
X205,UNCLASSIFIED,e3b0c44298fc1c149afb,,,,,
Y205,UNCLASSIFIED,e3b0c44298fc1c149afb,,,,,
Z205,UNCLASSIFIED,e3b0c44298fc1c149afb,#DIV/0!,,,,
AA205,UNCLASSIFIED,e3b0c44298fc1c149afb,#DIV/0!,,,,
V206,UNCLASSIFIED,e3b0c44298fc1c149afb,,,,,
W206,UNCLASSIFIED,e3b0c44298fc1c149afb,,,,,
X206,UNCLASSIFIED,e3b0c44298fc1c149afb,,,,,
Y206,UNCLASSIFIED,e3b0c44298fc1c149afb,,,,,
Z206,UNCLASSIFIED,e3b0c44298fc1c149afb,#DIV/0!,,,,
AA206,UNCLASSIFIED,e3b0c44298fc1c149afb,#DIV/0!,,,,
V207,UNCLASSIFIED,e3b0c44298fc1c149afb,,,,,
W207,UNCLASSIFIED,e3b0c44298fc1c149afb,,,,,
X207,UNCLASSIFIED,e3b0c44298fc1c149afb,,,,,
Y207,UNCLASSIFIED,e3b0c44298fc1c149afb,,,,,
Z207,UNCLASSIFIED,e3b0c44298fc1c149afb,#DIV/0!,,,,
AA207,UNCLASSIFIED,e3b0c44298fc1c149afb,#DIV/0!,,,,
V208,UNCLASSIFIED,e3b0c44298fc1c149afb,,,,,
W208,UNCLASSIFIED,e3b0c44298fc1c149afb,,,,,
X208,UNCLASSIFIED,e3b0c44298fc1c149afb,,,,,
Y208,UNCLASSIFIED,e3b0c44298fc1c149afb,,,,,
Z208,UNCLASSIFIED,e3b0c44298fc1c149afb,#DIV/0!,,,,
AA208,UNCLASSIFIED,e3b0c44298fc1c149afb,#DIV/0!,,,,
V209,UNCLASSIFIED,e3b0c44298fc1c149afb,,,,,
W209,UNCLASSIFIED,e3b0c44298fc1c149afb,,,,,
X209,UNCLASSIFIED,e3b0c44298fc1c149afb,,,,,
Y209,UNCLASSIFIED,e3b0c44298fc1c149afb,,,,,
Z209,UNCLASSIFIED,e3b0c44298fc1c149afb,#DIV/0!,,,,
AA209,UNCLASSIFIED,e3b0c44298fc1c149afb,#DIV/0!,,,,
V210,UNCLASSIFIED,e3b0c44298fc1c149afb,,,,,
W210,UNCLASSIFIED,e3b0c44298fc1c149afb,,,,,
X210,UNCLASSIFIED,e3b0c44298fc1c149afb,,,,,
Y210,UNCLASSIFIED,e3b0c44298fc1c149afb,,,,,
Z210,UNCLASSIFIED,e3b0c44298fc1c149afb,#DIV/0!,,,,
AA210,UNCLASSIFIED,e3b0c44298fc1c149afb,#DIV/0!,,,,
V211,UNCLASSIFIED,e3b0c44298fc1c149afb,,,,,
W211,UNCLASSIFIED,e3b0c44298fc1c149afb,,,,,
X211,UNCLASSIFIED,e3b0c44298fc1c149afb,,,,,
Y211,UNCLASSIFIED,e3b0c44298fc1c149afb,,,,,
Z211,UNCLASSIFIED,e3b0c44298fc1c149afb,#DIV/0!,,,,
AA211,UNCLASSIFIED,e3b0c44298fc1c149afb,#DIV/0!,,,,
V212,UNCLASSIFIED,e3b0c44298fc1c149afb,,,,,
W212,UNCLASSIFIED,e3b0c44298fc1c149afb,,,,,
X212,UNCLASSIFIED,e3b0c44298fc1c149afb,,,,,
Y212,UNCLASSIFIED,e3b0c44298fc1c149afb,,,,,
Z212,UNCLASSIFIED,e3b0c44298fc1c149afb,#DIV/0!,,,,
AA212,UNCLASSIFIED,e3b0c44298fc1c149afb,#DIV/0!,,,,
V213,UTILIZATION,b070dbb90878a1f60ba9,,,,"IFERROR(IF(AND(1/L213>$V$19,1/L213<=$W$19),1/L213,0),"""")","IFERROR(IF(AND(1/RC[-10]>R19C22,1/RC[-10]<=R19C23),1/RC[-10],0),"""")"
W213,UTILIZATION,de0a5dbfc5cc172602ba,,,,"IFERROR(IF(AND(1/L213>$W$19,1/L213<=$X$19),1/L213,0),"""")","IFERROR(IF(AND(1/RC[-11]>R19C23,1/RC[-11]<=R19C24),1/RC[-11],0),"""")"
X213,UTILIZATION,102bfd8013f27758e7c0,,,,"IFERROR(IF(AND(1/L213>$X$19,1/L213<=$Y$19),1/L213,0),"""")","IFERROR(IF(AND(1/RC[-12]>R19C24,1/RC[-12]<=R19C25),1/RC[-12],0),"""")"
Y213,UTILIZATION,2d4c8f3ea18940579bdf,,,,"IFERROR(IF(1/L213>$Y$19,1/L213,0),"""")","IFERROR(IF(1/RC[-13]>R19C25,1/RC[-13],0),"""")"
Z213,UTILIZATION,28ac2bdd4846fc6e2a7f,#DIV/0!,,,"IF(N213<>"""",(N213-$N$17)/1000,1/0)","IF(RC[-12]<>"""",(RC[-12]-R17C14)/1000,1/0)"
AA213,UTILIZATION,1aafe524f4bc30e7637c,#DIV/0!,,,"IF(O213<>"""",(O213-$O$17)/1000,1/0)","IF(RC[-12]<>"""",(RC[-12]-R17C15)/1000,1/0)"
V214,UNCLASSIFIED,e3b0c44298fc1c149afb,,,,,
W214,UNCLASSIFIED,e3b0c44298fc1c149afb,,,,,
X214,UNCLASSIFIED,e3b0c44298fc1c149afb,,,,,
Y214,UNCLASSIFIED,e3b0c44298fc1c149afb,,,,,
Z214,UNCLASSIFIED,e3b0c44298fc1c149afb,#DIV/0!,,,,
AA214,UNCLASSIFIED,e3b0c44298fc1c149afb,#DIV/0!,,,,
V215,UNCLASSIFIED,e3b0c44298fc1c149afb,,,,,
W215,UNCLASSIFIED,e3b0c44298fc1c149afb,,,,,
X215,UNCLASSIFIED,e3b0c44298fc1c149afb,,,,,
Y215,UNCLASSIFIED,e3b0c44298fc1c149afb,,,,,
Z215,UNCLASSIFIED,e3b0c44298fc1c149afb,#DIV/0!,,,,
AA215,UNCLASSIFIED,e3b0c44298fc1c149afb,#DIV/0!,,,,
V216,UNCLASSIFIED,e3b0c44298fc1c149afb,,,,,
W216,UNCLASSIFIED,e3b0c44298fc1c149afb,,,,,
X216,UNCLASSIFIED,e3b0c44298fc1c149afb,,,,,
Y216,UNCLASSIFIED,e3b0c44298fc1c149afb,,,,,
Z216,UNCLASSIFIED,e3b0c44298fc1c149afb,#DIV/0!,,,,
AA216,UNCLASSIFIED,e3b0c44298fc1c149afb,#DIV/0!,,,,
V217,UNCLASSIFIED,e3b0c44298fc1c149afb,,,,,
W217,UNCLASSIFIED,e3b0c44298fc1c149afb,,,,,
X217,UNCLASSIFIED,e3b0c44298fc1c149afb,,,,,
Y217,UNCLASSIFIED,e3b0c44298fc1c149afb,,,,,
Z217,UNCLASSIFIED,e3b0c44298fc1c149afb,#DIV/0!,,,,
AA217,UNCLASSIFIED,e3b0c44298fc1c149afb,#DIV/0!,,,,
V218,UNCLASSIFIED,e3b0c44298fc1c149afb,,,,,
W218,UNCLASSIFIED,e3b0c44298fc1c149afb,,,,,
X218,UNCLASSIFIED,e3b0c44298fc1c149afb,,,,,
Y218,UNCLASSIFIED,e3b0c44298fc1c149afb,,,,,
Z218,UNCLASSIFIED,e3b0c44298fc1c149afb,#DIV/0!,,,,
AA218,UNCLASSIFIED,e3b0c44298fc1c149afb,#DIV/0!,,,,
V219,UNCLASSIFIED,e3b0c44298fc1c149afb,,,,,
W219,UNCLASSIFIED,e3b0c44298fc1c149afb,,,,,
X219,UNCLASSIFIED,e3b0c44298fc1c149afb,,,,,
Y219,UNCLASSIFIED,e3b0c44298fc1c149afb,,,,,
Z219,UNCLASSIFIED,e3b0c44298fc1c149afb,#DIV/0!,,,,
AA219,UNCLASSIFIED,e3b0c44298fc1c149afb,#DIV/0!,,,,
V220,UNCLASSIFIED,e3b0c44298fc1c149afb,,,,,
W220,UNCLASSIFIED,e3b0c44298fc1c149afb,,,,,
X220,UNCLASSIFIED,e3b0c44298fc1c149afb,,,,,
Y220,UNCLASSIFIED,e3b0c44298fc1c149afb,,,,,
Z220,UNCLASSIFIED,e3b0c44298fc1c149afb,#DIV/0!,,,,
AA220,UNCLASSIFIED,e3b0c44298fc1c149afb,#DIV/0!,,,,
V221,UNCLASSIFIED,e3b0c44298fc1c149afb,,,,,
W221,UNCLASSIFIED,e3b0c44298fc1c149afb,,,,,
X221,UNCLASSIFIED,e3b0c44298fc1c149afb,,,,,
Y221,UNCLASSIFIED,e3b0c44298fc1c149afb,,,,,
Z221,UNCLASSIFIED,e3b0c44298fc1c149afb,#DIV/0!,,,,
AA221,UNCLASSIFIED,e3b0c44298fc1c149afb,#DIV/0!,,,,
V222,UNCLASSIFIED,e3b0c44298fc1c149afb,,,,,
W222,UNCLASSIFIED,e3b0c44298fc1c149afb,,,,,
X222,UNCLASSIFIED,e3b0c44298fc1c149afb,,,,,
Y222,UNCLASSIFIED,e3b0c44298fc1c149afb,,,,,
Z222,UNCLASSIFIED,e3b0c44298fc1c149afb,#DIV/0!,,,,
AA222,UNCLASSIFIED,e3b0c44298fc1c149afb,#DIV/0!,,,,
V223,UNCLASSIFIED,e3b0c44298fc1c149afb,,,,,
W223,UNCLASSIFIED,e3b0c44298fc1c149afb,,,,,
X223,UNCLASSIFIED,e3b0c44298fc1c149afb,,,,,
Y223,UNCLASSIFIED,e3b0c44298fc1c149afb,,,,,
Z223,UNCLASSIFIED,e3b0c44298fc1c149afb,#DIV/0!,,,,
AA223,UNCLASSIFIED,e3b0c44298fc1c149afb,#DIV/0!,,,,
V224,UNCLASSIFIED,e3b0c44298fc1c149afb,,,,,
W224,UNCLASSIFIED,e3b0c44298fc1c149afb,,,,,
X224,UNCLASSIFIED,e3b0c44298fc1c149afb,,,,,
Y224,UNCLASSIFIED,e3b0c44298fc1c149afb,,,,,
Z224,UNCLASSIFIED,e3b0c44298fc1c149afb,#DIV/0!,,,,
AA224,UNCLASSIFIED,e3b0c44298fc1c149afb,#DIV/0!,,,,
V225,UNCLASSIFIED,e3b0c44298fc1c149afb,,,,,
W225,UNCLASSIFIED,e3b0c44298fc1c149afb,,,,,
X225,UNCLASSIFIED,e3b0c44298fc1c149afb,,,,,
Y225,UNCLASSIFIED,e3b0c44298fc1c149afb,,,,,
Z225,UNCLASSIFIED,e3b0c44298fc1c149afb,#DIV/0!,,,,
AA225,UNCLASSIFIED,e3b0c44298fc1c149afb,#DIV/0!,,,,
V226,UNCLASSIFIED,e3b0c44298fc1c149afb,,,,,
W226,UNCLASSIFIED,e3b0c44298fc1c149afb,,,,,
X226,UNCLASSIFIED,e3b0c44298fc1c149afb,,,,,
Y226,UNCLASSIFIED,e3b0c44298fc1c149afb,,,,,
Z226,UNCLASSIFIED,e3b0c44298fc1c149afb,#DIV/0!,,,,
AA226,UNCLASSIFIED,e3b0c44298fc1c149afb,#DIV/0!,,,,
V227,UNCLASSIFIED,e3b0c44298fc1c149afb,,,,,
W227,UNCLASSIFIED,e3b0c44298fc1c149afb,,,,,
X227,UNCLASSIFIED,e3b0c44298fc1c149afb,,,,,
Y227,UNCLASSIFIED,e3b0c44298fc1c149afb,,,,,
Z227,UNCLASSIFIED,e3b0c44298fc1c149afb,#DIV/0!,,,,
AA227,UNCLASSIFIED,e3b0c44298fc1c149afb,#DIV/0!,,,,
V228,UNCLASSIFIED,e3b0c44298fc1c149afb,,,,,
W228,UNCLASSIFIED,e3b0c44298fc1c149afb,,,,,
X228,UNCLASSIFIED,e3b0c44298fc1c149afb,,,,,
Y228,UNCLASSIFIED,e3b0c44298fc1c149afb,,,,,
Z228,UNCLASSIFIED,e3b0c44298fc1c149afb,#DIV/0!,,,,
AA228,UNCLASSIFIED,e3b0c44298fc1c149afb,#DIV/0!,,,,
V229,UNCLASSIFIED,e3b0c44298fc1c149afb,,,,,
W229,UNCLASSIFIED,e3b0c44298fc1c149afb,,,,,
X229,UNCLASSIFIED,e3b0c44298fc1c149afb,,,,,
Y229,UNCLASSIFIED,e3b0c44298fc1c149afb,,,,,
Z229,UNCLASSIFIED,e3b0c44298fc1c149afb,#DIV/0!,,,,
AA229,UNCLASSIFIED,e3b0c44298fc1c149afb,#DIV/0!,,,,
V230,UNCLASSIFIED,e3b0c44298fc1c149afb,,,,,
W230,UNCLASSIFIED,e3b0c44298fc1c149afb,,,,,
X230,UNCLASSIFIED,e3b0c44298fc1c149afb,,,,,
Y230,UNCLASSIFIED,e3b0c44298fc1c149afb,,,,,
Z230,UNCLASSIFIED,e3b0c44298fc1c149afb,#DIV/0!,,,,
AA230,UNCLASSIFIED,e3b0c44298fc1c149afb,#DIV/0!,,,,
V231,UNCLASSIFIED,e3b0c44298fc1c149afb,,,,,
W231,UNCLASSIFIED,e3b0c44298fc1c149afb,,,,,
X231,UNCLASSIFIED,e3b0c44298fc1c149afb,,,,,
Y231,UNCLASSIFIED,e3b0c44298fc1c149afb,,,,,
Z231,UNCLASSIFIED,e3b0c44298fc1c149afb,#DIV/0!,,,,
AA231,UNCLASSIFIED,e3b0c44298fc1c149afb,#DIV/0!,,,,
V232,UNCLASSIFIED,e3b0c44298fc1c149afb,,,,,
W232,UNCLASSIFIED,e3b0c44298fc1c149afb,,,,,
X232,UNCLASSIFIED,e3b0c44298fc1c149afb,,,,,
Y232,UNCLASSIFIED,e3b0c44298fc1c149afb,,,,,
Z232,UNCLASSIFIED,e3b0c44298fc1c149afb,#DIV/0!,,,,
AA232,UNCLASSIFIED,e3b0c44298fc1c149afb,#DIV/0!,,,,
V233,UNCLASSIFIED,e3b0c44298fc1c149afb,,,,,
W233,UNCLASSIFIED,e3b0c44298fc1c149afb,,,,,
X233,UNCLASSIFIED,e3b0c44298fc1c149afb,,,,,
Y233,UNCLASSIFIED,e3b0c44298fc1c149afb,,,,,
Z233,UNCLASSIFIED,e3b0c44298fc1c149afb,#DIV/0!,,,,
AA233,UNCLASSIFIED,e3b0c44298fc1c149afb,#DIV/0!,,,,
V234,UNCLASSIFIED,e3b0c44298fc1c149afb,,,,,
W234,UNCLASSIFIED,e3b0c44298fc1c149afb,,,,,
X234,UNCLASSIFIED,e3b0c44298fc1c149afb,,,,,
Y234,UNCLASSIFIED,e3b0c44298fc1c149afb,,,,,
Z234,UNCLASSIFIED,e3b0c44298fc1c149afb,#DIV/0!,,,,
AA234,UNCLASSIFIED,e3b0c44298fc1c149afb,#DIV/0!,,,,
V235,UNCLASSIFIED,e3b0c44298fc1c149afb,,,,,
W235,UNCLASSIFIED,e3b0c44298fc1c149afb,,,,,
X235,UNCLASSIFIED,e3b0c44298fc1c149afb,,,,,
Y235,UNCLASSIFIED,e3b0c44298fc1c149afb,,,,,
Z235,UNCLASSIFIED,e3b0c44298fc1c149afb,#DIV/0!,,,,
AA235,UNCLASSIFIED,e3b0c44298fc1c149afb,#DIV/0!,,,,
V236,UNCLASSIFIED,e3b0c44298fc1c149afb,,,,,
W236,UNCLASSIFIED,e3b0c44298fc1c149afb,,,,,
X236,UNCLASSIFIED,e3b0c44298fc1c149afb,,,,,
Y236,UNCLASSIFIED,e3b0c44298fc1c149afb,,,,,
Z236,UNCLASSIFIED,e3b0c44298fc1c149afb,#DIV/0!,,,,
AA236,UNCLASSIFIED,e3b0c44298fc1c149afb,#DIV/0!,,,,
V237,UNCLASSIFIED,e3b0c44298fc1c149afb,,,,,
W237,UNCLASSIFIED,e3b0c44298fc1c149afb,,,,,
X237,UNCLASSIFIED,e3b0c44298fc1c149afb,,,,,
Y237,UNCLASSIFIED,e3b0c44298fc1c149afb,,,,,
Z237,UNCLASSIFIED,e3b0c44298fc1c149afb,#DIV/0!,,,,
AA237,UNCLASSIFIED,e3b0c44298fc1c149afb,#DIV/0!,,,,
V238,UNCLASSIFIED,e3b0c44298fc1c149afb,,,,,
W238,UNCLASSIFIED,e3b0c44298fc1c149afb,,,,,
X238,UNCLASSIFIED,e3b0c44298fc1c149afb,,,,,
Y238,UNCLASSIFIED,e3b0c44298fc1c149afb,,,,,
Z238,UNCLASSIFIED,e3b0c44298fc1c149afb,#DIV/0!,,,,
AA238,UNCLASSIFIED,e3b0c44298fc1c149afb,#DIV/0!,,,,
V239,UNCLASSIFIED,e3b0c44298fc1c149afb,,,,,
W239,UNCLASSIFIED,e3b0c44298fc1c149afb,,,,,
X239,UNCLASSIFIED,e3b0c44298fc1c149afb,,,,,
Y239,UNCLASSIFIED,e3b0c44298fc1c149afb,,,,,
Z239,UNCLASSIFIED,e3b0c44298fc1c149afb,#DIV/0!,,,,
AA239,UNCLASSIFIED,e3b0c44298fc1c149afb,#DIV/0!,,,,
V240,UNCLASSIFIED,e3b0c44298fc1c149afb,,,,,
W240,UNCLASSIFIED,e3b0c44298fc1c149afb,,,,,
X240,UNCLASSIFIED,e3b0c44298fc1c149afb,,,,,
Y240,UNCLASSIFIED,e3b0c44298fc1c149afb,,,,,
Z240,UNCLASSIFIED,e3b0c44298fc1c149afb,#DIV/0!,,,,
AA240,UNCLASSIFIED,e3b0c44298fc1c149afb,#DIV/0!,,,,
V241,UNCLASSIFIED,e3b0c44298fc1c149afb,,,,,
W241,UNCLASSIFIED,e3b0c44298fc1c149afb,,,,,
X241,UNCLASSIFIED,e3b0c44298fc1c149afb,,,,,
Y241,UNCLASSIFIED,e3b0c44298fc1c149afb,,,,,
Z241,UNCLASSIFIED,e3b0c44298fc1c149afb,#DIV/0!,,,,
AA241,UNCLASSIFIED,e3b0c44298fc1c149afb,#DIV/0!,,,,
V242,UNCLASSIFIED,e3b0c44298fc1c149afb,,,,,
W242,UNCLASSIFIED,e3b0c44298fc1c149afb,,,,,
X242,UNCLASSIFIED,e3b0c44298fc1c149afb,,,,,
Y242,UNCLASSIFIED,e3b0c44298fc1c149afb,,,,,
Z242,UNCLASSIFIED,e3b0c44298fc1c149afb,#DIV/0!,,,,
AA242,UNCLASSIFIED,e3b0c44298fc1c149afb,#DIV/0!,,,,
V243,UNCLASSIFIED,e3b0c44298fc1c149afb,,,,,
W243,UNCLASSIFIED,e3b0c44298fc1c149afb,,,,,
X243,UNCLASSIFIED,e3b0c44298fc1c149afb,,,,,
Y243,UNCLASSIFIED,e3b0c44298fc1c149afb,,,,,
Z243,UNCLASSIFIED,e3b0c44298fc1c149afb,#DIV/0!,,,,
AA243,UNCLASSIFIED,e3b0c44298fc1c149afb,#DIV/0!,,,,
V244,UNCLASSIFIED,e3b0c44298fc1c149afb,,,,,
W244,UNCLASSIFIED,e3b0c44298fc1c149afb,,,,,
X244,UNCLASSIFIED,e3b0c44298fc1c149afb,,,,,
Y244,UNCLASSIFIED,e3b0c44298fc1c149afb,,,,,
Z244,UNCLASSIFIED,e3b0c44298fc1c149afb,#DIV/0!,,,,
AA244,UNCLASSIFIED,e3b0c44298fc1c149afb,#DIV/0!,,,,
V245,UNCLASSIFIED,e3b0c44298fc1c149afb,,,,,
W245,UNCLASSIFIED,e3b0c44298fc1c149afb,,,,,
X245,UNCLASSIFIED,e3b0c44298fc1c149afb,,,,,
Y245,UNCLASSIFIED,e3b0c44298fc1c149afb,,,,,
Z245,UNCLASSIFIED,e3b0c44298fc1c149afb,#DIV/0!,,,,
AA245,UNCLASSIFIED,e3b0c44298fc1c149afb,#DIV/0!,,,,
V246,UNCLASSIFIED,e3b0c44298fc1c149afb,,,,,
W246,UNCLASSIFIED,e3b0c44298fc1c149afb,,,,,
X246,UNCLASSIFIED,e3b0c44298fc1c149afb,,,,,
Y246,UNCLASSIFIED,e3b0c44298fc1c149afb,,,,,
Z246,UNCLASSIFIED,e3b0c44298fc1c149afb,#DIV/0!,,,,
AA246,UNCLASSIFIED,e3b0c44298fc1c149afb,#DIV/0!,,,,
V247,UNCLASSIFIED,e3b0c44298fc1c149afb,,,,,
W247,UNCLASSIFIED,e3b0c44298fc1c149afb,,,,,
X247,UNCLASSIFIED,e3b0c44298fc1c149afb,,,,,
Y247,UNCLASSIFIED,e3b0c44298fc1c149afb,,,,,
Z247,UNCLASSIFIED,e3b0c44298fc1c149afb,#DIV/0!,,,,
AA247,UNCLASSIFIED,e3b0c44298fc1c149afb,#DIV/0!,,,,
V248,UNCLASSIFIED,e3b0c44298fc1c149afb,,,,,
W248,UNCLASSIFIED,e3b0c44298fc1c149afb,,,,,
X248,UNCLASSIFIED,e3b0c44298fc1c149afb,,,,,
Y248,UNCLASSIFIED,e3b0c44298fc1c149afb,,,,,
Z248,UNCLASSIFIED,e3b0c44298fc1c149afb,#DIV/0!,,,,
AA248,UNCLASSIFIED,e3b0c44298fc1c149afb,#DIV/0!,,,,
V249,UNCLASSIFIED,e3b0c44298fc1c149afb,,,,,
W249,UNCLASSIFIED,e3b0c44298fc1c149afb,,,,,
X249,UNCLASSIFIED,e3b0c44298fc1c149afb,,,,,
Y249,UNCLASSIFIED,e3b0c44298fc1c149afb,,,,,
Z249,UNCLASSIFIED,e3b0c44298fc1c149afb,#DIV/0!,,,,
AA249,UNCLASSIFIED,e3b0c44298fc1c149afb,#DIV/0!,,,,
V250,UNCLASSIFIED,e3b0c44298fc1c149afb,,,,,
W250,UNCLASSIFIED,e3b0c44298fc1c149afb,,,,,
X250,UNCLASSIFIED,e3b0c44298fc1c149afb,,,,,
Y250,UNCLASSIFIED,e3b0c44298fc1c149afb,,,,,
Z250,UNCLASSIFIED,e3b0c44298fc1c149afb,#DIV/0!,,,,
AA250,UNCLASSIFIED,e3b0c44298fc1c149afb,#DIV/0!,,,,
V251,UNCLASSIFIED,e3b0c44298fc1c149afb,,,,,
W251,UNCLASSIFIED,e3b0c44298fc1c149afb,,,,,
X251,UNCLASSIFIED,e3b0c44298fc1c149afb,,,,,
Y251,UNCLASSIFIED,e3b0c44298fc1c149afb,,,,,
Z251,UNCLASSIFIED,e3b0c44298fc1c149afb,#DIV/0!,,,,
AA251,UNCLASSIFIED,e3b0c44298fc1c149afb,#DIV/0!,,,,
V252,UNCLASSIFIED,e3b0c44298fc1c149afb,,,,,
W252,UNCLASSIFIED,e3b0c44298fc1c149afb,,,,,
X252,UNCLASSIFIED,e3b0c44298fc1c149afb,,,,,
Y252,UNCLASSIFIED,e3b0c44298fc1c149afb,,,,,
Z252,UNCLASSIFIED,e3b0c44298fc1c149afb,#DIV/0!,,,,
AA252,UNCLASSIFIED,e3b0c44298fc1c149afb,#DIV/0!,,,,
V253,UNCLASSIFIED,e3b0c44298fc1c149afb,,,,,
W253,UNCLASSIFIED,e3b0c44298fc1c149afb,,,,,
X253,UNCLASSIFIED,e3b0c44298fc1c149afb,,,,,
Y253,UNCLASSIFIED,e3b0c44298fc1c149afb,,,,,
Z253,UNCLASSIFIED,e3b0c44298fc1c149afb,#DIV/0!,,,,
AA253,UNCLASSIFIED,e3b0c44298fc1c149afb,#DIV/0!,,,,
V254,UNCLASSIFIED,e3b0c44298fc1c149afb,,,,,
W254,UNCLASSIFIED,e3b0c44298fc1c149afb,,,,,
X254,UNCLASSIFIED,e3b0c44298fc1c149afb,,,,,
Y254,UNCLASSIFIED,e3b0c44298fc1c149afb,,,,,
Z254,UNCLASSIFIED,e3b0c44298fc1c149afb,#DIV/0!,,,,
AA254,UNCLASSIFIED,e3b0c44298fc1c149afb,#DIV/0!,,,,
V255,UNCLASSIFIED,e3b0c44298fc1c149afb,,,,,
W255,UNCLASSIFIED,e3b0c44298fc1c149afb,,,,,
X255,UNCLASSIFIED,e3b0c44298fc1c149afb,,,,,
Y255,UNCLASSIFIED,e3b0c44298fc1c149afb,,,,,
Z255,UNCLASSIFIED,e3b0c44298fc1c149afb,#DIV/0!,,,,
AA255,UNCLASSIFIED,e3b0c44298fc1c149afb,#DIV/0!,,,,
V256,UNCLASSIFIED,e3b0c44298fc1c149afb,,,,,
W256,UNCLASSIFIED,e3b0c44298fc1c149afb,,,,,
X256,UNCLASSIFIED,e3b0c44298fc1c149afb,,,,,
Y256,UNCLASSIFIED,e3b0c44298fc1c149afb,,,,,
Z256,UNCLASSIFIED,e3b0c44298fc1c149afb,#DIV/0!,,,,
AA256,UNCLASSIFIED,e3b0c44298fc1c149afb,#DIV/0!,,,,
V257,UNCLASSIFIED,e3b0c44298fc1c149afb,,,,,
W257,UNCLASSIFIED,e3b0c44298fc1c149afb,,,,,
X257,UNCLASSIFIED,e3b0c44298fc1c149afb,,,,,
Y257,UNCLASSIFIED,e3b0c44298fc1c149afb,,,,,
Z257,UNCLASSIFIED,e3b0c44298fc1c149afb,#DIV/0!,,,,
AA257,UNCLASSIFIED,e3b0c44298fc1c149afb,#DIV/0!,,,,
V258,UNCLASSIFIED,e3b0c44298fc1c149afb,,,,,
W258,UNCLASSIFIED,e3b0c44298fc1c149afb,,,,,
X258,UNCLASSIFIED,e3b0c44298fc1c149afb,,,,,
Y258,UNCLASSIFIED,e3b0c44298fc1c149afb,,,,,
Z258,UNCLASSIFIED,e3b0c44298fc1c149afb,#DIV/0!,,,,
AA258,UNCLASSIFIED,e3b0c44298fc1c149afb,#DIV/0!,,,,
V259,UNCLASSIFIED,e3b0c44298fc1c149afb,,,,,
W259,UNCLASSIFIED,e3b0c44298fc1c149afb,,,,,
X259,UNCLASSIFIED,e3b0c44298fc1c149afb,,,,,
Y259,UNCLASSIFIED,e3b0c44298fc1c149afb,,,,,
Z259,UNCLASSIFIED,e3b0c44298fc1c149afb,#DIV/0!,,,,
AA259,UNCLASSIFIED,e3b0c44298fc1c149afb,#DIV/0!,,,,
V260,UNCLASSIFIED,e3b0c44298fc1c149afb,,,,,
W260,UNCLASSIFIED,e3b0c44298fc1c149afb,,,,,
X260,UNCLASSIFIED,e3b0c44298fc1c149afb,,,,,
Y260,UNCLASSIFIED,e3b0c44298fc1c149afb,,,,,
Z260,UNCLASSIFIED,e3b0c44298fc1c149afb,#DIV/0!,,,,
AA260,UNCLASSIFIED,e3b0c44298fc1c149afb,#DIV/0!,,,,
V261,UNCLASSIFIED,e3b0c44298fc1c149afb,,,,,
W261,UNCLASSIFIED,e3b0c44298fc1c149afb,,,,,
X261,UNCLASSIFIED,e3b0c44298fc1c149afb,,,,,
Y261,UNCLASSIFIED,e3b0c44298fc1c149afb,,,,,
Z261,UNCLASSIFIED,e3b0c44298fc1c149afb,#DIV/0!,,,,
AA261,UNCLASSIFIED,e3b0c44298fc1c149afb,#DIV/0!,,,,
V262,UNCLASSIFIED,e3b0c44298fc1c149afb,,,,,
W262,UNCLASSIFIED,e3b0c44298fc1c149afb,,,,,
X262,UNCLASSIFIED,e3b0c44298fc1c149afb,,,,,
Y262,UNCLASSIFIED,e3b0c44298fc1c149afb,,,,,
Z262,UNCLASSIFIED,e3b0c44298fc1c149afb,#DIV/0!,,,,
AA262,UNCLASSIFIED,e3b0c44298fc1c149afb,#DIV/0!,,,,
V263,UNCLASSIFIED,e3b0c44298fc1c149afb,,,,,
W263,UNCLASSIFIED,e3b0c44298fc1c149afb,,,,,
X263,UNCLASSIFIED,e3b0c44298fc1c149afb,,,,,
Y263,UNCLASSIFIED,e3b0c44298fc1c149afb,,,,,
Z263,UNCLASSIFIED,e3b0c44298fc1c149afb,#DIV/0!,,,,
AA263,UNCLASSIFIED,e3b0c44298fc1c149afb,#DIV/0!,,,,
V264,UNCLASSIFIED,e3b0c44298fc1c149afb,,,,,
W264,UNCLASSIFIED,e3b0c44298fc1c149afb,,,,,
X264,UNCLASSIFIED,e3b0c44298fc1c149afb,,,,,
Y264,UNCLASSIFIED,e3b0c44298fc1c149afb,,,,,
Z264,UNCLASSIFIED,e3b0c44298fc1c149afb,#DIV/0!,,,,
AA264,UNCLASSIFIED,e3b0c44298fc1c149afb,#DIV/0!,,,,
V265,UNCLASSIFIED,e3b0c44298fc1c149afb,,,,,
W265,UNCLASSIFIED,e3b0c44298fc1c149afb,,,,,
X265,UNCLASSIFIED,e3b0c44298fc1c149afb,,,,,
Y265,UNCLASSIFIED,e3b0c44298fc1c149afb,,,,,
Z265,UNCLASSIFIED,e3b0c44298fc1c149afb,#DIV/0!,,,,
AA265,UNCLASSIFIED,e3b0c44298fc1c149afb,#DIV/0!,,,,
V266,UNCLASSIFIED,e3b0c44298fc1c149afb,,,,,
W266,UNCLASSIFIED,e3b0c44298fc1c149afb,,,,,
X266,UNCLASSIFIED,e3b0c44298fc1c149afb,,,,,
Y266,UNCLASSIFIED,e3b0c44298fc1c149afb,,,,,
Z266,UNCLASSIFIED,e3b0c44298fc1c149afb,#DIV/0!,,,,
AA266,UNCLASSIFIED,e3b0c44298fc1c149afb,#DIV/0!,,,,
V267,UNCLASSIFIED,e3b0c44298fc1c149afb,,,,,
W267,UNCLASSIFIED,e3b0c44298fc1c149afb,,,,,
X267,UNCLASSIFIED,e3b0c44298fc1c149afb,,,,,
Y267,UNCLASSIFIED,e3b0c44298fc1c149afb,,,,,
Z267,UNCLASSIFIED,e3b0c44298fc1c149afb,#DIV/0!,,,,
AA267,UNCLASSIFIED,e3b0c44298fc1c149afb,#DIV/0!,,,,
V268,UNCLASSIFIED,e3b0c44298fc1c149afb,,,,,
W268,UNCLASSIFIED,e3b0c44298fc1c149afb,,,,,
X268,UNCLASSIFIED,e3b0c44298fc1c149afb,,,,,
Y268,UNCLASSIFIED,e3b0c44298fc1c149afb,,,,,
Z268,UNCLASSIFIED,e3b0c44298fc1c149afb,#DIV/0!,,,,
AA268,UNCLASSIFIED,e3b0c44298fc1c149afb,#DIV/0!,,,,
V269,UNCLASSIFIED,e3b0c44298fc1c149afb,,,,,
W269,UNCLASSIFIED,e3b0c44298fc1c149afb,,,,,
X269,UNCLASSIFIED,e3b0c44298fc1c149afb,,,,,
Y269,UNCLASSIFIED,e3b0c44298fc1c149afb,,,,,
Z269,UNCLASSIFIED,e3b0c44298fc1c149afb,#DIV/0!,,,,
AA269,UNCLASSIFIED,e3b0c44298fc1c149afb,#DIV/0!,,,,
V270,UNCLASSIFIED,e3b0c44298fc1c149afb,,,,,
W270,UNCLASSIFIED,e3b0c44298fc1c149afb,,,,,
X270,UNCLASSIFIED,e3b0c44298fc1c149afb,,,,,
Y270,UNCLASSIFIED,e3b0c44298fc1c149afb,,,,,
Z270,UNCLASSIFIED,e3b0c44298fc1c149afb,#DIV/0!,,,,
AA270,UNCLASSIFIED,e3b0c44298fc1c149afb,#DIV/0!,,,,
V271,UNCLASSIFIED,e3b0c44298fc1c149afb,,,,,
W271,UNCLASSIFIED,e3b0c44298fc1c149afb,,,,,
X271,UNCLASSIFIED,e3b0c44298fc1c149afb,,,,,
Y271,UNCLASSIFIED,e3b0c44298fc1c149afb,,,,,
Z271,UNCLASSIFIED,e3b0c44298fc1c149afb,#DIV/0!,,,,
AA271,UNCLASSIFIED,e3b0c44298fc1c149afb,#DIV/0!,,,,
V272,UNCLASSIFIED,e3b0c44298fc1c149afb,,,,,
W272,UNCLASSIFIED,e3b0c44298fc1c149afb,,,,,
X272,UNCLASSIFIED,e3b0c44298fc1c149afb,,,,,
Y272,UNCLASSIFIED,e3b0c44298fc1c149afb,,,,,
Z272,UNCLASSIFIED,e3b0c44298fc1c149afb,#DIV/0!,,,,
AA272,UNCLASSIFIED,e3b0c44298fc1c149afb,#DIV/0!,,,,
V273,UNCLASSIFIED,e3b0c44298fc1c149afb,,,,,
W273,UNCLASSIFIED,e3b0c44298fc1c149afb,,,,,
X273,UNCLASSIFIED,e3b0c44298fc1c149afb,,,,,
Y273,UNCLASSIFIED,e3b0c44298fc1c149afb,,,,,
Z273,UNCLASSIFIED,e3b0c44298fc1c149afb,#DIV/0!,,,,
AA273,UNCLASSIFIED,e3b0c44298fc1c149afb,#DIV/0!,,,,
V274,UNCLASSIFIED,e3b0c44298fc1c149afb,,,,,
W274,UNCLASSIFIED,e3b0c44298fc1c149afb,,,,,
X274,UNCLASSIFIED,e3b0c44298fc1c149afb,,,,,
Y274,UNCLASSIFIED,e3b0c44298fc1c149afb,,,,,
Z274,UNCLASSIFIED,e3b0c44298fc1c149afb,#DIV/0!,,,,
AA274,UNCLASSIFIED,e3b0c44298fc1c149afb,#DIV/0!,,,,
V275,UNCLASSIFIED,e3b0c44298fc1c149afb,,,,,
W275,UNCLASSIFIED,e3b0c44298fc1c149afb,,,,,
X275,UNCLASSIFIED,e3b0c44298fc1c149afb,,,,,
Y275,UNCLASSIFIED,e3b0c44298fc1c149afb,,,,,
Z275,UNCLASSIFIED,e3b0c44298fc1c149afb,#DIV/0!,,,,
AA275,UNCLASSIFIED,e3b0c44298fc1c149afb,#DIV/0!,,,,
V276,UNCLASSIFIED,e3b0c44298fc1c149afb,,,,,
W276,UNCLASSIFIED,e3b0c44298fc1c149afb,,,,,
X276,UNCLASSIFIED,e3b0c44298fc1c149afb,,,,,
Y276,UNCLASSIFIED,e3b0c44298fc1c149afb,,,,,
Z276,UNCLASSIFIED,e3b0c44298fc1c149afb,#DIV/0!,,,,
AA276,UNCLASSIFIED,e3b0c44298fc1c149afb,#DIV/0!,,,,
V277,UTILIZATION,b070dbb90878a1f60ba9,,,,"IFERROR(IF(AND(1/L277>$V$19,1/L277<=$W$19),1/L277,0),"""")","IFERROR(IF(AND(1/RC[-10]>R19C22,1/RC[-10]<=R19C23),1/RC[-10],0),"""")"
W277,UTILIZATION,de0a5dbfc5cc172602ba,,,,"IFERROR(IF(AND(1/L277>$W$19,1/L277<=$X$19),1/L277,0),"""")","IFERROR(IF(AND(1/RC[-11]>R19C23,1/RC[-11]<=R19C24),1/RC[-11],0),"""")"
X277,UTILIZATION,102bfd8013f27758e7c0,,,,"IFERROR(IF(AND(1/L277>$X$19,1/L277<=$Y$19),1/L277,0),"""")","IFERROR(IF(AND(1/RC[-12]>R19C24,1/RC[-12]<=R19C25),1/RC[-12],0),"""")"
Y277,UTILIZATION,2d4c8f3ea18940579bdf,,,,"IFERROR(IF(1/L277>$Y$19,1/L277,0),"""")","IFERROR(IF(1/RC[-13]>R19C25,1/RC[-13],0),"""")"
Z277,UTILIZATION,28ac2bdd4846fc6e2a7f,#DIV/0!,,,"IF(N277<>"""",(N277-$N$17)/1000,1/0)","IF(RC[-12]<>"""",(RC[-12]-R17C14)/1000,1/0)"
AA277,UTILIZATION,1aafe524f4bc30e7637c,#DIV/0!,,,"IF(O277<>"""",(O277-$O$17)/1000,1/0)","IF(RC[-12]<>"""",(RC[-12]-R17C15)/1000,1/0)"
V278,UNCLASSIFIED,e3b0c44298fc1c149afb,,,,,
W278,UNCLASSIFIED,e3b0c44298fc1c149afb,,,,,
X278,UNCLASSIFIED,e3b0c44298fc1c149afb,,,,,
Y278,UNCLASSIFIED,e3b0c44298fc1c149afb,,,,,
Z278,UNCLASSIFIED,e3b0c44298fc1c149afb,#DIV/0!,,,,
AA278,UNCLASSIFIED,e3b0c44298fc1c149afb,#DIV/0!,,,,
V279,UNCLASSIFIED,e3b0c44298fc1c149afb,,,,,
W279,UNCLASSIFIED,e3b0c44298fc1c149afb,,,,,
X279,UNCLASSIFIED,e3b0c44298fc1c149afb,,,,,
Y279,UNCLASSIFIED,e3b0c44298fc1c149afb,,,,,
Z279,UNCLASSIFIED,e3b0c44298fc1c149afb,#DIV/0!,,,,
AA279,UNCLASSIFIED,e3b0c44298fc1c149afb,#DIV/0!,,,,
V280,UNCLASSIFIED,e3b0c44298fc1c149afb,,,,,
W280,UNCLASSIFIED,e3b0c44298fc1c149afb,,,,,
X280,UNCLASSIFIED,e3b0c44298fc1c149afb,,,,,
Y280,UNCLASSIFIED,e3b0c44298fc1c149afb,,,,,
Z280,UNCLASSIFIED,e3b0c44298fc1c149afb,#DIV/0!,,,,
AA280,UNCLASSIFIED,e3b0c44298fc1c149afb,#DIV/0!,,,,
V281,UNCLASSIFIED,e3b0c44298fc1c149afb,,,,,
W281,UNCLASSIFIED,e3b0c44298fc1c149afb,,,,,
X281,UNCLASSIFIED,e3b0c44298fc1c149afb,,,,,
Y281,UNCLASSIFIED,e3b0c44298fc1c149afb,,,,,
Z281,UNCLASSIFIED,e3b0c44298fc1c149afb,#DIV/0!,,,,
AA281,UNCLASSIFIED,e3b0c44298fc1c149afb,#DIV/0!,,,,
V282,UNCLASSIFIED,e3b0c44298fc1c149afb,,,,,
W282,UNCLASSIFIED,e3b0c44298fc1c149afb,,,,,
X282,UNCLASSIFIED,e3b0c44298fc1c149afb,,,,,
Y282,UNCLASSIFIED,e3b0c44298fc1c149afb,,,,,
Z282,UNCLASSIFIED,e3b0c44298fc1c149afb,#DIV/0!,,,,
AA282,UNCLASSIFIED,e3b0c44298fc1c149afb,#DIV/0!,,,,
V283,UNCLASSIFIED,e3b0c44298fc1c149afb,,,,,
W283,UNCLASSIFIED,e3b0c44298fc1c149afb,,,,,
X283,UNCLASSIFIED,e3b0c44298fc1c149afb,,,,,
Y283,UNCLASSIFIED,e3b0c44298fc1c149afb,,,,,
Z283,UNCLASSIFIED,e3b0c44298fc1c149afb,#DIV/0!,,,,
AA283,UNCLASSIFIED,e3b0c44298fc1c149afb,#DIV/0!,,,,
V284,UNCLASSIFIED,e3b0c44298fc1c149afb,,,,,
W284,UNCLASSIFIED,e3b0c44298fc1c149afb,,,,,
X284,UNCLASSIFIED,e3b0c44298fc1c149afb,,,,,
Y284,UNCLASSIFIED,e3b0c44298fc1c149afb,,,,,
Z284,UNCLASSIFIED,e3b0c44298fc1c149afb,#DIV/0!,,,,
AA284,UNCLASSIFIED,e3b0c44298fc1c149afb,#DIV/0!,,,,
V285,UNCLASSIFIED,e3b0c44298fc1c149afb,,,,,
W285,UNCLASSIFIED,e3b0c44298fc1c149afb,,,,,
X285,UNCLASSIFIED,e3b0c44298fc1c149afb,,,,,
Y285,UNCLASSIFIED,e3b0c44298fc1c149afb,,,,,
Z285,UNCLASSIFIED,e3b0c44298fc1c149afb,#DIV/0!,,,,
AA285,UNCLASSIFIED,e3b0c44298fc1c149afb,#DIV/0!,,,,
V286,UNCLASSIFIED,e3b0c44298fc1c149afb,,,,,
W286,UNCLASSIFIED,e3b0c44298fc1c149afb,,,,,
X286,UNCLASSIFIED,e3b0c44298fc1c149afb,,,,,
Y286,UNCLASSIFIED,e3b0c44298fc1c149afb,,,,,
Z286,UNCLASSIFIED,e3b0c44298fc1c149afb,#DIV/0!,,,,
AA286,UNCLASSIFIED,e3b0c44298fc1c149afb,#DIV/0!,,,,
V287,UNCLASSIFIED,e3b0c44298fc1c149afb,,,,,
W287,UNCLASSIFIED,e3b0c44298fc1c149afb,,,,,
X287,UNCLASSIFIED,e3b0c44298fc1c149afb,,,,,
Y287,UNCLASSIFIED,e3b0c44298fc1c149afb,,,,,
Z287,UNCLASSIFIED,e3b0c44298fc1c149afb,#DIV/0!,,,,
AA287,UNCLASSIFIED,e3b0c44298fc1c149afb,#DIV/0!,,,,
V288,UNCLASSIFIED,e3b0c44298fc1c149afb,,,,,
W288,UNCLASSIFIED,e3b0c44298fc1c149afb,,,,,
X288,UNCLASSIFIED,e3b0c44298fc1c149afb,,,,,
Y288,UNCLASSIFIED,e3b0c44298fc1c149afb,,,,,
Z288,UNCLASSIFIED,e3b0c44298fc1c149afb,#DIV/0!,,,,
AA288,UNCLASSIFIED,e3b0c44298fc1c149afb,#DIV/0!,,,,
V289,UNCLASSIFIED,e3b0c44298fc1c149afb,,,,,
W289,UNCLASSIFIED,e3b0c44298fc1c149afb,,,,,
X289,UNCLASSIFIED,e3b0c44298fc1c149afb,,,,,
Y289,UNCLASSIFIED,e3b0c44298fc1c149afb,,,,,
Z289,UNCLASSIFIED,e3b0c44298fc1c149afb,#DIV/0!,,,,
AA289,UNCLASSIFIED,e3b0c44298fc1c149afb,#DIV/0!,,,,
V290,UNCLASSIFIED,e3b0c44298fc1c149afb,,,,,
W290,UNCLASSIFIED,e3b0c44298fc1c149afb,,,,,
X290,UNCLASSIFIED,e3b0c44298fc1c149afb,,,,,
Y290,UNCLASSIFIED,e3b0c44298fc1c149afb,,,,,
Z290,UNCLASSIFIED,e3b0c44298fc1c149afb,#DIV/0!,,,,
AA290,UNCLASSIFIED,e3b0c44298fc1c149afb,#DIV/0!,,,,
V291,UNCLASSIFIED,e3b0c44298fc1c149afb,,,,,
W291,UNCLASSIFIED,e3b0c44298fc1c149afb,,,,,
X291,UNCLASSIFIED,e3b0c44298fc1c149afb,,,,,
Y291,UNCLASSIFIED,e3b0c44298fc1c149afb,,,,,
Z291,UNCLASSIFIED,e3b0c44298fc1c149afb,#DIV/0!,,,,
AA291,UNCLASSIFIED,e3b0c44298fc1c149afb,#DIV/0!,,,,
V292,UNCLASSIFIED,e3b0c44298fc1c149afb,,,,,
W292,UNCLASSIFIED,e3b0c44298fc1c149afb,,,,,
X292,UNCLASSIFIED,e3b0c44298fc1c149afb,,,,,
Y292,UNCLASSIFIED,e3b0c44298fc1c149afb,,,,,
Z292,UNCLASSIFIED,e3b0c44298fc1c149afb,#DIV/0!,,,,
AA292,UNCLASSIFIED,e3b0c44298fc1c149afb,#DIV/0!,,,,
V293,UNCLASSIFIED,e3b0c44298fc1c149afb,,,,,
W293,UNCLASSIFIED,e3b0c44298fc1c149afb,,,,,
X293,UNCLASSIFIED,e3b0c44298fc1c149afb,,,,,
Y293,UNCLASSIFIED,e3b0c44298fc1c149afb,,,,,
Z293,UNCLASSIFIED,e3b0c44298fc1c149afb,#DIV/0!,,,,
AA293,UNCLASSIFIED,e3b0c44298fc1c149afb,#DIV/0!,,,,
V294,UNCLASSIFIED,e3b0c44298fc1c149afb,,,,,
W294,UNCLASSIFIED,e3b0c44298fc1c149afb,,,,,
X294,UNCLASSIFIED,e3b0c44298fc1c149afb,,,,,
Y294,UNCLASSIFIED,e3b0c44298fc1c149afb,,,,,
Z294,UNCLASSIFIED,e3b0c44298fc1c149afb,#DIV/0!,,,,
AA294,UNCLASSIFIED,e3b0c44298fc1c149afb,#DIV/0!,,,,
V295,UNCLASSIFIED,e3b0c44298fc1c149afb,,,,,
W295,UNCLASSIFIED,e3b0c44298fc1c149afb,,,,,
X295,UNCLASSIFIED,e3b0c44298fc1c149afb,,,,,
Y295,UNCLASSIFIED,e3b0c44298fc1c149afb,,,,,
Z295,UNCLASSIFIED,e3b0c44298fc1c149afb,#DIV/0!,,,,
AA295,UNCLASSIFIED,e3b0c44298fc1c149afb,#DIV/0!,,,,
V296,UNCLASSIFIED,e3b0c44298fc1c149afb,,,,,
W296,UNCLASSIFIED,e3b0c44298fc1c149afb,,,,,
X296,UNCLASSIFIED,e3b0c44298fc1c149afb,,,,,
Y296,UNCLASSIFIED,e3b0c44298fc1c149afb,,,,,
Z296,UNCLASSIFIED,e3b0c44298fc1c149afb,#DIV/0!,,,,
AA296,UNCLASSIFIED,e3b0c44298fc1c149afb,#DIV/0!,,,,
V297,UNCLASSIFIED,e3b0c44298fc1c149afb,,,,,
W297,UNCLASSIFIED,e3b0c44298fc1c149afb,,,,,
X297,UNCLASSIFIED,e3b0c44298fc1c149afb,,,,,
Y297,UNCLASSIFIED,e3b0c44298fc1c149afb,,,,,
Z297,UNCLASSIFIED,e3b0c44298fc1c149afb,#DIV/0!,,,,
AA297,UNCLASSIFIED,e3b0c44298fc1c149afb,#DIV/0!,,,,
V298,UNCLASSIFIED,e3b0c44298fc1c149afb,,,,,
W298,UNCLASSIFIED,e3b0c44298fc1c149afb,,,,,
X298,UNCLASSIFIED,e3b0c44298fc1c149afb,,,,,
Y298,UNCLASSIFIED,e3b0c44298fc1c149afb,,,,,
Z298,UNCLASSIFIED,e3b0c44298fc1c149afb,#DIV/0!,,,,
AA298,UNCLASSIFIED,e3b0c44298fc1c149afb,#DIV/0!,,,,
V299,UNCLASSIFIED,e3b0c44298fc1c149afb,,,,,
W299,UNCLASSIFIED,e3b0c44298fc1c149afb,,,,,
X299,UNCLASSIFIED,e3b0c44298fc1c149afb,,,,,
Y299,UNCLASSIFIED,e3b0c44298fc1c149afb,,,,,
Z299,UNCLASSIFIED,e3b0c44298fc1c149afb,#DIV/0!,,,,
AA299,UNCLASSIFIED,e3b0c44298fc1c149afb,#DIV/0!,,,,
V300,UNCLASSIFIED,e3b0c44298fc1c149afb,,,,,
W300,UNCLASSIFIED,e3b0c44298fc1c149afb,,,,,
X300,UNCLASSIFIED,e3b0c44298fc1c149afb,,,,,
Y300,UNCLASSIFIED,e3b0c44298fc1c149afb,,,,,
Z300,UNCLASSIFIED,e3b0c44298fc1c149afb,#DIV/0!,,,,
AA300,UNCLASSIFIED,e3b0c44298fc1c149afb,#DIV/0!,,,,
V301,UNCLASSIFIED,e3b0c44298fc1c149afb,,,,,
W301,UNCLASSIFIED,e3b0c44298fc1c149afb,,,,,
X301,UNCLASSIFIED,e3b0c44298fc1c149afb,,,,,
Y301,UNCLASSIFIED,e3b0c44298fc1c149afb,,,,,
Z301,UNCLASSIFIED,e3b0c44298fc1c149afb,#DIV/0!,,,,
AA301,UNCLASSIFIED,e3b0c44298fc1c149afb,#DIV/0!,,,,
V302,UNCLASSIFIED,e3b0c44298fc1c149afb,,,,,
W302,UNCLASSIFIED,e3b0c44298fc1c149afb,,,,,
X302,UNCLASSIFIED,e3b0c44298fc1c149afb,,,,,
Y302,UNCLASSIFIED,e3b0c44298fc1c149afb,,,,,
Z302,UNCLASSIFIED,e3b0c44298fc1c149afb,#DIV/0!,,,,
AA302,UNCLASSIFIED,e3b0c44298fc1c149afb,#DIV/0!,,,,
V303,UNCLASSIFIED,e3b0c44298fc1c149afb,,,,,
W303,UNCLASSIFIED,e3b0c44298fc1c149afb,,,,,
X303,UNCLASSIFIED,e3b0c44298fc1c149afb,,,,,
Y303,UNCLASSIFIED,e3b0c44298fc1c149afb,,,,,
Z303,UNCLASSIFIED,e3b0c44298fc1c149afb,#DIV/0!,,,,
AA303,UNCLASSIFIED,e3b0c44298fc1c149afb,#DIV/0!,,,,
V304,UNCLASSIFIED,e3b0c44298fc1c149afb,,,,,
W304,UNCLASSIFIED,e3b0c44298fc1c149afb,,,,,
X304,UNCLASSIFIED,e3b0c44298fc1c149afb,,,,,
Y304,UNCLASSIFIED,e3b0c44298fc1c149afb,,,,,
Z304,UNCLASSIFIED,e3b0c44298fc1c149afb,#DIV/0!,,,,
AA304,UNCLASSIFIED,e3b0c44298fc1c149afb,#DIV/0!,,,,
V305,UNCLASSIFIED,e3b0c44298fc1c149afb,,,,,
W305,UNCLASSIFIED,e3b0c44298fc1c149afb,,,,,
X305,UNCLASSIFIED,e3b0c44298fc1c149afb,,,,,
Y305,UNCLASSIFIED,e3b0c44298fc1c149afb,,,,,
Z305,UNCLASSIFIED,e3b0c44298fc1c149afb,#DIV/0!,,,,
AA305,UNCLASSIFIED,e3b0c44298fc1c149afb,#DIV/0!,,,,
V306,UNCLASSIFIED,e3b0c44298fc1c149afb,,,,,
W306,UNCLASSIFIED,e3b0c44298fc1c149afb,,,,,
X306,UNCLASSIFIED,e3b0c44298fc1c149afb,,,,,
Y306,UNCLASSIFIED,e3b0c44298fc1c149afb,,,,,
Z306,UNCLASSIFIED,e3b0c44298fc1c149afb,#DIV/0!,,,,
AA306,UNCLASSIFIED,e3b0c44298fc1c149afb,#DIV/0!,,,,
V307,UNCLASSIFIED,e3b0c44298fc1c149afb,,,,,
W307,UNCLASSIFIED,e3b0c44298fc1c149afb,,,,,
X307,UNCLASSIFIED,e3b0c44298fc1c149afb,,,,,
Y307,UNCLASSIFIED,e3b0c44298fc1c149afb,,,,,
Z307,UNCLASSIFIED,e3b0c44298fc1c149afb,#DIV/0!,,,,
AA307,UNCLASSIFIED,e3b0c44298fc1c149afb,#DIV/0!,,,,
V308,UNCLASSIFIED,e3b0c44298fc1c149afb,,,,,
W308,UNCLASSIFIED,e3b0c44298fc1c149afb,,,,,
X308,UNCLASSIFIED,e3b0c44298fc1c149afb,,,,,
Y308,UNCLASSIFIED,e3b0c44298fc1c149afb,,,,,
Z308,UNCLASSIFIED,e3b0c44298fc1c149afb,#DIV/0!,,,,
AA308,UNCLASSIFIED,e3b0c44298fc1c149afb,#DIV/0!,,,,
V309,UNCLASSIFIED,e3b0c44298fc1c149afb,,,,,
W309,UNCLASSIFIED,e3b0c44298fc1c149afb,,,,,
X309,UNCLASSIFIED,e3b0c44298fc1c149afb,,,,,
Y309,UNCLASSIFIED,e3b0c44298fc1c149afb,,,,,
Z309,UNCLASSIFIED,e3b0c44298fc1c149afb,#DIV/0!,,,,
AA309,UNCLASSIFIED,e3b0c44298fc1c149afb,#DIV/0!,,,,
V310,UNCLASSIFIED,e3b0c44298fc1c149afb,,,,,
W310,UNCLASSIFIED,e3b0c44298fc1c149afb,,,,,
X310,UNCLASSIFIED,e3b0c44298fc1c149afb,,,,,
Y310,UNCLASSIFIED,e3b0c44298fc1c149afb,,,,,
Z310,UNCLASSIFIED,e3b0c44298fc1c149afb,#DIV/0!,,,,
AA310,UNCLASSIFIED,e3b0c44298fc1c149afb,#DIV/0!,,,,
V311,UNCLASSIFIED,e3b0c44298fc1c149afb,,,,,
W311,UNCLASSIFIED,e3b0c44298fc1c149afb,,,,,
X311,UNCLASSIFIED,e3b0c44298fc1c149afb,,,,,
Y311,UNCLASSIFIED,e3b0c44298fc1c149afb,,,,,
Z311,UNCLASSIFIED,e3b0c44298fc1c149afb,#DIV/0!,,,,
AA311,UNCLASSIFIED,e3b0c44298fc1c149afb,#DIV/0!,,,,
V312,UNCLASSIFIED,e3b0c44298fc1c149afb,,,,,
W312,UNCLASSIFIED,e3b0c44298fc1c149afb,,,,,
X312,UNCLASSIFIED,e3b0c44298fc1c149afb,,,,,
Y312,UNCLASSIFIED,e3b0c44298fc1c149afb,,,,,
Z312,UNCLASSIFIED,e3b0c44298fc1c149afb,#DIV/0!,,,,
AA312,UNCLASSIFIED,e3b0c44298fc1c149afb,#DIV/0!,,,,
V313,UNCLASSIFIED,e3b0c44298fc1c149afb,,,,,
W313,UNCLASSIFIED,e3b0c44298fc1c149afb,,,,,
X313,UNCLASSIFIED,e3b0c44298fc1c149afb,,,,,
Y313,UNCLASSIFIED,e3b0c44298fc1c149afb,,,,,
Z313,UNCLASSIFIED,e3b0c44298fc1c149afb,#DIV/0!,,,,
AA313,UNCLASSIFIED,e3b0c44298fc1c149afb,#DIV/0!,,,,
V314,UNCLASSIFIED,e3b0c44298fc1c149afb,,,,,
W314,UNCLASSIFIED,e3b0c44298fc1c149afb,,,,,
X314,UNCLASSIFIED,e3b0c44298fc1c149afb,,,,,
Y314,UNCLASSIFIED,e3b0c44298fc1c149afb,,,,,
Z314,UNCLASSIFIED,e3b0c44298fc1c149afb,#DIV/0!,,,,
AA314,UNCLASSIFIED,e3b0c44298fc1c149afb,#DIV/0!,,,,
V315,UNCLASSIFIED,e3b0c44298fc1c149afb,,,,,
W315,UNCLASSIFIED,e3b0c44298fc1c149afb,,,,,
X315,UNCLASSIFIED,e3b0c44298fc1c149afb,,,,,
Y315,UNCLASSIFIED,e3b0c44298fc1c149afb,,,,,
Z315,UNCLASSIFIED,e3b0c44298fc1c149afb,#DIV/0!,,,,
AA315,UNCLASSIFIED,e3b0c44298fc1c149afb,#DIV/0!,,,,
V316,UNCLASSIFIED,e3b0c44298fc1c149afb,,,,,
W316,UNCLASSIFIED,e3b0c44298fc1c149afb,,,,,
X316,UNCLASSIFIED,e3b0c44298fc1c149afb,,,,,
Y316,UNCLASSIFIED,e3b0c44298fc1c149afb,,,,,
Z316,UNCLASSIFIED,e3b0c44298fc1c149afb,#DIV/0!,,,,
AA316,UNCLASSIFIED,e3b0c44298fc1c149afb,#DIV/0!,,,,
V317,UNCLASSIFIED,e3b0c44298fc1c149afb,,,,,
W317,UNCLASSIFIED,e3b0c44298fc1c149afb,,,,,
X317,UNCLASSIFIED,e3b0c44298fc1c149afb,,,,,
Y317,UNCLASSIFIED,e3b0c44298fc1c149afb,,,,,
Z317,UNCLASSIFIED,e3b0c44298fc1c149afb,#DIV/0!,,,,
AA317,UNCLASSIFIED,e3b0c44298fc1c149afb,#DIV/0!,,,,
V318,UNCLASSIFIED,e3b0c44298fc1c149afb,,,,,
W318,UNCLASSIFIED,e3b0c44298fc1c149afb,,,,,
X318,UNCLASSIFIED,e3b0c44298fc1c149afb,,,,,
Y318,UNCLASSIFIED,e3b0c44298fc1c149afb,,,,,
Z318,UNCLASSIFIED,e3b0c44298fc1c149afb,#DIV/0!,,,,
AA318,UNCLASSIFIED,e3b0c44298fc1c149afb,#DIV/0!,,,,
V319,UNCLASSIFIED,e3b0c44298fc1c149afb,,,,,
W319,UNCLASSIFIED,e3b0c44298fc1c149afb,,,,,
X319,UNCLASSIFIED,e3b0c44298fc1c149afb,,,,,
Y319,UNCLASSIFIED,e3b0c44298fc1c149afb,,,,,
Z319,UNCLASSIFIED,e3b0c44298fc1c149afb,#DIV/0!,,,,
AA319,UNCLASSIFIED,e3b0c44298fc1c149afb,#DIV/0!,,,,
V320,UNCLASSIFIED,e3b0c44298fc1c149afb,,,,,
W320,UNCLASSIFIED,e3b0c44298fc1c149afb,,,,,
X320,UNCLASSIFIED,e3b0c44298fc1c149afb,,,,,
Y320,UNCLASSIFIED,e3b0c44298fc1c149afb,,,,,
Z320,UNCLASSIFIED,e3b0c44298fc1c149afb,#DIV/0!,,,,
AA320,UNCLASSIFIED,e3b0c44298fc1c149afb,#DIV/0!,,,,
V321,UNCLASSIFIED,e3b0c44298fc1c149afb,,,,,
W321,UNCLASSIFIED,e3b0c44298fc1c149afb,,,,,
X321,UNCLASSIFIED,e3b0c44298fc1c149afb,,,,,
Y321,UNCLASSIFIED,e3b0c44298fc1c149afb,,,,,
Z321,UNCLASSIFIED,e3b0c44298fc1c149afb,#DIV/0!,,,,
AA321,UNCLASSIFIED,e3b0c44298fc1c149afb,#DIV/0!,,,,
V322,UNCLASSIFIED,e3b0c44298fc1c149afb,,,,,
W322,UNCLASSIFIED,e3b0c44298fc1c149afb,,,,,
X322,UNCLASSIFIED,e3b0c44298fc1c149afb,,,,,
Y322,UNCLASSIFIED,e3b0c44298fc1c149afb,,,,,
Z322,UNCLASSIFIED,e3b0c44298fc1c149afb,#DIV/0!,,,,
AA322,UNCLASSIFIED,e3b0c44298fc1c149afb,#DIV/0!,,,,
V323,UNCLASSIFIED,e3b0c44298fc1c149afb,,,,,
W323,UNCLASSIFIED,e3b0c44298fc1c149afb,,,,,
X323,UNCLASSIFIED,e3b0c44298fc1c149afb,,,,,
Y323,UNCLASSIFIED,e3b0c44298fc1c149afb,,,,,
Z323,UNCLASSIFIED,e3b0c44298fc1c149afb,#DIV/0!,,,,
AA323,UNCLASSIFIED,e3b0c44298fc1c149afb,#DIV/0!,,,,
V324,UNCLASSIFIED,e3b0c44298fc1c149afb,,,,,
W324,UNCLASSIFIED,e3b0c44298fc1c149afb,,,,,
X324,UNCLASSIFIED,e3b0c44298fc1c149afb,,,,,
Y324,UNCLASSIFIED,e3b0c44298fc1c149afb,,,,,
Z324,UNCLASSIFIED,e3b0c44298fc1c149afb,#DIV/0!,,,,
AA324,UNCLASSIFIED,e3b0c44298fc1c149afb,#DIV/0!,,,,
V325,UNCLASSIFIED,e3b0c44298fc1c149afb,,,,,
W325,UNCLASSIFIED,e3b0c44298fc1c149afb,,,,,
X325,UNCLASSIFIED,e3b0c44298fc1c149afb,,,,,
Y325,UNCLASSIFIED,e3b0c44298fc1c149afb,,,,,
Z325,UNCLASSIFIED,e3b0c44298fc1c149afb,#DIV/0!,,,,
AA325,UNCLASSIFIED,e3b0c44298fc1c149afb,#DIV/0!,,,,
V326,UNCLASSIFIED,e3b0c44298fc1c149afb,,,,,
W326,UNCLASSIFIED,e3b0c44298fc1c149afb,,,,,
X326,UNCLASSIFIED,e3b0c44298fc1c149afb,,,,,
Y326,UNCLASSIFIED,e3b0c44298fc1c149afb,,,,,
Z326,UNCLASSIFIED,e3b0c44298fc1c149afb,#DIV/0!,,,,
AA326,UNCLASSIFIED,e3b0c44298fc1c149afb,#DIV/0!,,,,
V327,UNCLASSIFIED,e3b0c44298fc1c149afb,,,,,
W327,UNCLASSIFIED,e3b0c44298fc1c149afb,,,,,
X327,UNCLASSIFIED,e3b0c44298fc1c149afb,,,,,
Y327,UNCLASSIFIED,e3b0c44298fc1c149afb,,,,,
Z327,UNCLASSIFIED,e3b0c44298fc1c149afb,#DIV/0!,,,,
AA327,UNCLASSIFIED,e3b0c44298fc1c149afb,#DIV/0!,,,,
V328,UNCLASSIFIED,e3b0c44298fc1c149afb,,,,,
W328,UNCLASSIFIED,e3b0c44298fc1c149afb,,,,,
X328,UNCLASSIFIED,e3b0c44298fc1c149afb,,,,,
Y328,UNCLASSIFIED,e3b0c44298fc1c149afb,,,,,
Z328,UNCLASSIFIED,e3b0c44298fc1c149afb,#DIV/0!,,,,
AA328,UNCLASSIFIED,e3b0c44298fc1c149afb,#DIV/0!,,,,
V329,UNCLASSIFIED,e3b0c44298fc1c149afb,,,,,
W329,UNCLASSIFIED,e3b0c44298fc1c149afb,,,,,
X329,UNCLASSIFIED,e3b0c44298fc1c149afb,,,,,
Y329,UNCLASSIFIED,e3b0c44298fc1c149afb,,,,,
Z329,UNCLASSIFIED,e3b0c44298fc1c149afb,#DIV/0!,,,,
AA329,UNCLASSIFIED,e3b0c44298fc1c149afb,#DIV/0!,,,,
V330,UNCLASSIFIED,e3b0c44298fc1c149afb,,,,,
W330,UNCLASSIFIED,e3b0c44298fc1c149afb,,,,,
X330,UNCLASSIFIED,e3b0c44298fc1c149afb,,,,,
Y330,UNCLASSIFIED,e3b0c44298fc1c149afb,,,,,
Z330,UNCLASSIFIED,e3b0c44298fc1c149afb,#DIV/0!,,,,
AA330,UNCLASSIFIED,e3b0c44298fc1c149afb,#DIV/0!,,,,
V331,UNCLASSIFIED,e3b0c44298fc1c149afb,,,,,
W331,UNCLASSIFIED,e3b0c44298fc1c149afb,,,,,
X331,UNCLASSIFIED,e3b0c44298fc1c149afb,,,,,
Y331,UNCLASSIFIED,e3b0c44298fc1c149afb,,,,,
Z331,UNCLASSIFIED,e3b0c44298fc1c149afb,#DIV/0!,,,,
AA331,UNCLASSIFIED,e3b0c44298fc1c149afb,#DIV/0!,,,,
V332,UNCLASSIFIED,e3b0c44298fc1c149afb,,,,,
W332,UNCLASSIFIED,e3b0c44298fc1c149afb,,,,,
X332,UNCLASSIFIED,e3b0c44298fc1c149afb,,,,,
Y332,UNCLASSIFIED,e3b0c44298fc1c149afb,,,,,
Z332,UNCLASSIFIED,e3b0c44298fc1c149afb,#DIV/0!,,,,
AA332,UNCLASSIFIED,e3b0c44298fc1c149afb,#DIV/0!,,,,
V333,UNCLASSIFIED,e3b0c44298fc1c149afb,,,,,
W333,UNCLASSIFIED,e3b0c44298fc1c149afb,,,,,
X333,UNCLASSIFIED,e3b0c44298fc1c149afb,,,,,
Y333,UNCLASSIFIED,e3b0c44298fc1c149afb,,,,,
Z333,UNCLASSIFIED,e3b0c44298fc1c149afb,#DIV/0!,,,,
AA333,UNCLASSIFIED,e3b0c44298fc1c149afb,#DIV/0!,,,,
V334,UNCLASSIFIED,e3b0c44298fc1c149afb,,,,,
W334,UNCLASSIFIED,e3b0c44298fc1c149afb,,,,,
X334,UNCLASSIFIED,e3b0c44298fc1c149afb,,,,,
Y334,UNCLASSIFIED,e3b0c44298fc1c149afb,,,,,
Z334,UNCLASSIFIED,e3b0c44298fc1c149afb,#DIV/0!,,,,
AA334,UNCLASSIFIED,e3b0c44298fc1c149afb,#DIV/0!,,,,
V335,UNCLASSIFIED,e3b0c44298fc1c149afb,,,,,
W335,UNCLASSIFIED,e3b0c44298fc1c149afb,,,,,
X335,UNCLASSIFIED,e3b0c44298fc1c149afb,,,,,
Y335,UNCLASSIFIED,e3b0c44298fc1c149afb,,,,,
Z335,UNCLASSIFIED,e3b0c44298fc1c149afb,#DIV/0!,,,,
AA335,UNCLASSIFIED,e3b0c44298fc1c149afb,#DIV/0!,,,,
V336,UNCLASSIFIED,e3b0c44298fc1c149afb,,,,,
W336,UNCLASSIFIED,e3b0c44298fc1c149afb,,,,,
X336,UNCLASSIFIED,e3b0c44298fc1c149afb,,,,,
Y336,UNCLASSIFIED,e3b0c44298fc1c149afb,,,,,
Z336,UNCLASSIFIED,e3b0c44298fc1c149afb,#DIV/0!,,,,
AA336,UNCLASSIFIED,e3b0c44298fc1c149afb,#DIV/0!,,,,
V337,UNCLASSIFIED,e3b0c44298fc1c149afb,,,,,
W337,UNCLASSIFIED,e3b0c44298fc1c149afb,,,,,
X337,UNCLASSIFIED,e3b0c44298fc1c149afb,,,,,
Y337,UNCLASSIFIED,e3b0c44298fc1c149afb,,,,,
Z337,UNCLASSIFIED,e3b0c44298fc1c149afb,#DIV/0!,,,,
AA337,UNCLASSIFIED,e3b0c44298fc1c149afb,#DIV/0!,,,,
V338,UNCLASSIFIED,e3b0c44298fc1c149afb,,,,,
W338,UNCLASSIFIED,e3b0c44298fc1c149afb,,,,,
X338,UNCLASSIFIED,e3b0c44298fc1c149afb,,,,,
Y338,UNCLASSIFIED,e3b0c44298fc1c149afb,,,,,
Z338,UNCLASSIFIED,e3b0c44298fc1c149afb,#DIV/0!,,,,
AA338,UNCLASSIFIED,e3b0c44298fc1c149afb,#DIV/0!,,,,
V339,UNCLASSIFIED,e3b0c44298fc1c149afb,,,,,
W339,UNCLASSIFIED,e3b0c44298fc1c149afb,,,,,
X339,UNCLASSIFIED,e3b0c44298fc1c149afb,,,,,
Y339,UNCLASSIFIED,e3b0c44298fc1c149afb,,,,,
Z339,UNCLASSIFIED,e3b0c44298fc1c149afb,#DIV/0!,,,,
AA339,UNCLASSIFIED,e3b0c44298fc1c149afb,#DIV/0!,,,,
V340,UNCLASSIFIED,e3b0c44298fc1c149afb,,,,,
W340,UNCLASSIFIED,e3b0c44298fc1c149afb,,,,,
X340,UNCLASSIFIED,e3b0c44298fc1c149afb,,,,,
Y340,UNCLASSIFIED,e3b0c44298fc1c149afb,,,,,
Z340,UNCLASSIFIED,e3b0c44298fc1c149afb,#DIV/0!,,,,
AA340,UNCLASSIFIED,e3b0c44298fc1c149afb,#DIV/0!,,,,
V341,UTILIZATION,b070dbb90878a1f60ba9,,,,"IFERROR(IF(AND(1/L341>$V$19,1/L341<=$W$19),1/L341,0),"""")","IFERROR(IF(AND(1/RC[-10]>R19C22,1/RC[-10]<=R19C23),1/RC[-10],0),"""")"
W341,UTILIZATION,de0a5dbfc5cc172602ba,,,,"IFERROR(IF(AND(1/L341>$W$19,1/L341<=$X$19),1/L341,0),"""")","IFERROR(IF(AND(1/RC[-11]>R19C23,1/RC[-11]<=R19C24),1/RC[-11],0),"""")"
X341,UTILIZATION,102bfd8013f27758e7c0,,,,"IFERROR(IF(AND(1/L341>$X$19,1/L341<=$Y$19),1/L341,0),"""")","IFERROR(IF(AND(1/RC[-12]>R19C24,1/RC[-12]<=R19C25),1/RC[-12],0),"""")"
Y341,UTILIZATION,2d4c8f3ea18940579bdf,,,,"IFERROR(IF(1/L341>$Y$19,1/L341,0),"""")","IFERROR(IF(1/RC[-13]>R19C25,1/RC[-13],0),"""")"
Z341,UTILIZATION,28ac2bdd4846fc6e2a7f,#DIV/0!,,,"IF(N341<>"""",(N341-$N$17)/1000,1/0)","IF(RC[-12]<>"""",(RC[-12]-R17C14)/1000,1/0)"
AA341,UTILIZATION,1aafe524f4bc30e7637c,#DIV/0!,,,"IF(O341<>"""",(O341-$O$17)/1000,1/0)","IF(RC[-12]<>"""",(RC[-12]-R17C15)/1000,1/0)"
V342,UNCLASSIFIED,e3b0c44298fc1c149afb,,,,,
W342,UNCLASSIFIED,e3b0c44298fc1c149afb,,,,,
X342,UNCLASSIFIED,e3b0c44298fc1c149afb,,,,,
Y342,UNCLASSIFIED,e3b0c44298fc1c149afb,,,,,
Z342,UNCLASSIFIED,e3b0c44298fc1c149afb,#DIV/0!,,,,
AA342,UNCLASSIFIED,e3b0c44298fc1c149afb,#DIV/0!,,,,
V343,UNCLASSIFIED,e3b0c44298fc1c149afb,,,,,
W343,UNCLASSIFIED,e3b0c44298fc1c149afb,,,,,
X343,UNCLASSIFIED,e3b0c44298fc1c149afb,,,,,
Y343,UNCLASSIFIED,e3b0c44298fc1c149afb,,,,,
Z343,UNCLASSIFIED,e3b0c44298fc1c149afb,#DIV/0!,,,,
AA343,UNCLASSIFIED,e3b0c44298fc1c149afb,#DIV/0!,,,,
V344,UNCLASSIFIED,e3b0c44298fc1c149afb,,,,,
W344,UNCLASSIFIED,e3b0c44298fc1c149afb,,,,,
X344,UNCLASSIFIED,e3b0c44298fc1c149afb,,,,,
Y344,UNCLASSIFIED,e3b0c44298fc1c149afb,,,,,
Z344,UNCLASSIFIED,e3b0c44298fc1c149afb,#DIV/0!,,,,
AA344,UNCLASSIFIED,e3b0c44298fc1c149afb,#DIV/0!,,,,
V345,UNCLASSIFIED,e3b0c44298fc1c149afb,,,,,
W345,UNCLASSIFIED,e3b0c44298fc1c149afb,,,,,
X345,UNCLASSIFIED,e3b0c44298fc1c149afb,,,,,
Y345,UNCLASSIFIED,e3b0c44298fc1c149afb,,,,,
Z345,UNCLASSIFIED,e3b0c44298fc1c149afb,#DIV/0!,,,,
AA345,UNCLASSIFIED,e3b0c44298fc1c149afb,#DIV/0!,,,,
V346,UNCLASSIFIED,e3b0c44298fc1c149afb,,,,,
W346,UNCLASSIFIED,e3b0c44298fc1c149afb,,,,,
X346,UNCLASSIFIED,e3b0c44298fc1c149afb,,,,,
Y346,UNCLASSIFIED,e3b0c44298fc1c149afb,,,,,
Z346,UNCLASSIFIED,e3b0c44298fc1c149afb,#DIV/0!,,,,
AA346,UNCLASSIFIED,e3b0c44298fc1c149afb,#DIV/0!,,,,
V347,UNCLASSIFIED,e3b0c44298fc1c149afb,,,,,
W347,UNCLASSIFIED,e3b0c44298fc1c149afb,,,,,
X347,UNCLASSIFIED,e3b0c44298fc1c149afb,,,,,
Y347,UNCLASSIFIED,e3b0c44298fc1c149afb,,,,,
Z347,UNCLASSIFIED,e3b0c44298fc1c149afb,#DIV/0!,,,,
AA347,UNCLASSIFIED,e3b0c44298fc1c149afb,#DIV/0!,,,,
V348,UNCLASSIFIED,e3b0c44298fc1c149afb,,,,,
W348,UNCLASSIFIED,e3b0c44298fc1c149afb,,,,,
X348,UNCLASSIFIED,e3b0c44298fc1c149afb,,,,,
Y348,UNCLASSIFIED,e3b0c44298fc1c149afb,,,,,
Z348,UNCLASSIFIED,e3b0c44298fc1c149afb,#DIV/0!,,,,
AA348,UNCLASSIFIED,e3b0c44298fc1c149afb,#DIV/0!,,,,
V349,UNCLASSIFIED,e3b0c44298fc1c149afb,,,,,
W349,UNCLASSIFIED,e3b0c44298fc1c149afb,,,,,
X349,UNCLASSIFIED,e3b0c44298fc1c149afb,,,,,
Y349,UNCLASSIFIED,e3b0c44298fc1c149afb,,,,,
Z349,UNCLASSIFIED,e3b0c44298fc1c149afb,#DIV/0!,,,,
AA349,UNCLASSIFIED,e3b0c44298fc1c149afb,#DIV/0!,,,,
V350,UNCLASSIFIED,e3b0c44298fc1c149afb,,,,,
W350,UNCLASSIFIED,e3b0c44298fc1c149afb,,,,,
X350,UNCLASSIFIED,e3b0c44298fc1c149afb,,,,,
Y350,UNCLASSIFIED,e3b0c44298fc1c149afb,,,,,
Z350,UNCLASSIFIED,e3b0c44298fc1c149afb,#DIV/0!,,,,
AA350,UNCLASSIFIED,e3b0c44298fc1c149afb,#DIV/0!,,,,
V351,UNCLASSIFIED,e3b0c44298fc1c149afb,,,,,
W351,UNCLASSIFIED,e3b0c44298fc1c149afb,,,,,
X351,UNCLASSIFIED,e3b0c44298fc1c149afb,,,,,
Y351,UNCLASSIFIED,e3b0c44298fc1c149afb,,,,,
Z351,UNCLASSIFIED,e3b0c44298fc1c149afb,#DIV/0!,,,,
AA351,UNCLASSIFIED,e3b0c44298fc1c149afb,#DIV/0!,,,,
V352,UNCLASSIFIED,e3b0c44298fc1c149afb,,,,,
W352,UNCLASSIFIED,e3b0c44298fc1c149afb,,,,,
X352,UNCLASSIFIED,e3b0c44298fc1c149afb,,,,,
Y352,UNCLASSIFIED,e3b0c44298fc1c149afb,,,,,
Z352,UNCLASSIFIED,e3b0c44298fc1c149afb,#DIV/0!,,,,
AA352,UNCLASSIFIED,e3b0c44298fc1c149afb,#DIV/0!,,,,
V353,UNCLASSIFIED,e3b0c44298fc1c149afb,,,,,
W353,UNCLASSIFIED,e3b0c44298fc1c149afb,,,,,
X353,UNCLASSIFIED,e3b0c44298fc1c149afb,,,,,
Y353,UNCLASSIFIED,e3b0c44298fc1c149afb,,,,,
Z353,UNCLASSIFIED,e3b0c44298fc1c149afb,#DIV/0!,,,,
AA353,UNCLASSIFIED,e3b0c44298fc1c149afb,#DIV/0!,,,,
V354,UNCLASSIFIED,e3b0c44298fc1c149afb,,,,,
W354,UNCLASSIFIED,e3b0c44298fc1c149afb,,,,,
X354,UNCLASSIFIED,e3b0c44298fc1c149afb,,,,,
Y354,UNCLASSIFIED,e3b0c44298fc1c149afb,,,,,
Z354,UNCLASSIFIED,e3b0c44298fc1c149afb,#DIV/0!,,,,
AA354,UNCLASSIFIED,e3b0c44298fc1c149afb,#DIV/0!,,,,
V355,UNCLASSIFIED,e3b0c44298fc1c149afb,,,,,
W355,UNCLASSIFIED,e3b0c44298fc1c149afb,,,,,
X355,UNCLASSIFIED,e3b0c44298fc1c149afb,,,,,
Y355,UNCLASSIFIED,e3b0c44298fc1c149afb,,,,,
Z355,UNCLASSIFIED,e3b0c44298fc1c149afb,#DIV/0!,,,,
AA355,UNCLASSIFIED,e3b0c44298fc1c149afb,#DIV/0!,,,,
V356,UNCLASSIFIED,e3b0c44298fc1c149afb,,,,,
W356,UNCLASSIFIED,e3b0c44298fc1c149afb,,,,,
X356,UNCLASSIFIED,e3b0c44298fc1c149afb,,,,,
Y356,UNCLASSIFIED,e3b0c44298fc1c149afb,,,,,
Z356,UNCLASSIFIED,e3b0c44298fc1c149afb,#DIV/0!,,,,
AA356,UNCLASSIFIED,e3b0c44298fc1c149afb,#DIV/0!,,,,
V357,UNCLASSIFIED,e3b0c44298fc1c149afb,,,,,
W357,UNCLASSIFIED,e3b0c44298fc1c149afb,,,,,
X357,UNCLASSIFIED,e3b0c44298fc1c149afb,,,,,
Y357,UNCLASSIFIED,e3b0c44298fc1c149afb,,,,,
Z357,UNCLASSIFIED,e3b0c44298fc1c149afb,#DIV/0!,,,,
AA357,UNCLASSIFIED,e3b0c44298fc1c149afb,#DIV/0!,,,,
V358,UNCLASSIFIED,e3b0c44298fc1c149afb,,,,,
W358,UNCLASSIFIED,e3b0c44298fc1c149afb,,,,,
X358,UNCLASSIFIED,e3b0c44298fc1c149afb,,,,,
Y358,UNCLASSIFIED,e3b0c44298fc1c149afb,,,,,
Z358,UNCLASSIFIED,e3b0c44298fc1c149afb,#DIV/0!,,,,
AA358,UNCLASSIFIED,e3b0c44298fc1c149afb,#DIV/0!,,,,
V359,UNCLASSIFIED,e3b0c44298fc1c149afb,,,,,
W359,UNCLASSIFIED,e3b0c44298fc1c149afb,,,,,
X359,UNCLASSIFIED,e3b0c44298fc1c149afb,,,,,
Y359,UNCLASSIFIED,e3b0c44298fc1c149afb,,,,,
Z359,UNCLASSIFIED,e3b0c44298fc1c149afb,#DIV/0!,,,,
AA359,UNCLASSIFIED,e3b0c44298fc1c149afb,#DIV/0!,,,,
V360,UNCLASSIFIED,e3b0c44298fc1c149afb,,,,,
W360,UNCLASSIFIED,e3b0c44298fc1c149afb,,,,,
X360,UNCLASSIFIED,e3b0c44298fc1c149afb,,,,,
Y360,UNCLASSIFIED,e3b0c44298fc1c149afb,,,,,
Z360,UNCLASSIFIED,e3b0c44298fc1c149afb,#DIV/0!,,,,
AA360,UNCLASSIFIED,e3b0c44298fc1c149afb,#DIV/0!,,,,
V361,UNCLASSIFIED,e3b0c44298fc1c149afb,,,,,
W361,UNCLASSIFIED,e3b0c44298fc1c149afb,,,,,
X361,UNCLASSIFIED,e3b0c44298fc1c149afb,,,,,
Y361,UNCLASSIFIED,e3b0c44298fc1c149afb,,,,,
Z361,UNCLASSIFIED,e3b0c44298fc1c149afb,#DIV/0!,,,,
AA361,UNCLASSIFIED,e3b0c44298fc1c149afb,#DIV/0!,,,,
V362,UNCLASSIFIED,e3b0c44298fc1c149afb,,,,,
W362,UNCLASSIFIED,e3b0c44298fc1c149afb,,,,,
X362,UNCLASSIFIED,e3b0c44298fc1c149afb,,,,,
Y362,UNCLASSIFIED,e3b0c44298fc1c149afb,,,,,
Z362,UNCLASSIFIED,e3b0c44298fc1c149afb,#DIV/0!,,,,
AA362,UNCLASSIFIED,e3b0c44298fc1c149afb,#DIV/0!,,,,
V363,UNCLASSIFIED,e3b0c44298fc1c149afb,,,,,
W363,UNCLASSIFIED,e3b0c44298fc1c149afb,,,,,
X363,UNCLASSIFIED,e3b0c44298fc1c149afb,,,,,
Y363,UNCLASSIFIED,e3b0c44298fc1c149afb,,,,,
Z363,UNCLASSIFIED,e3b0c44298fc1c149afb,#DIV/0!,,,,
AA363,UNCLASSIFIED,e3b0c44298fc1c149afb,#DIV/0!,,,,
V364,UNCLASSIFIED,e3b0c44298fc1c149afb,,,,,
W364,UNCLASSIFIED,e3b0c44298fc1c149afb,,,,,
X364,UNCLASSIFIED,e3b0c44298fc1c149afb,,,,,
Y364,UNCLASSIFIED,e3b0c44298fc1c149afb,,,,,
Z364,UNCLASSIFIED,e3b0c44298fc1c149afb,#DIV/0!,,,,
AA364,UNCLASSIFIED,e3b0c44298fc1c149afb,#DIV/0!,,,,
V365,UNCLASSIFIED,e3b0c44298fc1c149afb,,,,,
W365,UNCLASSIFIED,e3b0c44298fc1c149afb,,,,,
X365,UNCLASSIFIED,e3b0c44298fc1c149afb,,,,,
Y365,UNCLASSIFIED,e3b0c44298fc1c149afb,,,,,
Z365,UNCLASSIFIED,e3b0c44298fc1c149afb,#DIV/0!,,,,
AA365,UNCLASSIFIED,e3b0c44298fc1c149afb,#DIV/0!,,,,
V366,UNCLASSIFIED,e3b0c44298fc1c149afb,,,,,
W366,UNCLASSIFIED,e3b0c44298fc1c149afb,,,,,
X366,UNCLASSIFIED,e3b0c44298fc1c149afb,,,,,
Y366,UNCLASSIFIED,e3b0c44298fc1c149afb,,,,,
Z366,UNCLASSIFIED,e3b0c44298fc1c149afb,#DIV/0!,,,,
AA366,UNCLASSIFIED,e3b0c44298fc1c149afb,#DIV/0!,,,,
V367,UNCLASSIFIED,e3b0c44298fc1c149afb,,,,,
W367,UNCLASSIFIED,e3b0c44298fc1c149afb,,,,,
X367,UNCLASSIFIED,e3b0c44298fc1c149afb,,,,,
Y367,UNCLASSIFIED,e3b0c44298fc1c149afb,,,,,
Z367,UNCLASSIFIED,e3b0c44298fc1c149afb,#DIV/0!,,,,
AA367,UNCLASSIFIED,e3b0c44298fc1c149afb,#DIV/0!,,,,
V368,UNCLASSIFIED,e3b0c44298fc1c149afb,,,,,
W368,UNCLASSIFIED,e3b0c44298fc1c149afb,,,,,
X368,UNCLASSIFIED,e3b0c44298fc1c149afb,,,,,
Y368,UNCLASSIFIED,e3b0c44298fc1c149afb,,,,,
Z368,UNCLASSIFIED,e3b0c44298fc1c149afb,#DIV/0!,,,,
AA368,UNCLASSIFIED,e3b0c44298fc1c149afb,#DIV/0!,,,,
V369,UNCLASSIFIED,e3b0c44298fc1c149afb,,,,,
W369,UNCLASSIFIED,e3b0c44298fc1c149afb,,,,,
X369,UNCLASSIFIED,e3b0c44298fc1c149afb,,,,,
Y369,UNCLASSIFIED,e3b0c44298fc1c149afb,,,,,
Z369,UNCLASSIFIED,e3b0c44298fc1c149afb,#DIV/0!,,,,
AA369,UNCLASSIFIED,e3b0c44298fc1c149afb,#DIV/0!,,,,
V370,UNCLASSIFIED,e3b0c44298fc1c149afb,,,,,
W370,UNCLASSIFIED,e3b0c44298fc1c149afb,,,,,
X370,UNCLASSIFIED,e3b0c44298fc1c149afb,,,,,
Y370,UNCLASSIFIED,e3b0c44298fc1c149afb,,,,,
Z370,UNCLASSIFIED,e3b0c44298fc1c149afb,#DIV/0!,,,,
AA370,UNCLASSIFIED,e3b0c44298fc1c149afb,#DIV/0!,,,,
V371,UNCLASSIFIED,e3b0c44298fc1c149afb,,,,,
W371,UNCLASSIFIED,e3b0c44298fc1c149afb,,,,,
X371,UNCLASSIFIED,e3b0c44298fc1c149afb,,,,,
Y371,UNCLASSIFIED,e3b0c44298fc1c149afb,,,,,
Z371,UNCLASSIFIED,e3b0c44298fc1c149afb,#DIV/0!,,,,
AA371,UNCLASSIFIED,e3b0c44298fc1c149afb,#DIV/0!,,,,
V372,UNCLASSIFIED,e3b0c44298fc1c149afb,,,,,
W372,UNCLASSIFIED,e3b0c44298fc1c149afb,,,,,
X372,UNCLASSIFIED,e3b0c44298fc1c149afb,,,,,
Y372,UNCLASSIFIED,e3b0c44298fc1c149afb,,,,,
Z372,UNCLASSIFIED,e3b0c44298fc1c149afb,#DIV/0!,,,,
AA372,UNCLASSIFIED,e3b0c44298fc1c149afb,#DIV/0!,,,,
V373,UNCLASSIFIED,e3b0c44298fc1c149afb,,,,,
W373,UNCLASSIFIED,e3b0c44298fc1c149afb,,,,,
X373,UNCLASSIFIED,e3b0c44298fc1c149afb,,,,,
Y373,UNCLASSIFIED,e3b0c44298fc1c149afb,,,,,
Z373,UNCLASSIFIED,e3b0c44298fc1c149afb,#DIV/0!,,,,
AA373,UNCLASSIFIED,e3b0c44298fc1c149afb,#DIV/0!,,,,
V374,UNCLASSIFIED,e3b0c44298fc1c149afb,,,,,
W374,UNCLASSIFIED,e3b0c44298fc1c149afb,,,,,
X374,UNCLASSIFIED,e3b0c44298fc1c149afb,,,,,
Y374,UNCLASSIFIED,e3b0c44298fc1c149afb,,,,,
Z374,UNCLASSIFIED,e3b0c44298fc1c149afb,#DIV/0!,,,,
AA374,UNCLASSIFIED,e3b0c44298fc1c149afb,#DIV/0!,,,,
V375,UNCLASSIFIED,e3b0c44298fc1c149afb,,,,,
W375,UNCLASSIFIED,e3b0c44298fc1c149afb,,,,,
X375,UNCLASSIFIED,e3b0c44298fc1c149afb,,,,,
Y375,UNCLASSIFIED,e3b0c44298fc1c149afb,,,,,
Z375,UNCLASSIFIED,e3b0c44298fc1c149afb,#DIV/0!,,,,
AA375,UNCLASSIFIED,e3b0c44298fc1c149afb,#DIV/0!,,,,
V376,UNCLASSIFIED,e3b0c44298fc1c149afb,,,,,
W376,UNCLASSIFIED,e3b0c44298fc1c149afb,,,,,
X376,UNCLASSIFIED,e3b0c44298fc1c149afb,,,,,
Y376,UNCLASSIFIED,e3b0c44298fc1c149afb,,,,,
Z376,UNCLASSIFIED,e3b0c44298fc1c149afb,#DIV/0!,,,,
AA376,UNCLASSIFIED,e3b0c44298fc1c149afb,#DIV/0!,,,,
V377,UNCLASSIFIED,e3b0c44298fc1c149afb,,,,,
W377,UNCLASSIFIED,e3b0c44298fc1c149afb,,,,,
X377,UNCLASSIFIED,e3b0c44298fc1c149afb,,,,,
Y377,UNCLASSIFIED,e3b0c44298fc1c149afb,,,,,
Z377,UNCLASSIFIED,e3b0c44298fc1c149afb,#DIV/0!,,,,
AA377,UNCLASSIFIED,e3b0c44298fc1c149afb,#DIV/0!,,,,
V378,UNCLASSIFIED,e3b0c44298fc1c149afb,,,,,
W378,UNCLASSIFIED,e3b0c44298fc1c149afb,,,,,
X378,UNCLASSIFIED,e3b0c44298fc1c149afb,,,,,
Y378,UNCLASSIFIED,e3b0c44298fc1c149afb,,,,,
Z378,UNCLASSIFIED,e3b0c44298fc1c149afb,#DIV/0!,,,,
AA378,UNCLASSIFIED,e3b0c44298fc1c149afb,#DIV/0!,,,,
V379,UNCLASSIFIED,e3b0c44298fc1c149afb,,,,,
W379,UNCLASSIFIED,e3b0c44298fc1c149afb,,,,,
X379,UNCLASSIFIED,e3b0c44298fc1c149afb,,,,,
Y379,UNCLASSIFIED,e3b0c44298fc1c149afb,,,,,
Z379,UNCLASSIFIED,e3b0c44298fc1c149afb,#DIV/0!,,,,
AA379,UNCLASSIFIED,e3b0c44298fc1c149afb,#DIV/0!,,,,
V380,UNCLASSIFIED,e3b0c44298fc1c149afb,,,,,
W380,UNCLASSIFIED,e3b0c44298fc1c149afb,,,,,
X380,UNCLASSIFIED,e3b0c44298fc1c149afb,,,,,
Y380,UNCLASSIFIED,e3b0c44298fc1c149afb,,,,,
Z380,UNCLASSIFIED,e3b0c44298fc1c149afb,#DIV/0!,,,,
AA380,UNCLASSIFIED,e3b0c44298fc1c149afb,#DIV/0!,,,,
V381,UNCLASSIFIED,e3b0c44298fc1c149afb,,,,,
W381,UNCLASSIFIED,e3b0c44298fc1c149afb,,,,,
X381,UNCLASSIFIED,e3b0c44298fc1c149afb,,,,,
Y381,UNCLASSIFIED,e3b0c44298fc1c149afb,,,,,
Z381,UNCLASSIFIED,e3b0c44298fc1c149afb,#DIV/0!,,,,
AA381,UNCLASSIFIED,e3b0c44298fc1c149afb,#DIV/0!,,,,
V382,UNCLASSIFIED,e3b0c44298fc1c149afb,,,,,
W382,UNCLASSIFIED,e3b0c44298fc1c149afb,,,,,
X382,UNCLASSIFIED,e3b0c44298fc1c149afb,,,,,
Y382,UNCLASSIFIED,e3b0c44298fc1c149afb,,,,,
Z382,UNCLASSIFIED,e3b0c44298fc1c149afb,#DIV/0!,,,,
AA382,UNCLASSIFIED,e3b0c44298fc1c149afb,#DIV/0!,,,,
V383,UNCLASSIFIED,e3b0c44298fc1c149afb,,,,,
W383,UNCLASSIFIED,e3b0c44298fc1c149afb,,,,,
X383,UNCLASSIFIED,e3b0c44298fc1c149afb,,,,,
Y383,UNCLASSIFIED,e3b0c44298fc1c149afb,,,,,
Z383,UNCLASSIFIED,e3b0c44298fc1c149afb,#DIV/0!,,,,
AA383,UNCLASSIFIED,e3b0c44298fc1c149afb,#DIV/0!,,,,
V384,UNCLASSIFIED,e3b0c44298fc1c149afb,,,,,
W384,UNCLASSIFIED,e3b0c44298fc1c149afb,,,,,
X384,UNCLASSIFIED,e3b0c44298fc1c149afb,,,,,
Y384,UNCLASSIFIED,e3b0c44298fc1c149afb,,,,,
Z384,UNCLASSIFIED,e3b0c44298fc1c149afb,#DIV/0!,,,,
AA384,UNCLASSIFIED,e3b0c44298fc1c149afb,#DIV/0!,,,,
V385,UNCLASSIFIED,e3b0c44298fc1c149afb,,,,,
W385,UNCLASSIFIED,e3b0c44298fc1c149afb,,,,,
X385,UNCLASSIFIED,e3b0c44298fc1c149afb,,,,,
Y385,UNCLASSIFIED,e3b0c44298fc1c149afb,,,,,
Z385,UNCLASSIFIED,e3b0c44298fc1c149afb,#DIV/0!,,,,
AA385,UNCLASSIFIED,e3b0c44298fc1c149afb,#DIV/0!,,,,
V386,UNCLASSIFIED,e3b0c44298fc1c149afb,,,,,
W386,UNCLASSIFIED,e3b0c44298fc1c149afb,,,,,
X386,UNCLASSIFIED,e3b0c44298fc1c149afb,,,,,
Y386,UNCLASSIFIED,e3b0c44298fc1c149afb,,,,,
Z386,UNCLASSIFIED,e3b0c44298fc1c149afb,#DIV/0!,,,,
AA386,UNCLASSIFIED,e3b0c44298fc1c149afb,#DIV/0!,,,,
V387,UNCLASSIFIED,e3b0c44298fc1c149afb,,,,,
W387,UNCLASSIFIED,e3b0c44298fc1c149afb,,,,,
X387,UNCLASSIFIED,e3b0c44298fc1c149afb,,,,,
Y387,UNCLASSIFIED,e3b0c44298fc1c149afb,,,,,
Z387,UNCLASSIFIED,e3b0c44298fc1c149afb,#DIV/0!,,,,
AA387,UNCLASSIFIED,e3b0c44298fc1c149afb,#DIV/0!,,,,
V388,UNCLASSIFIED,e3b0c44298fc1c149afb,,,,,
W388,UNCLASSIFIED,e3b0c44298fc1c149afb,,,,,
X388,UNCLASSIFIED,e3b0c44298fc1c149afb,,,,,
Y388,UNCLASSIFIED,e3b0c44298fc1c149afb,,,,,
Z388,UNCLASSIFIED,e3b0c44298fc1c149afb,#DIV/0!,,,,
AA388,UNCLASSIFIED,e3b0c44298fc1c149afb,#DIV/0!,,,,
V389,UNCLASSIFIED,e3b0c44298fc1c149afb,,,,,
W389,UNCLASSIFIED,e3b0c44298fc1c149afb,,,,,
X389,UNCLASSIFIED,e3b0c44298fc1c149afb,,,,,
Y389,UNCLASSIFIED,e3b0c44298fc1c149afb,,,,,
Z389,UNCLASSIFIED,e3b0c44298fc1c149afb,#DIV/0!,,,,
AA389,UNCLASSIFIED,e3b0c44298fc1c149afb,#DIV/0!,,,,
V390,UNCLASSIFIED,e3b0c44298fc1c149afb,,,,,
W390,UNCLASSIFIED,e3b0c44298fc1c149afb,,,,,
X390,UNCLASSIFIED,e3b0c44298fc1c149afb,,,,,
Y390,UNCLASSIFIED,e3b0c44298fc1c149afb,,,,,
Z390,UNCLASSIFIED,e3b0c44298fc1c149afb,#DIV/0!,,,,
AA390,UNCLASSIFIED,e3b0c44298fc1c149afb,#DIV/0!,,,,
V391,UNCLASSIFIED,e3b0c44298fc1c149afb,,,,,
W391,UNCLASSIFIED,e3b0c44298fc1c149afb,,,,,
X391,UNCLASSIFIED,e3b0c44298fc1c149afb,,,,,
Y391,UNCLASSIFIED,e3b0c44298fc1c149afb,,,,,
Z391,UNCLASSIFIED,e3b0c44298fc1c149afb,#DIV/0!,,,,
AA391,UNCLASSIFIED,e3b0c44298fc1c149afb,#DIV/0!,,,,
V392,UNCLASSIFIED,e3b0c44298fc1c149afb,,,,,
W392,UNCLASSIFIED,e3b0c44298fc1c149afb,,,,,
X392,UNCLASSIFIED,e3b0c44298fc1c149afb,,,,,
Y392,UNCLASSIFIED,e3b0c44298fc1c149afb,,,,,
Z392,UNCLASSIFIED,e3b0c44298fc1c149afb,#DIV/0!,,,,
AA392,UNCLASSIFIED,e3b0c44298fc1c149afb,#DIV/0!,,,,
V393,UNCLASSIFIED,e3b0c44298fc1c149afb,,,,,
W393,UNCLASSIFIED,e3b0c44298fc1c149afb,,,,,
X393,UNCLASSIFIED,e3b0c44298fc1c149afb,,,,,
Y393,UNCLASSIFIED,e3b0c44298fc1c149afb,,,,,
Z393,UNCLASSIFIED,e3b0c44298fc1c149afb,#DIV/0!,,,,
AA393,UNCLASSIFIED,e3b0c44298fc1c149afb,#DIV/0!,,,,
V394,UNCLASSIFIED,e3b0c44298fc1c149afb,,,,,
W394,UNCLASSIFIED,e3b0c44298fc1c149afb,,,,,
X394,UNCLASSIFIED,e3b0c44298fc1c149afb,,,,,
Y394,UNCLASSIFIED,e3b0c44298fc1c149afb,,,,,
Z394,UNCLASSIFIED,e3b0c44298fc1c149afb,#DIV/0!,,,,
AA394,UNCLASSIFIED,e3b0c44298fc1c149afb,#DIV/0!,,,,
V395,UNCLASSIFIED,e3b0c44298fc1c149afb,,,,,
W395,UNCLASSIFIED,e3b0c44298fc1c149afb,,,,,
X395,UNCLASSIFIED,e3b0c44298fc1c149afb,,,,,
Y395,UNCLASSIFIED,e3b0c44298fc1c149afb,,,,,
Z395,UNCLASSIFIED,e3b0c44298fc1c149afb,#DIV/0!,,,,
AA395,UNCLASSIFIED,e3b0c44298fc1c149afb,#DIV/0!,,,,
V396,UNCLASSIFIED,e3b0c44298fc1c149afb,,,,,
W396,UNCLASSIFIED,e3b0c44298fc1c149afb,,,,,
X396,UNCLASSIFIED,e3b0c44298fc1c149afb,,,,,
Y396,UNCLASSIFIED,e3b0c44298fc1c149afb,,,,,
Z396,UNCLASSIFIED,e3b0c44298fc1c149afb,#DIV/0!,,,,
AA396,UNCLASSIFIED,e3b0c44298fc1c149afb,#DIV/0!,,,,
V397,UNCLASSIFIED,e3b0c44298fc1c149afb,,,,,
W397,UNCLASSIFIED,e3b0c44298fc1c149afb,,,,,
X397,UNCLASSIFIED,e3b0c44298fc1c149afb,,,,,
Y397,UNCLASSIFIED,e3b0c44298fc1c149afb,,,,,
Z397,UNCLASSIFIED,e3b0c44298fc1c149afb,#DIV/0!,,,,
AA397,UNCLASSIFIED,e3b0c44298fc1c149afb,#DIV/0!,,,,
V398,UNCLASSIFIED,e3b0c44298fc1c149afb,,,,,
W398,UNCLASSIFIED,e3b0c44298fc1c149afb,,,,,
X398,UNCLASSIFIED,e3b0c44298fc1c149afb,,,,,
Y398,UNCLASSIFIED,e3b0c44298fc1c149afb,,,,,
Z398,UNCLASSIFIED,e3b0c44298fc1c149afb,#DIV/0!,,,,
AA398,UNCLASSIFIED,e3b0c44298fc1c149afb,#DIV/0!,,,,
V399,UNCLASSIFIED,e3b0c44298fc1c149afb,,,,,
W399,UNCLASSIFIED,e3b0c44298fc1c149afb,,,,,
X399,UNCLASSIFIED,e3b0c44298fc1c149afb,,,,,
Y399,UNCLASSIFIED,e3b0c44298fc1c149afb,,,,,
Z399,UNCLASSIFIED,e3b0c44298fc1c149afb,#DIV/0!,,,,
AA399,UNCLASSIFIED,e3b0c44298fc1c149afb,#DIV/0!,,,,
V400,UNCLASSIFIED,e3b0c44298fc1c149afb,,,,,
W400,UNCLASSIFIED,e3b0c44298fc1c149afb,,,,,
X400,UNCLASSIFIED,e3b0c44298fc1c149afb,,,,,
Y400,UNCLASSIFIED,e3b0c44298fc1c149afb,,,,,
Z400,UNCLASSIFIED,e3b0c44298fc1c149afb,#DIV/0!,,,,
AA400,UNCLASSIFIED,e3b0c44298fc1c149afb,#DIV/0!,,,,
V401,UNCLASSIFIED,e3b0c44298fc1c149afb,,,,,
W401,UNCLASSIFIED,e3b0c44298fc1c149afb,,,,,
X401,UNCLASSIFIED,e3b0c44298fc1c149afb,,,,,
Y401,UNCLASSIFIED,e3b0c44298fc1c149afb,,,,,
Z401,UNCLASSIFIED,e3b0c44298fc1c149afb,#DIV/0!,,,,
AA401,UNCLASSIFIED,e3b0c44298fc1c149afb,#DIV/0!,,,,
V402,UNCLASSIFIED,e3b0c44298fc1c149afb,,,,,
W402,UNCLASSIFIED,e3b0c44298fc1c149afb,,,,,
X402,UNCLASSIFIED,e3b0c44298fc1c149afb,,,,,
Y402,UNCLASSIFIED,e3b0c44298fc1c149afb,,,,,
Z402,UNCLASSIFIED,e3b0c44298fc1c149afb,#DIV/0!,,,,
AA402,UNCLASSIFIED,e3b0c44298fc1c149afb,#DIV/0!,,,,
V403,UNCLASSIFIED,e3b0c44298fc1c149afb,,,,,
W403,UNCLASSIFIED,e3b0c44298fc1c149afb,,,,,
X403,UNCLASSIFIED,e3b0c44298fc1c149afb,,,,,
Y403,UNCLASSIFIED,e3b0c44298fc1c149afb,,,,,
Z403,UNCLASSIFIED,e3b0c44298fc1c149afb,#DIV/0!,,,,
AA403,UNCLASSIFIED,e3b0c44298fc1c149afb,#DIV/0!,,,,
V404,UNCLASSIFIED,e3b0c44298fc1c149afb,,,,,
W404,UNCLASSIFIED,e3b0c44298fc1c149afb,,,,,
X404,UNCLASSIFIED,e3b0c44298fc1c149afb,,,,,
Y404,UNCLASSIFIED,e3b0c44298fc1c149afb,,,,,
Z404,UNCLASSIFIED,e3b0c44298fc1c149afb,#DIV/0!,,,,
AA404,UNCLASSIFIED,e3b0c44298fc1c149afb,#DIV/0!,,,,
V405,UTILIZATION,b070dbb90878a1f60ba9,,,,"IFERROR(IF(AND(1/L405>$V$19,1/L405<=$W$19),1/L405,0),"""")","IFERROR(IF(AND(1/RC[-10]>R19C22,1/RC[-10]<=R19C23),1/RC[-10],0),"""")"
W405,UTILIZATION,de0a5dbfc5cc172602ba,,,,"IFERROR(IF(AND(1/L405>$W$19,1/L405<=$X$19),1/L405,0),"""")","IFERROR(IF(AND(1/RC[-11]>R19C23,1/RC[-11]<=R19C24),1/RC[-11],0),"""")"
X405,UTILIZATION,102bfd8013f27758e7c0,,,,"IFERROR(IF(AND(1/L405>$X$19,1/L405<=$Y$19),1/L405,0),"""")","IFERROR(IF(AND(1/RC[-12]>R19C24,1/RC[-12]<=R19C25),1/RC[-12],0),"""")"
Y405,UTILIZATION,2d4c8f3ea18940579bdf,,,,"IFERROR(IF(1/L405>$Y$19,1/L405,0),"""")","IFERROR(IF(1/RC[-13]>R19C25,1/RC[-13],0),"""")"
Z405,UTILIZATION,28ac2bdd4846fc6e2a7f,#DIV/0!,,,"IF(N405<>"""",(N405-$N$17)/1000,1/0)","IF(RC[-12]<>"""",(RC[-12]-R17C14)/1000,1/0)"
AA405,UTILIZATION,1aafe524f4bc30e7637c,#DIV/0!,,,"IF(O405<>"""",(O405-$O$17)/1000,1/0)","IF(RC[-12]<>"""",(RC[-12]-R17C15)/1000,1/0)"
V406,UNCLASSIFIED,e3b0c44298fc1c149afb,,,,,
W406,UNCLASSIFIED,e3b0c44298fc1c149afb,,,,,
X406,UNCLASSIFIED,e3b0c44298fc1c149afb,,,,,
Y406,UNCLASSIFIED,e3b0c44298fc1c149afb,,,,,
Z406,UNCLASSIFIED,e3b0c44298fc1c149afb,#DIV/0!,,,,
AA406,UNCLASSIFIED,e3b0c44298fc1c149afb,#DIV/0!,,,,
V407,UNCLASSIFIED,e3b0c44298fc1c149afb,,,,,
W407,UNCLASSIFIED,e3b0c44298fc1c149afb,,,,,
X407,UNCLASSIFIED,e3b0c44298fc1c149afb,,,,,
Y407,UNCLASSIFIED,e3b0c44298fc1c149afb,,,,,
Z407,UNCLASSIFIED,e3b0c44298fc1c149afb,#DIV/0!,,,,
AA407,UNCLASSIFIED,e3b0c44298fc1c149afb,#DIV/0!,,,,
V408,UNCLASSIFIED,e3b0c44298fc1c149afb,,,,,
W408,UNCLASSIFIED,e3b0c44298fc1c149afb,,,,,
X408,UNCLASSIFIED,e3b0c44298fc1c149afb,,,,,
Y408,UNCLASSIFIED,e3b0c44298fc1c149afb,,,,,
Z408,UNCLASSIFIED,e3b0c44298fc1c149afb,#DIV/0!,,,,
AA408,UNCLASSIFIED,e3b0c44298fc1c149afb,#DIV/0!,,,,
V409,UNCLASSIFIED,e3b0c44298fc1c149afb,,,,,
W409,UNCLASSIFIED,e3b0c44298fc1c149afb,,,,,
X409,UNCLASSIFIED,e3b0c44298fc1c149afb,,,,,
Y409,UNCLASSIFIED,e3b0c44298fc1c149afb,,,,,
Z409,UNCLASSIFIED,e3b0c44298fc1c149afb,#DIV/0!,,,,
AA409,UNCLASSIFIED,e3b0c44298fc1c149afb,#DIV/0!,,,,
V410,UNCLASSIFIED,e3b0c44298fc1c149afb,,,,,
W410,UNCLASSIFIED,e3b0c44298fc1c149afb,,,,,
X410,UNCLASSIFIED,e3b0c44298fc1c149afb,,,,,
Y410,UNCLASSIFIED,e3b0c44298fc1c149afb,,,,,
Z410,UNCLASSIFIED,e3b0c44298fc1c149afb,#DIV/0!,,,,
AA410,UNCLASSIFIED,e3b0c44298fc1c149afb,#DIV/0!,,,,
V411,UNCLASSIFIED,e3b0c44298fc1c149afb,,,,,
W411,UNCLASSIFIED,e3b0c44298fc1c149afb,,,,,
X411,UNCLASSIFIED,e3b0c44298fc1c149afb,,,,,
Y411,UNCLASSIFIED,e3b0c44298fc1c149afb,,,,,
Z411,UNCLASSIFIED,e3b0c44298fc1c149afb,#DIV/0!,,,,
AA411,UNCLASSIFIED,e3b0c44298fc1c149afb,#DIV/0!,,,,
V412,UNCLASSIFIED,e3b0c44298fc1c149afb,,,,,
W412,UNCLASSIFIED,e3b0c44298fc1c149afb,,,,,
X412,UNCLASSIFIED,e3b0c44298fc1c149afb,,,,,
Y412,UNCLASSIFIED,e3b0c44298fc1c149afb,,,,,
Z412,UNCLASSIFIED,e3b0c44298fc1c149afb,#DIV/0!,,,,
AA412,UNCLASSIFIED,e3b0c44298fc1c149afb,#DIV/0!,,,,
V413,UNCLASSIFIED,e3b0c44298fc1c149afb,,,,,
W413,UNCLASSIFIED,e3b0c44298fc1c149afb,,,,,
X413,UNCLASSIFIED,e3b0c44298fc1c149afb,,,,,
Y413,UNCLASSIFIED,e3b0c44298fc1c149afb,,,,,
Z413,UNCLASSIFIED,e3b0c44298fc1c149afb,#DIV/0!,,,,
AA413,UNCLASSIFIED,e3b0c44298fc1c149afb,#DIV/0!,,,,
V414,UNCLASSIFIED,e3b0c44298fc1c149afb,,,,,
W414,UNCLASSIFIED,e3b0c44298fc1c149afb,,,,,
X414,UNCLASSIFIED,e3b0c44298fc1c149afb,,,,,
Y414,UNCLASSIFIED,e3b0c44298fc1c149afb,,,,,
Z414,UNCLASSIFIED,e3b0c44298fc1c149afb,#DIV/0!,,,,
AA414,UNCLASSIFIED,e3b0c44298fc1c149afb,#DIV/0!,,,,
V415,UNCLASSIFIED,e3b0c44298fc1c149afb,,,,,
W415,UNCLASSIFIED,e3b0c44298fc1c149afb,,,,,
X415,UNCLASSIFIED,e3b0c44298fc1c149afb,,,,,
Y415,UNCLASSIFIED,e3b0c44298fc1c149afb,,,,,
Z415,UNCLASSIFIED,e3b0c44298fc1c149afb,#DIV/0!,,,,
AA415,UNCLASSIFIED,e3b0c44298fc1c149afb,#DIV/0!,,,,
V416,UNCLASSIFIED,e3b0c44298fc1c149afb,,,,,
W416,UNCLASSIFIED,e3b0c44298fc1c149afb,,,,,
X416,UNCLASSIFIED,e3b0c44298fc1c149afb,,,,,
Y416,UNCLASSIFIED,e3b0c44298fc1c149afb,,,,,
Z416,UNCLASSIFIED,e3b0c44298fc1c149afb,#DIV/0!,,,,
AA416,UNCLASSIFIED,e3b0c44298fc1c149afb,#DIV/0!,,,,
V417,UNCLASSIFIED,e3b0c44298fc1c149afb,,,,,
W417,UNCLASSIFIED,e3b0c44298fc1c149afb,,,,,
X417,UNCLASSIFIED,e3b0c44298fc1c149afb,,,,,
Y417,UNCLASSIFIED,e3b0c44298fc1c149afb,,,,,
Z417,UNCLASSIFIED,e3b0c44298fc1c149afb,#DIV/0!,,,,
AA417,UNCLASSIFIED,e3b0c44298fc1c149afb,#DIV/0!,,,,
V418,UNCLASSIFIED,e3b0c44298fc1c149afb,,,,,
W418,UNCLASSIFIED,e3b0c44298fc1c149afb,,,,,
X418,UNCLASSIFIED,e3b0c44298fc1c149afb,,,,,
Y418,UNCLASSIFIED,e3b0c44298fc1c149afb,,,,,
Z418,UNCLASSIFIED,e3b0c44298fc1c149afb,#DIV/0!,,,,
AA418,UNCLASSIFIED,e3b0c44298fc1c149afb,#DIV/0!,,,,
V419,UNCLASSIFIED,e3b0c44298fc1c149afb,,,,,
W419,UNCLASSIFIED,e3b0c44298fc1c149afb,,,,,
X419,UNCLASSIFIED,e3b0c44298fc1c149afb,,,,,
Y419,UNCLASSIFIED,e3b0c44298fc1c149afb,,,,,
Z419,UNCLASSIFIED,e3b0c44298fc1c149afb,#DIV/0!,,,,
AA419,UNCLASSIFIED,e3b0c44298fc1c149afb,#DIV/0!,,,,
V420,UNCLASSIFIED,e3b0c44298fc1c149afb,,,,,
W420,UNCLASSIFIED,e3b0c44298fc1c149afb,,,,,
X420,UNCLASSIFIED,e3b0c44298fc1c149afb,,,,,
Y420,UNCLASSIFIED,e3b0c44298fc1c149afb,,,,,
Z420,UNCLASSIFIED,e3b0c44298fc1c149afb,#DIV/0!,,,,
AA420,UNCLASSIFIED,e3b0c44298fc1c149afb,#DIV/0!,,,,
V421,UNCLASSIFIED,e3b0c44298fc1c149afb,,,,,
W421,UNCLASSIFIED,e3b0c44298fc1c149afb,,,,,
X421,UNCLASSIFIED,e3b0c44298fc1c149afb,,,,,
Y421,UNCLASSIFIED,e3b0c44298fc1c149afb,,,,,
Z421,UNCLASSIFIED,e3b0c44298fc1c149afb,#DIV/0!,,,,
AA421,UNCLASSIFIED,e3b0c44298fc1c149afb,#DIV/0!,,,,
V422,UNCLASSIFIED,e3b0c44298fc1c149afb,,,,,
W422,UNCLASSIFIED,e3b0c44298fc1c149afb,,,,,
X422,UNCLASSIFIED,e3b0c44298fc1c149afb,,,,,
Y422,UNCLASSIFIED,e3b0c44298fc1c149afb,,,,,
Z422,UNCLASSIFIED,e3b0c44298fc1c149afb,#DIV/0!,,,,
AA422,UNCLASSIFIED,e3b0c44298fc1c149afb,#DIV/0!,,,,
V423,UNCLASSIFIED,e3b0c44298fc1c149afb,,,,,
W423,UNCLASSIFIED,e3b0c44298fc1c149afb,,,,,
X423,UNCLASSIFIED,e3b0c44298fc1c149afb,,,,,
Y423,UNCLASSIFIED,e3b0c44298fc1c149afb,,,,,
Z423,UNCLASSIFIED,e3b0c44298fc1c149afb,#DIV/0!,,,,
AA423,UNCLASSIFIED,e3b0c44298fc1c149afb,#DIV/0!,,,,
V424,UNCLASSIFIED,e3b0c44298fc1c149afb,,,,,
W424,UNCLASSIFIED,e3b0c44298fc1c149afb,,,,,
X424,UNCLASSIFIED,e3b0c44298fc1c149afb,,,,,
Y424,UNCLASSIFIED,e3b0c44298fc1c149afb,,,,,
Z424,UNCLASSIFIED,e3b0c44298fc1c149afb,#DIV/0!,,,,
AA424,UNCLASSIFIED,e3b0c44298fc1c149afb,#DIV/0!,,,,
V425,UNCLASSIFIED,e3b0c44298fc1c149afb,,,,,
W425,UNCLASSIFIED,e3b0c44298fc1c149afb,,,,,
X425,UNCLASSIFIED,e3b0c44298fc1c149afb,,,,,
Y425,UNCLASSIFIED,e3b0c44298fc1c149afb,,,,,
Z425,UNCLASSIFIED,e3b0c44298fc1c149afb,#DIV/0!,,,,
AA425,UNCLASSIFIED,e3b0c44298fc1c149afb,#DIV/0!,,,,
V426,UNCLASSIFIED,e3b0c44298fc1c149afb,,,,,
W426,UNCLASSIFIED,e3b0c44298fc1c149afb,,,,,
X426,UNCLASSIFIED,e3b0c44298fc1c149afb,,,,,
Y426,UNCLASSIFIED,e3b0c44298fc1c149afb,,,,,
Z426,UNCLASSIFIED,e3b0c44298fc1c149afb,#DIV/0!,,,,
AA426,UNCLASSIFIED,e3b0c44298fc1c149afb,#DIV/0!,,,,
V427,UNCLASSIFIED,e3b0c44298fc1c149afb,,,,,
W427,UNCLASSIFIED,e3b0c44298fc1c149afb,,,,,
X427,UNCLASSIFIED,e3b0c44298fc1c149afb,,,,,
Y427,UNCLASSIFIED,e3b0c44298fc1c149afb,,,,,
Z427,UNCLASSIFIED,e3b0c44298fc1c149afb,#DIV/0!,,,,
AA427,UNCLASSIFIED,e3b0c44298fc1c149afb,#DIV/0!,,,,
V428,UNCLASSIFIED,e3b0c44298fc1c149afb,,,,,
W428,UNCLASSIFIED,e3b0c44298fc1c149afb,,,,,
X428,UNCLASSIFIED,e3b0c44298fc1c149afb,,,,,
Y428,UNCLASSIFIED,e3b0c44298fc1c149afb,,,,,
Z428,UNCLASSIFIED,e3b0c44298fc1c149afb,#DIV/0!,,,,
AA428,UNCLASSIFIED,e3b0c44298fc1c149afb,#DIV/0!,,,,
V429,UNCLASSIFIED,e3b0c44298fc1c149afb,,,,,
W429,UNCLASSIFIED,e3b0c44298fc1c149afb,,,,,
X429,UNCLASSIFIED,e3b0c44298fc1c149afb,,,,,
Y429,UNCLASSIFIED,e3b0c44298fc1c149afb,,,,,
Z429,UNCLASSIFIED,e3b0c44298fc1c149afb,#DIV/0!,,,,
AA429,UNCLASSIFIED,e3b0c44298fc1c149afb,#DIV/0!,,,,
V430,UNCLASSIFIED,e3b0c44298fc1c149afb,,,,,
W430,UNCLASSIFIED,e3b0c44298fc1c149afb,,,,,
X430,UNCLASSIFIED,e3b0c44298fc1c149afb,,,,,
Y430,UNCLASSIFIED,e3b0c44298fc1c149afb,,,,,
Z430,UNCLASSIFIED,e3b0c44298fc1c149afb,#DIV/0!,,,,
AA430,UNCLASSIFIED,e3b0c44298fc1c149afb,#DIV/0!,,,,
V431,UNCLASSIFIED,e3b0c44298fc1c149afb,,,,,
W431,UNCLASSIFIED,e3b0c44298fc1c149afb,,,,,
X431,UNCLASSIFIED,e3b0c44298fc1c149afb,,,,,
Y431,UNCLASSIFIED,e3b0c44298fc1c149afb,,,,,
Z431,UNCLASSIFIED,e3b0c44298fc1c149afb,#DIV/0!,,,,
AA431,UNCLASSIFIED,e3b0c44298fc1c149afb,#DIV/0!,,,,
V432,UNCLASSIFIED,e3b0c44298fc1c149afb,,,,,
W432,UNCLASSIFIED,e3b0c44298fc1c149afb,,,,,
X432,UNCLASSIFIED,e3b0c44298fc1c149afb,,,,,
Y432,UNCLASSIFIED,e3b0c44298fc1c149afb,,,,,
Z432,UNCLASSIFIED,e3b0c44298fc1c149afb,#DIV/0!,,,,
AA432,UNCLASSIFIED,e3b0c44298fc1c149afb,#DIV/0!,,,,
V433,UNCLASSIFIED,e3b0c44298fc1c149afb,,,,,
W433,UNCLASSIFIED,e3b0c44298fc1c149afb,,,,,
X433,UNCLASSIFIED,e3b0c44298fc1c149afb,,,,,
Y433,UNCLASSIFIED,e3b0c44298fc1c149afb,,,,,
Z433,UNCLASSIFIED,e3b0c44298fc1c149afb,#DIV/0!,,,,
AA433,UNCLASSIFIED,e3b0c44298fc1c149afb,#DIV/0!,,,,
V434,UNCLASSIFIED,e3b0c44298fc1c149afb,,,,,
W434,UNCLASSIFIED,e3b0c44298fc1c149afb,,,,,
X434,UNCLASSIFIED,e3b0c44298fc1c149afb,,,,,
Y434,UNCLASSIFIED,e3b0c44298fc1c149afb,,,,,
Z434,UNCLASSIFIED,e3b0c44298fc1c149afb,#DIV/0!,,,,
AA434,UNCLASSIFIED,e3b0c44298fc1c149afb,#DIV/0!,,,,
V435,UNCLASSIFIED,e3b0c44298fc1c149afb,,,,,
W435,UNCLASSIFIED,e3b0c44298fc1c149afb,,,,,
X435,UNCLASSIFIED,e3b0c44298fc1c149afb,,,,,
Y435,UNCLASSIFIED,e3b0c44298fc1c149afb,,,,,
Z435,UNCLASSIFIED,e3b0c44298fc1c149afb,#DIV/0!,,,,
AA435,UNCLASSIFIED,e3b0c44298fc1c149afb,#DIV/0!,,,,
V436,UNCLASSIFIED,e3b0c44298fc1c149afb,,,,,
W436,UNCLASSIFIED,e3b0c44298fc1c149afb,,,,,
X436,UNCLASSIFIED,e3b0c44298fc1c149afb,,,,,
Y436,UNCLASSIFIED,e3b0c44298fc1c149afb,,,,,
Z436,UNCLASSIFIED,e3b0c44298fc1c149afb,#DIV/0!,,,,
AA436,UNCLASSIFIED,e3b0c44298fc1c149afb,#DIV/0!,,,,
V437,UNCLASSIFIED,e3b0c44298fc1c149afb,,,,,
W437,UNCLASSIFIED,e3b0c44298fc1c149afb,,,,,
X437,UNCLASSIFIED,e3b0c44298fc1c149afb,,,,,
Y437,UNCLASSIFIED,e3b0c44298fc1c149afb,,,,,
Z437,UNCLASSIFIED,e3b0c44298fc1c149afb,#DIV/0!,,,,
AA437,UNCLASSIFIED,e3b0c44298fc1c149afb,#DIV/0!,,,,
V438,UNCLASSIFIED,e3b0c44298fc1c149afb,,,,,
W438,UNCLASSIFIED,e3b0c44298fc1c149afb,,,,,
X438,UNCLASSIFIED,e3b0c44298fc1c149afb,,,,,
Y438,UNCLASSIFIED,e3b0c44298fc1c149afb,,,,,
Z438,UNCLASSIFIED,e3b0c44298fc1c149afb,#DIV/0!,,,,
AA438,UNCLASSIFIED,e3b0c44298fc1c149afb,#DIV/0!,,,,
V439,UNCLASSIFIED,e3b0c44298fc1c149afb,,,,,
W439,UNCLASSIFIED,e3b0c44298fc1c149afb,,,,,
X439,UNCLASSIFIED,e3b0c44298fc1c149afb,,,,,
Y439,UNCLASSIFIED,e3b0c44298fc1c149afb,,,,,
Z439,UNCLASSIFIED,e3b0c44298fc1c149afb,#DIV/0!,,,,
AA439,UNCLASSIFIED,e3b0c44298fc1c149afb,#DIV/0!,,,,
V440,UNCLASSIFIED,e3b0c44298fc1c149afb,,,,,
W440,UNCLASSIFIED,e3b0c44298fc1c149afb,,,,,
X440,UNCLASSIFIED,e3b0c44298fc1c149afb,,,,,
Y440,UNCLASSIFIED,e3b0c44298fc1c149afb,,,,,
Z440,UNCLASSIFIED,e3b0c44298fc1c149afb,#DIV/0!,,,,
AA440,UNCLASSIFIED,e3b0c44298fc1c149afb,#DIV/0!,,,,
V441,UNCLASSIFIED,e3b0c44298fc1c149afb,,,,,
W441,UNCLASSIFIED,e3b0c44298fc1c149afb,,,,,
X441,UNCLASSIFIED,e3b0c44298fc1c149afb,,,,,
Y441,UNCLASSIFIED,e3b0c44298fc1c149afb,,,,,
Z441,UNCLASSIFIED,e3b0c44298fc1c149afb,#DIV/0!,,,,
AA441,UNCLASSIFIED,e3b0c44298fc1c149afb,#DIV/0!,,,,
V442,UNCLASSIFIED,e3b0c44298fc1c149afb,,,,,
W442,UNCLASSIFIED,e3b0c44298fc1c149afb,,,,,
X442,UNCLASSIFIED,e3b0c44298fc1c149afb,,,,,
Y442,UNCLASSIFIED,e3b0c44298fc1c149afb,,,,,
Z442,UNCLASSIFIED,e3b0c44298fc1c149afb,#DIV/0!,,,,
AA442,UNCLASSIFIED,e3b0c44298fc1c149afb,#DIV/0!,,,,
V443,UNCLASSIFIED,e3b0c44298fc1c149afb,,,,,
W443,UNCLASSIFIED,e3b0c44298fc1c149afb,,,,,
X443,UNCLASSIFIED,e3b0c44298fc1c149afb,,,,,
Y443,UNCLASSIFIED,e3b0c44298fc1c149afb,,,,,
Z443,UNCLASSIFIED,e3b0c44298fc1c149afb,#DIV/0!,,,,
AA443,UNCLASSIFIED,e3b0c44298fc1c149afb,#DIV/0!,,,,
V444,UNCLASSIFIED,e3b0c44298fc1c149afb,,,,,
W444,UNCLASSIFIED,e3b0c44298fc1c149afb,,,,,
X444,UNCLASSIFIED,e3b0c44298fc1c149afb,,,,,
Y444,UNCLASSIFIED,e3b0c44298fc1c149afb,,,,,
Z444,UNCLASSIFIED,e3b0c44298fc1c149afb,#DIV/0!,,,,
AA444,UNCLASSIFIED,e3b0c44298fc1c149afb,#DIV/0!,,,,
V445,UNCLASSIFIED,e3b0c44298fc1c149afb,,,,,
W445,UNCLASSIFIED,e3b0c44298fc1c149afb,,,,,
X445,UNCLASSIFIED,e3b0c44298fc1c149afb,,,,,
Y445,UNCLASSIFIED,e3b0c44298fc1c149afb,,,,,
Z445,UNCLASSIFIED,e3b0c44298fc1c149afb,#DIV/0!,,,,
AA445,UNCLASSIFIED,e3b0c44298fc1c149afb,#DIV/0!,,,,
V446,UNCLASSIFIED,e3b0c44298fc1c149afb,,,,,
W446,UNCLASSIFIED,e3b0c44298fc1c149afb,,,,,
X446,UNCLASSIFIED,e3b0c44298fc1c149afb,,,,,
Y446,UNCLASSIFIED,e3b0c44298fc1c149afb,,,,,
Z446,UNCLASSIFIED,e3b0c44298fc1c149afb,#DIV/0!,,,,
AA446,UNCLASSIFIED,e3b0c44298fc1c149afb,#DIV/0!,,,,
V447,UNCLASSIFIED,e3b0c44298fc1c149afb,,,,,
W447,UNCLASSIFIED,e3b0c44298fc1c149afb,,,,,
X447,UNCLASSIFIED,e3b0c44298fc1c149afb,,,,,
Y447,UNCLASSIFIED,e3b0c44298fc1c149afb,,,,,
Z447,UNCLASSIFIED,e3b0c44298fc1c149afb,#DIV/0!,,,,
AA447,UNCLASSIFIED,e3b0c44298fc1c149afb,#DIV/0!,,,,
V448,UNCLASSIFIED,e3b0c44298fc1c149afb,,,,,
W448,UNCLASSIFIED,e3b0c44298fc1c149afb,,,,,
X448,UNCLASSIFIED,e3b0c44298fc1c149afb,,,,,
Y448,UNCLASSIFIED,e3b0c44298fc1c149afb,,,,,
Z448,UNCLASSIFIED,e3b0c44298fc1c149afb,#DIV/0!,,,,
AA448,UNCLASSIFIED,e3b0c44298fc1c149afb,#DIV/0!,,,,
V449,UNCLASSIFIED,e3b0c44298fc1c149afb,,,,,
W449,UNCLASSIFIED,e3b0c44298fc1c149afb,,,,,
X449,UNCLASSIFIED,e3b0c44298fc1c149afb,,,,,
Y449,UNCLASSIFIED,e3b0c44298fc1c149afb,,,,,
Z449,UNCLASSIFIED,e3b0c44298fc1c149afb,#DIV/0!,,,,
AA449,UNCLASSIFIED,e3b0c44298fc1c149afb,#DIV/0!,,,,
V450,UNCLASSIFIED,e3b0c44298fc1c149afb,,,,,
W450,UNCLASSIFIED,e3b0c44298fc1c149afb,,,,,
X450,UNCLASSIFIED,e3b0c44298fc1c149afb,,,,,
Y450,UNCLASSIFIED,e3b0c44298fc1c149afb,,,,,
Z450,UNCLASSIFIED,e3b0c44298fc1c149afb,#DIV/0!,,,,
AA450,UNCLASSIFIED,e3b0c44298fc1c149afb,#DIV/0!,,,,
V451,UNCLASSIFIED,e3b0c44298fc1c149afb,,,,,
W451,UNCLASSIFIED,e3b0c44298fc1c149afb,,,,,
X451,UNCLASSIFIED,e3b0c44298fc1c149afb,,,,,
Y451,UNCLASSIFIED,e3b0c44298fc1c149afb,,,,,
Z451,UNCLASSIFIED,e3b0c44298fc1c149afb,#DIV/0!,,,,
AA451,UNCLASSIFIED,e3b0c44298fc1c149afb,#DIV/0!,,,,
V452,UNCLASSIFIED,e3b0c44298fc1c149afb,,,,,
W452,UNCLASSIFIED,e3b0c44298fc1c149afb,,,,,
X452,UNCLASSIFIED,e3b0c44298fc1c149afb,,,,,
Y452,UNCLASSIFIED,e3b0c44298fc1c149afb,,,,,
Z452,UNCLASSIFIED,e3b0c44298fc1c149afb,#DIV/0!,,,,
AA452,UNCLASSIFIED,e3b0c44298fc1c149afb,#DIV/0!,,,,
V453,UNCLASSIFIED,e3b0c44298fc1c149afb,,,,,
W453,UNCLASSIFIED,e3b0c44298fc1c149afb,,,,,
X453,UNCLASSIFIED,e3b0c44298fc1c149afb,,,,,
Y453,UNCLASSIFIED,e3b0c44298fc1c149afb,,,,,
Z453,UNCLASSIFIED,e3b0c44298fc1c149afb,#DIV/0!,,,,
AA453,UNCLASSIFIED,e3b0c44298fc1c149afb,#DIV/0!,,,,
V454,UNCLASSIFIED,e3b0c44298fc1c149afb,,,,,
W454,UNCLASSIFIED,e3b0c44298fc1c149afb,,,,,
X454,UNCLASSIFIED,e3b0c44298fc1c149afb,,,,,
Y454,UNCLASSIFIED,e3b0c44298fc1c149afb,,,,,
Z454,UNCLASSIFIED,e3b0c44298fc1c149afb,#DIV/0!,,,,
AA454,UNCLASSIFIED,e3b0c44298fc1c149afb,#DIV/0!,,,,
V455,UNCLASSIFIED,e3b0c44298fc1c149afb,,,,,
W455,UNCLASSIFIED,e3b0c44298fc1c149afb,,,,,
X455,UNCLASSIFIED,e3b0c44298fc1c149afb,,,,,
Y455,UNCLASSIFIED,e3b0c44298fc1c149afb,,,,,
Z455,UNCLASSIFIED,e3b0c44298fc1c149afb,#DIV/0!,,,,
AA455,UNCLASSIFIED,e3b0c44298fc1c149afb,#DIV/0!,,,,
V456,UNCLASSIFIED,e3b0c44298fc1c149afb,,,,,
W456,UNCLASSIFIED,e3b0c44298fc1c149afb,,,,,
X456,UNCLASSIFIED,e3b0c44298fc1c149afb,,,,,
Y456,UNCLASSIFIED,e3b0c44298fc1c149afb,,,,,
Z456,UNCLASSIFIED,e3b0c44298fc1c149afb,#DIV/0!,,,,
AA456,UNCLASSIFIED,e3b0c44298fc1c149afb,#DIV/0!,,,,
V457,UNCLASSIFIED,e3b0c44298fc1c149afb,,,,,
W457,UNCLASSIFIED,e3b0c44298fc1c149afb,,,,,
X457,UNCLASSIFIED,e3b0c44298fc1c149afb,,,,,
Y457,UNCLASSIFIED,e3b0c44298fc1c149afb,,,,,
Z457,UNCLASSIFIED,e3b0c44298fc1c149afb,#DIV/0!,,,,
AA457,UNCLASSIFIED,e3b0c44298fc1c149afb,#DIV/0!,,,,
V458,UNCLASSIFIED,e3b0c44298fc1c149afb,,,,,
W458,UNCLASSIFIED,e3b0c44298fc1c149afb,,,,,
X458,UNCLASSIFIED,e3b0c44298fc1c149afb,,,,,
Y458,UNCLASSIFIED,e3b0c44298fc1c149afb,,,,,
Z458,UNCLASSIFIED,e3b0c44298fc1c149afb,#DIV/0!,,,,
AA458,UNCLASSIFIED,e3b0c44298fc1c149afb,#DIV/0!,,,,
V459,UNCLASSIFIED,e3b0c44298fc1c149afb,,,,,
W459,UNCLASSIFIED,e3b0c44298fc1c149afb,,,,,
X459,UNCLASSIFIED,e3b0c44298fc1c149afb,,,,,
Y459,UNCLASSIFIED,e3b0c44298fc1c149afb,,,,,
Z459,UNCLASSIFIED,e3b0c44298fc1c149afb,#DIV/0!,,,,
AA459,UNCLASSIFIED,e3b0c44298fc1c149afb,#DIV/0!,,,,
V460,UNCLASSIFIED,e3b0c44298fc1c149afb,,,,,
W460,UNCLASSIFIED,e3b0c44298fc1c149afb,,,,,
X460,UNCLASSIFIED,e3b0c44298fc1c149afb,,,,,
Y460,UNCLASSIFIED,e3b0c44298fc1c149afb,,,,,
Z460,UNCLASSIFIED,e3b0c44298fc1c149afb,#DIV/0!,,,,
AA460,UNCLASSIFIED,e3b0c44298fc1c149afb,#DIV/0!,,,,
V461,UNCLASSIFIED,e3b0c44298fc1c149afb,,,,,
W461,UNCLASSIFIED,e3b0c44298fc1c149afb,,,,,
X461,UNCLASSIFIED,e3b0c44298fc1c149afb,,,,,
Y461,UNCLASSIFIED,e3b0c44298fc1c149afb,,,,,
Z461,UNCLASSIFIED,e3b0c44298fc1c149afb,#DIV/0!,,,,
AA461,UNCLASSIFIED,e3b0c44298fc1c149afb,#DIV/0!,,,,
V462,UNCLASSIFIED,e3b0c44298fc1c149afb,,,,,
W462,UNCLASSIFIED,e3b0c44298fc1c149afb,,,,,
X462,UNCLASSIFIED,e3b0c44298fc1c149afb,,,,,
Y462,UNCLASSIFIED,e3b0c44298fc1c149afb,,,,,
Z462,UNCLASSIFIED,e3b0c44298fc1c149afb,#DIV/0!,,,,
AA462,UNCLASSIFIED,e3b0c44298fc1c149afb,#DIV/0!,,,,
V463,UNCLASSIFIED,e3b0c44298fc1c149afb,,,,,
W463,UNCLASSIFIED,e3b0c44298fc1c149afb,,,,,
X463,UNCLASSIFIED,e3b0c44298fc1c149afb,,,,,
Y463,UNCLASSIFIED,e3b0c44298fc1c149afb,,,,,
Z463,UNCLASSIFIED,e3b0c44298fc1c149afb,#DIV/0!,,,,
AA463,UNCLASSIFIED,e3b0c44298fc1c149afb,#DIV/0!,,,,
V464,UNCLASSIFIED,e3b0c44298fc1c149afb,,,,,
W464,UNCLASSIFIED,e3b0c44298fc1c149afb,,,,,
X464,UNCLASSIFIED,e3b0c44298fc1c149afb,,,,,
Y464,UNCLASSIFIED,e3b0c44298fc1c149afb,,,,,
Z464,UNCLASSIFIED,e3b0c44298fc1c149afb,#DIV/0!,,,,
AA464,UNCLASSIFIED,e3b0c44298fc1c149afb,#DIV/0!,,,,
V465,UNCLASSIFIED,e3b0c44298fc1c149afb,,,,,
W465,UNCLASSIFIED,e3b0c44298fc1c149afb,,,,,
X465,UNCLASSIFIED,e3b0c44298fc1c149afb,,,,,
Y465,UNCLASSIFIED,e3b0c44298fc1c149afb,,,,,
Z465,UNCLASSIFIED,e3b0c44298fc1c149afb,#DIV/0!,,,,
AA465,UNCLASSIFIED,e3b0c44298fc1c149afb,#DIV/0!,,,,
V466,UNCLASSIFIED,e3b0c44298fc1c149afb,,,,,
W466,UNCLASSIFIED,e3b0c44298fc1c149afb,,,,,
X466,UNCLASSIFIED,e3b0c44298fc1c149afb,,,,,
Y466,UNCLASSIFIED,e3b0c44298fc1c149afb,,,,,
Z466,UNCLASSIFIED,e3b0c44298fc1c149afb,#DIV/0!,,,,
AA466,UNCLASSIFIED,e3b0c44298fc1c149afb,#DIV/0!,,,,
V467,UNCLASSIFIED,e3b0c44298fc1c149afb,,,,,
W467,UNCLASSIFIED,e3b0c44298fc1c149afb,,,,,
X467,UNCLASSIFIED,e3b0c44298fc1c149afb,,,,,
Y467,UNCLASSIFIED,e3b0c44298fc1c149afb,,,,,
Z467,UNCLASSIFIED,e3b0c44298fc1c149afb,#DIV/0!,,,,
AA467,UNCLASSIFIED,e3b0c44298fc1c149afb,#DIV/0!,,,,
V468,UNCLASSIFIED,e3b0c44298fc1c149afb,,,,,
W468,UNCLASSIFIED,e3b0c44298fc1c149afb,,,,,
X468,UNCLASSIFIED,e3b0c44298fc1c149afb,,,,,
Y468,UNCLASSIFIED,e3b0c44298fc1c149afb,,,,,
Z468,UNCLASSIFIED,e3b0c44298fc1c149afb,#DIV/0!,,,,
AA468,UNCLASSIFIED,e3b0c44298fc1c149afb,#DIV/0!,,,,
V469,UTILIZATION,b070dbb90878a1f60ba9,,,,"IFERROR(IF(AND(1/L469>$V$19,1/L469<=$W$19),1/L469,0),"""")","IFERROR(IF(AND(1/RC[-10]>R19C22,1/RC[-10]<=R19C23),1/RC[-10],0),"""")"
W469,UTILIZATION,de0a5dbfc5cc172602ba,,,,"IFERROR(IF(AND(1/L469>$W$19,1/L469<=$X$19),1/L469,0),"""")","IFERROR(IF(AND(1/RC[-11]>R19C23,1/RC[-11]<=R19C24),1/RC[-11],0),"""")"
X469,UTILIZATION,102bfd8013f27758e7c0,,,,"IFERROR(IF(AND(1/L469>$X$19,1/L469<=$Y$19),1/L469,0),"""")","IFERROR(IF(AND(1/RC[-12]>R19C24,1/RC[-12]<=R19C25),1/RC[-12],0),"""")"
Y469,UTILIZATION,2d4c8f3ea18940579bdf,,,,"IFERROR(IF(1/L469>$Y$19,1/L469,0),"""")","IFERROR(IF(1/RC[-13]>R19C25,1/RC[-13],0),"""")"
Z469,UTILIZATION,28ac2bdd4846fc6e2a7f,#DIV/0!,,,"IF(N469<>"""",(N469-$N$17)/1000,1/0)","IF(RC[-12]<>"""",(RC[-12]-R17C14)/1000,1/0)"
AA469,UTILIZATION,1aafe524f4bc30e7637c,#DIV/0!,,,"IF(O469<>"""",(O469-$O$17)/1000,1/0)","IF(RC[-12]<>"""",(RC[-12]-R17C15)/1000,1/0)"
V470,UNCLASSIFIED,e3b0c44298fc1c149afb,,,,,
W470,UNCLASSIFIED,e3b0c44298fc1c149afb,,,,,
X470,UNCLASSIFIED,e3b0c44298fc1c149afb,,,,,
Y470,UNCLASSIFIED,e3b0c44298fc1c149afb,,,,,
Z470,UNCLASSIFIED,e3b0c44298fc1c149afb,#DIV/0!,,,,
AA470,UNCLASSIFIED,e3b0c44298fc1c149afb,#DIV/0!,,,,
V471,UNCLASSIFIED,e3b0c44298fc1c149afb,,,,,
W471,UNCLASSIFIED,e3b0c44298fc1c149afb,,,,,
X471,UNCLASSIFIED,e3b0c44298fc1c149afb,,,,,
Y471,UNCLASSIFIED,e3b0c44298fc1c149afb,,,,,
Z471,UNCLASSIFIED,e3b0c44298fc1c149afb,#DIV/0!,,,,
AA471,UNCLASSIFIED,e3b0c44298fc1c149afb,#DIV/0!,,,,
V472,UNCLASSIFIED,e3b0c44298fc1c149afb,,,,,
W472,UNCLASSIFIED,e3b0c44298fc1c149afb,,,,,
X472,UNCLASSIFIED,e3b0c44298fc1c149afb,,,,,
Y472,UNCLASSIFIED,e3b0c44298fc1c149afb,,,,,
Z472,UNCLASSIFIED,e3b0c44298fc1c149afb,#DIV/0!,,,,
AA472,UNCLASSIFIED,e3b0c44298fc1c149afb,#DIV/0!,,,,
V473,UNCLASSIFIED,e3b0c44298fc1c149afb,,,,,
W473,UNCLASSIFIED,e3b0c44298fc1c149afb,,,,,
X473,UNCLASSIFIED,e3b0c44298fc1c149afb,,,,,
Y473,UNCLASSIFIED,e3b0c44298fc1c149afb,,,,,
Z473,UNCLASSIFIED,e3b0c44298fc1c149afb,#DIV/0!,,,,
AA473,UNCLASSIFIED,e3b0c44298fc1c149afb,#DIV/0!,,,,
V474,UNCLASSIFIED,e3b0c44298fc1c149afb,,,,,
W474,UNCLASSIFIED,e3b0c44298fc1c149afb,,,,,
X474,UNCLASSIFIED,e3b0c44298fc1c149afb,,,,,
Y474,UNCLASSIFIED,e3b0c44298fc1c149afb,,,,,
Z474,UNCLASSIFIED,e3b0c44298fc1c149afb,#DIV/0!,,,,
AA474,UNCLASSIFIED,e3b0c44298fc1c149afb,#DIV/0!,,,,
V475,UNCLASSIFIED,e3b0c44298fc1c149afb,,,,,
W475,UNCLASSIFIED,e3b0c44298fc1c149afb,,,,,
X475,UNCLASSIFIED,e3b0c44298fc1c149afb,,,,,
Y475,UNCLASSIFIED,e3b0c44298fc1c149afb,,,,,
Z475,UNCLASSIFIED,e3b0c44298fc1c149afb,#DIV/0!,,,,
AA475,UNCLASSIFIED,e3b0c44298fc1c149afb,#DIV/0!,,,,
V476,UNCLASSIFIED,e3b0c44298fc1c149afb,,,,,
W476,UNCLASSIFIED,e3b0c44298fc1c149afb,,,,,
X476,UNCLASSIFIED,e3b0c44298fc1c149afb,,,,,
Y476,UNCLASSIFIED,e3b0c44298fc1c149afb,,,,,
Z476,UNCLASSIFIED,e3b0c44298fc1c149afb,#DIV/0!,,,,
AA476,UNCLASSIFIED,e3b0c44298fc1c149afb,#DIV/0!,,,,
V477,UNCLASSIFIED,e3b0c44298fc1c149afb,,,,,
W477,UNCLASSIFIED,e3b0c44298fc1c149afb,,,,,
X477,UNCLASSIFIED,e3b0c44298fc1c149afb,,,,,
Y477,UNCLASSIFIED,e3b0c44298fc1c149afb,,,,,
Z477,UNCLASSIFIED,e3b0c44298fc1c149afb,#DIV/0!,,,,
AA477,UNCLASSIFIED,e3b0c44298fc1c149afb,#DIV/0!,,,,
V478,UNCLASSIFIED,e3b0c44298fc1c149afb,,,,,
W478,UNCLASSIFIED,e3b0c44298fc1c149afb,,,,,
X478,UNCLASSIFIED,e3b0c44298fc1c149afb,,,,,
Y478,UNCLASSIFIED,e3b0c44298fc1c149afb,,,,,
Z478,UNCLASSIFIED,e3b0c44298fc1c149afb,#DIV/0!,,,,
AA478,UNCLASSIFIED,e3b0c44298fc1c149afb,#DIV/0!,,,,
V479,UNCLASSIFIED,e3b0c44298fc1c149afb,,,,,
W479,UNCLASSIFIED,e3b0c44298fc1c149afb,,,,,
X479,UNCLASSIFIED,e3b0c44298fc1c149afb,,,,,
Y479,UNCLASSIFIED,e3b0c44298fc1c149afb,,,,,
Z479,UNCLASSIFIED,e3b0c44298fc1c149afb,#DIV/0!,,,,
AA479,UNCLASSIFIED,e3b0c44298fc1c149afb,#DIV/0!,,,,
V480,UNCLASSIFIED,e3b0c44298fc1c149afb,,,,,
W480,UNCLASSIFIED,e3b0c44298fc1c149afb,,,,,
X480,UNCLASSIFIED,e3b0c44298fc1c149afb,,,,,
Y480,UNCLASSIFIED,e3b0c44298fc1c149afb,,,,,
Z480,UNCLASSIFIED,e3b0c44298fc1c149afb,#DIV/0!,,,,
AA480,UNCLASSIFIED,e3b0c44298fc1c149afb,#DIV/0!,,,,
V481,UNCLASSIFIED,e3b0c44298fc1c149afb,,,,,
W481,UNCLASSIFIED,e3b0c44298fc1c149afb,,,,,
X481,UNCLASSIFIED,e3b0c44298fc1c149afb,,,,,
Y481,UNCLASSIFIED,e3b0c44298fc1c149afb,,,,,
Z481,UNCLASSIFIED,e3b0c44298fc1c149afb,#DIV/0!,,,,
AA481,UNCLASSIFIED,e3b0c44298fc1c149afb,#DIV/0!,,,,
V482,UNCLASSIFIED,e3b0c44298fc1c149afb,,,,,
W482,UNCLASSIFIED,e3b0c44298fc1c149afb,,,,,
X482,UNCLASSIFIED,e3b0c44298fc1c149afb,,,,,
Y482,UNCLASSIFIED,e3b0c44298fc1c149afb,,,,,
Z482,UNCLASSIFIED,e3b0c44298fc1c149afb,#DIV/0!,,,,
AA482,UNCLASSIFIED,e3b0c44298fc1c149afb,#DIV/0!,,,,
V483,UNCLASSIFIED,e3b0c44298fc1c149afb,,,,,
W483,UNCLASSIFIED,e3b0c44298fc1c149afb,,,,,
X483,UNCLASSIFIED,e3b0c44298fc1c149afb,,,,,
Y483,UNCLASSIFIED,e3b0c44298fc1c149afb,,,,,
Z483,UNCLASSIFIED,e3b0c44298fc1c149afb,#DIV/0!,,,,
AA483,UNCLASSIFIED,e3b0c44298fc1c149afb,#DIV/0!,,,,
V484,UNCLASSIFIED,e3b0c44298fc1c149afb,,,,,
W484,UNCLASSIFIED,e3b0c44298fc1c149afb,,,,,
X484,UNCLASSIFIED,e3b0c44298fc1c149afb,,,,,
Y484,UNCLASSIFIED,e3b0c44298fc1c149afb,,,,,
Z484,UNCLASSIFIED,e3b0c44298fc1c149afb,#DIV/0!,,,,
AA484,UNCLASSIFIED,e3b0c44298fc1c149afb,#DIV/0!,,,,
V485,UNCLASSIFIED,e3b0c44298fc1c149afb,,,,,
W485,UNCLASSIFIED,e3b0c44298fc1c149afb,,,,,
X485,UNCLASSIFIED,e3b0c44298fc1c149afb,,,,,
Y485,UNCLASSIFIED,e3b0c44298fc1c149afb,,,,,
Z485,UNCLASSIFIED,e3b0c44298fc1c149afb,#DIV/0!,,,,
AA485,UNCLASSIFIED,e3b0c44298fc1c149afb,#DIV/0!,,,,
V486,UNCLASSIFIED,e3b0c44298fc1c149afb,,,,,
W486,UNCLASSIFIED,e3b0c44298fc1c149afb,,,,,
X486,UNCLASSIFIED,e3b0c44298fc1c149afb,,,,,
Y486,UNCLASSIFIED,e3b0c44298fc1c149afb,,,,,
Z486,UNCLASSIFIED,e3b0c44298fc1c149afb,#DIV/0!,,,,
AA486,UNCLASSIFIED,e3b0c44298fc1c149afb,#DIV/0!,,,,
V487,UNCLASSIFIED,e3b0c44298fc1c149afb,,,,,
W487,UNCLASSIFIED,e3b0c44298fc1c149afb,,,,,
X487,UNCLASSIFIED,e3b0c44298fc1c149afb,,,,,
Y487,UNCLASSIFIED,e3b0c44298fc1c149afb,,,,,
Z487,UNCLASSIFIED,e3b0c44298fc1c149afb,#DIV/0!,,,,
AA487,UNCLASSIFIED,e3b0c44298fc1c149afb,#DIV/0!,,,,
V488,UNCLASSIFIED,e3b0c44298fc1c149afb,,,,,
W488,UNCLASSIFIED,e3b0c44298fc1c149afb,,,,,
X488,UNCLASSIFIED,e3b0c44298fc1c149afb,,,,,
Y488,UNCLASSIFIED,e3b0c44298fc1c149afb,,,,,
Z488,UNCLASSIFIED,e3b0c44298fc1c149afb,#DIV/0!,,,,
AA488,UNCLASSIFIED,e3b0c44298fc1c149afb,#DIV/0!,,,,
V489,UNCLASSIFIED,e3b0c44298fc1c149afb,,,,,
W489,UNCLASSIFIED,e3b0c44298fc1c149afb,,,,,
X489,UNCLASSIFIED,e3b0c44298fc1c149afb,,,,,
Y489,UNCLASSIFIED,e3b0c44298fc1c149afb,,,,,
Z489,UNCLASSIFIED,e3b0c44298fc1c149afb,#DIV/0!,,,,
AA489,UNCLASSIFIED,e3b0c44298fc1c149afb,#DIV/0!,,,,
V490,UNCLASSIFIED,e3b0c44298fc1c149afb,,,,,
W490,UNCLASSIFIED,e3b0c44298fc1c149afb,,,,,
X490,UNCLASSIFIED,e3b0c44298fc1c149afb,,,,,
Y490,UNCLASSIFIED,e3b0c44298fc1c149afb,,,,,
Z490,UNCLASSIFIED,e3b0c44298fc1c149afb,#DIV/0!,,,,
AA490,UNCLASSIFIED,e3b0c44298fc1c149afb,#DIV/0!,,,,
V491,UNCLASSIFIED,e3b0c44298fc1c149afb,,,,,
W491,UNCLASSIFIED,e3b0c44298fc1c149afb,,,,,
X491,UNCLASSIFIED,e3b0c44298fc1c149afb,,,,,
Y491,UNCLASSIFIED,e3b0c44298fc1c149afb,,,,,
Z491,UNCLASSIFIED,e3b0c44298fc1c149afb,#DIV/0!,,,,
AA491,UNCLASSIFIED,e3b0c44298fc1c149afb,#DIV/0!,,,,
V492,UNCLASSIFIED,e3b0c44298fc1c149afb,,,,,
W492,UNCLASSIFIED,e3b0c44298fc1c149afb,,,,,
X492,UNCLASSIFIED,e3b0c44298fc1c149afb,,,,,
Y492,UNCLASSIFIED,e3b0c44298fc1c149afb,,,,,
Z492,UNCLASSIFIED,e3b0c44298fc1c149afb,#DIV/0!,,,,
AA492,UNCLASSIFIED,e3b0c44298fc1c149afb,#DIV/0!,,,,
V493,UNCLASSIFIED,e3b0c44298fc1c149afb,,,,,
W493,UNCLASSIFIED,e3b0c44298fc1c149afb,,,,,
X493,UNCLASSIFIED,e3b0c44298fc1c149afb,,,,,
Y493,UNCLASSIFIED,e3b0c44298fc1c149afb,,,,,
Z493,UNCLASSIFIED,e3b0c44298fc1c149afb,#DIV/0!,,,,
AA493,UNCLASSIFIED,e3b0c44298fc1c149afb,#DIV/0!,,,,
V494,UNCLASSIFIED,e3b0c44298fc1c149afb,,,,,
W494,UNCLASSIFIED,e3b0c44298fc1c149afb,,,,,
X494,UNCLASSIFIED,e3b0c44298fc1c149afb,,,,,
Y494,UNCLASSIFIED,e3b0c44298fc1c149afb,,,,,
Z494,UNCLASSIFIED,e3b0c44298fc1c149afb,#DIV/0!,,,,
AA494,UNCLASSIFIED,e3b0c44298fc1c149afb,#DIV/0!,,,,
V495,UNCLASSIFIED,e3b0c44298fc1c149afb,,,,,
W495,UNCLASSIFIED,e3b0c44298fc1c149afb,,,,,
X495,UNCLASSIFIED,e3b0c44298fc1c149afb,,,,,
Y495,UNCLASSIFIED,e3b0c44298fc1c149afb,,,,,
Z495,UNCLASSIFIED,e3b0c44298fc1c149afb,#DIV/0!,,,,
AA495,UNCLASSIFIED,e3b0c44298fc1c149afb,#DIV/0!,,,,
V496,UNCLASSIFIED,e3b0c44298fc1c149afb,,,,,
W496,UNCLASSIFIED,e3b0c44298fc1c149afb,,,,,
X496,UNCLASSIFIED,e3b0c44298fc1c149afb,,,,,
Y496,UNCLASSIFIED,e3b0c44298fc1c149afb,,,,,
Z496,UNCLASSIFIED,e3b0c44298fc1c149afb,#DIV/0!,,,,
AA496,UNCLASSIFIED,e3b0c44298fc1c149afb,#DIV/0!,,,,
V497,UNCLASSIFIED,e3b0c44298fc1c149afb,,,,,
W497,UNCLASSIFIED,e3b0c44298fc1c149afb,,,,,
X497,UNCLASSIFIED,e3b0c44298fc1c149afb,,,,,
Y497,UNCLASSIFIED,e3b0c44298fc1c149afb,,,,,
Z497,UNCLASSIFIED,e3b0c44298fc1c149afb,#DIV/0!,,,,
AA497,UNCLASSIFIED,e3b0c44298fc1c149afb,#DIV/0!,,,,
V498,UNCLASSIFIED,e3b0c44298fc1c149afb,,,,,
W498,UNCLASSIFIED,e3b0c44298fc1c149afb,,,,,
X498,UNCLASSIFIED,e3b0c44298fc1c149afb,,,,,
Y498,UNCLASSIFIED,e3b0c44298fc1c149afb,,,,,
Z498,UNCLASSIFIED,e3b0c44298fc1c149afb,#DIV/0!,,,,
AA498,UNCLASSIFIED,e3b0c44298fc1c149afb,#DIV/0!,,,,
V499,UNCLASSIFIED,e3b0c44298fc1c149afb,,,,,
W499,UNCLASSIFIED,e3b0c44298fc1c149afb,,,,,
X499,UNCLASSIFIED,e3b0c44298fc1c149afb,,,,,
Y499,UNCLASSIFIED,e3b0c44298fc1c149afb,,,,,
Z499,UNCLASSIFIED,e3b0c44298fc1c149afb,#DIV/0!,,,,
AA499,UNCLASSIFIED,e3b0c44298fc1c149afb,#DIV/0!,,,,
V500,UNCLASSIFIED,e3b0c44298fc1c149afb,,,,,
W500,UNCLASSIFIED,e3b0c44298fc1c149afb,,,,,
X500,UNCLASSIFIED,e3b0c44298fc1c149afb,,,,,
Y500,UNCLASSIFIED,e3b0c44298fc1c149afb,,,,,
Z500,UNCLASSIFIED,e3b0c44298fc1c149afb,#DIV/0!,,,,
AA500,UNCLASSIFIED,e3b0c44298fc1c149afb,#DIV/0!,,,,
V501,UNCLASSIFIED,e3b0c44298fc1c149afb,,,,,
W501,UNCLASSIFIED,e3b0c44298fc1c149afb,,,,,
X501,UNCLASSIFIED,e3b0c44298fc1c149afb,,,,,
Y501,UNCLASSIFIED,e3b0c44298fc1c149afb,,,,,
Z501,UNCLASSIFIED,e3b0c44298fc1c149afb,#DIV/0!,,,,
AA501,UNCLASSIFIED,e3b0c44298fc1c149afb,#DIV/0!,,,,
V502,UNCLASSIFIED,e3b0c44298fc1c149afb,,,,,
W502,UNCLASSIFIED,e3b0c44298fc1c149afb,,,,,
X502,UNCLASSIFIED,e3b0c44298fc1c149afb,,,,,
Y502,UNCLASSIFIED,e3b0c44298fc1c149afb,,,,,
Z502,UNCLASSIFIED,e3b0c44298fc1c149afb,#DIV/0!,,,,
AA502,UNCLASSIFIED,e3b0c44298fc1c149afb,#DIV/0!,,,,
V503,UNCLASSIFIED,e3b0c44298fc1c149afb,,,,,
W503,UNCLASSIFIED,e3b0c44298fc1c149afb,,,,,
X503,UNCLASSIFIED,e3b0c44298fc1c149afb,,,,,
Y503,UNCLASSIFIED,e3b0c44298fc1c149afb,,,,,
Z503,UNCLASSIFIED,e3b0c44298fc1c149afb,#DIV/0!,,,,
AA503,UNCLASSIFIED,e3b0c44298fc1c149afb,#DIV/0!,,,,
V504,UNCLASSIFIED,e3b0c44298fc1c149afb,,,,,
W504,UNCLASSIFIED,e3b0c44298fc1c149afb,,,,,
X504,UNCLASSIFIED,e3b0c44298fc1c149afb,,,,,
Y504,UNCLASSIFIED,e3b0c44298fc1c149afb,,,,,
Z504,UNCLASSIFIED,e3b0c44298fc1c149afb,#DIV/0!,,,,
AA504,UNCLASSIFIED,e3b0c44298fc1c149afb,#DIV/0!,,,,
V505,UNCLASSIFIED,e3b0c44298fc1c149afb,,,,,
W505,UNCLASSIFIED,e3b0c44298fc1c149afb,,,,,
X505,UNCLASSIFIED,e3b0c44298fc1c149afb,,,,,
Y505,UNCLASSIFIED,e3b0c44298fc1c149afb,,,,,
Z505,UNCLASSIFIED,e3b0c44298fc1c149afb,#DIV/0!,,,,
AA505,UNCLASSIFIED,e3b0c44298fc1c149afb,#DIV/0!,,,,
V506,UNCLASSIFIED,e3b0c44298fc1c149afb,,,,,
W506,UNCLASSIFIED,e3b0c44298fc1c149afb,,,,,
X506,UNCLASSIFIED,e3b0c44298fc1c149afb,,,,,
Y506,UNCLASSIFIED,e3b0c44298fc1c149afb,,,,,
Z506,UNCLASSIFIED,e3b0c44298fc1c149afb,#DIV/0!,,,,
AA506,UNCLASSIFIED,e3b0c44298fc1c149afb,#DIV/0!,,,,
V507,UNCLASSIFIED,e3b0c44298fc1c149afb,,,,,
W507,UNCLASSIFIED,e3b0c44298fc1c149afb,,,,,
X507,UNCLASSIFIED,e3b0c44298fc1c149afb,,,,,
Y507,UNCLASSIFIED,e3b0c44298fc1c149afb,,,,,
Z507,UNCLASSIFIED,e3b0c44298fc1c149afb,#DIV/0!,,,,
AA507,UNCLASSIFIED,e3b0c44298fc1c149afb,#DIV/0!,,,,
V508,UNCLASSIFIED,e3b0c44298fc1c149afb,,,,,
W508,UNCLASSIFIED,e3b0c44298fc1c149afb,,,,,
X508,UNCLASSIFIED,e3b0c44298fc1c149afb,,,,,
Y508,UNCLASSIFIED,e3b0c44298fc1c149afb,,,,,
Z508,UNCLASSIFIED,e3b0c44298fc1c149afb,#DIV/0!,,,,
AA508,UNCLASSIFIED,e3b0c44298fc1c149afb,#DIV/0!,,,,
V509,UNCLASSIFIED,e3b0c44298fc1c149afb,,,,,
W509,UNCLASSIFIED,e3b0c44298fc1c149afb,,,,,
X509,UNCLASSIFIED,e3b0c44298fc1c149afb,,,,,
Y509,UNCLASSIFIED,e3b0c44298fc1c149afb,,,,,
Z509,UNCLASSIFIED,e3b0c44298fc1c149afb,#DIV/0!,,,,
AA509,UNCLASSIFIED,e3b0c44298fc1c149afb,#DIV/0!,,,,
V510,UNCLASSIFIED,e3b0c44298fc1c149afb,,,,,
W510,UNCLASSIFIED,e3b0c44298fc1c149afb,,,,,
X510,UNCLASSIFIED,e3b0c44298fc1c149afb,,,,,
Y510,UNCLASSIFIED,e3b0c44298fc1c149afb,,,,,
Z510,UNCLASSIFIED,e3b0c44298fc1c149afb,#DIV/0!,,,,
AA510,UNCLASSIFIED,e3b0c44298fc1c149afb,#DIV/0!,,,,
V511,UNCLASSIFIED,e3b0c44298fc1c149afb,,,,,
W511,UNCLASSIFIED,e3b0c44298fc1c149afb,,,,,
X511,UNCLASSIFIED,e3b0c44298fc1c149afb,,,,,
Y511,UNCLASSIFIED,e3b0c44298fc1c149afb,,,,,
Z511,UNCLASSIFIED,e3b0c44298fc1c149afb,#DIV/0!,,,,
AA511,UNCLASSIFIED,e3b0c44298fc1c149afb,#DIV/0!,,,,
V512,UNCLASSIFIED,e3b0c44298fc1c149afb,,,,,
W512,UNCLASSIFIED,e3b0c44298fc1c149afb,,,,,
X512,UNCLASSIFIED,e3b0c44298fc1c149afb,,,,,
Y512,UNCLASSIFIED,e3b0c44298fc1c149afb,,,,,
Z512,UNCLASSIFIED,e3b0c44298fc1c149afb,#DIV/0!,,,,
AA512,UNCLASSIFIED,e3b0c44298fc1c149afb,#DIV/0!,,,,
V513,UNCLASSIFIED,e3b0c44298fc1c149afb,,,,,
W513,UNCLASSIFIED,e3b0c44298fc1c149afb,,,,,
X513,UNCLASSIFIED,e3b0c44298fc1c149afb,,,,,
Y513,UNCLASSIFIED,e3b0c44298fc1c149afb,,,,,
Z513,UNCLASSIFIED,e3b0c44298fc1c149afb,#DIV/0!,,,,
AA513,UNCLASSIFIED,e3b0c44298fc1c149afb,#DIV/0!,,,,
V514,UNCLASSIFIED,e3b0c44298fc1c149afb,,,,,
W514,UNCLASSIFIED,e3b0c44298fc1c149afb,,,,,
X514,UNCLASSIFIED,e3b0c44298fc1c149afb,,,,,
Y514,UNCLASSIFIED,e3b0c44298fc1c149afb,,,,,
Z514,UNCLASSIFIED,e3b0c44298fc1c149afb,#DIV/0!,,,,
AA514,UNCLASSIFIED,e3b0c44298fc1c149afb,#DIV/0!,,,,
V515,UNCLASSIFIED,e3b0c44298fc1c149afb,,,,,
W515,UNCLASSIFIED,e3b0c44298fc1c149afb,,,,,
X515,UNCLASSIFIED,e3b0c44298fc1c149afb,,,,,
Y515,UNCLASSIFIED,e3b0c44298fc1c149afb,,,,,
Z515,UNCLASSIFIED,e3b0c44298fc1c149afb,#DIV/0!,,,,
AA515,UNCLASSIFIED,e3b0c44298fc1c149afb,#DIV/0!,,,,
V516,UNCLASSIFIED,e3b0c44298fc1c149afb,,,,,
W516,UNCLASSIFIED,e3b0c44298fc1c149afb,,,,,
X516,UNCLASSIFIED,e3b0c44298fc1c149afb,,,,,
Y516,UNCLASSIFIED,e3b0c44298fc1c149afb,,,,,
Z516,UNCLASSIFIED,e3b0c44298fc1c149afb,#DIV/0!,,,,
AA516,UNCLASSIFIED,e3b0c44298fc1c149afb,#DIV/0!,,,,
V517,UNCLASSIFIED,e3b0c44298fc1c149afb,,,,,
W517,UNCLASSIFIED,e3b0c44298fc1c149afb,,,,,
X517,UNCLASSIFIED,e3b0c44298fc1c149afb,,,,,
Y517,UNCLASSIFIED,e3b0c44298fc1c149afb,,,,,
Z517,UNCLASSIFIED,e3b0c44298fc1c149afb,#DIV/0!,,,,
AA517,UNCLASSIFIED,e3b0c44298fc1c149afb,#DIV/0!,,,,
V518,UNCLASSIFIED,e3b0c44298fc1c149afb,,,,,
W518,UNCLASSIFIED,e3b0c44298fc1c149afb,,,,,
X518,UNCLASSIFIED,e3b0c44298fc1c149afb,,,,,
Y518,UNCLASSIFIED,e3b0c44298fc1c149afb,,,,,
Z518,UNCLASSIFIED,e3b0c44298fc1c149afb,#DIV/0!,,,,
AA518,UNCLASSIFIED,e3b0c44298fc1c149afb,#DIV/0!,,,,
V519,UNCLASSIFIED,e3b0c44298fc1c149afb,,,,,
W519,UNCLASSIFIED,e3b0c44298fc1c149afb,,,,,
X519,UNCLASSIFIED,e3b0c44298fc1c149afb,,,,,
Y519,UNCLASSIFIED,e3b0c44298fc1c149afb,,,,,
Z519,UNCLASSIFIED,e3b0c44298fc1c149afb,#DIV/0!,,,,
AA519,UNCLASSIFIED,e3b0c44298fc1c149afb,#DIV/0!,,,,
V520,UNCLASSIFIED,e3b0c44298fc1c149afb,,,,,
W520,UNCLASSIFIED,e3b0c44298fc1c149afb,,,,,
X520,UNCLASSIFIED,e3b0c44298fc1c149afb,,,,,
Y520,UNCLASSIFIED,e3b0c44298fc1c149afb,,,,,
Z520,UNCLASSIFIED,e3b0c44298fc1c149afb,#DIV/0!,,,,
AA520,UNCLASSIFIED,e3b0c44298fc1c149afb,#DIV/0!,,,,
V521,UNCLASSIFIED,e3b0c44298fc1c149afb,,,,,
W521,UNCLASSIFIED,e3b0c44298fc1c149afb,,,,,
X521,UNCLASSIFIED,e3b0c44298fc1c149afb,,,,,
Y521,UNCLASSIFIED,e3b0c44298fc1c149afb,,,,,
Z521,UNCLASSIFIED,e3b0c44298fc1c149afb,#DIV/0!,,,,
AA521,UNCLASSIFIED,e3b0c44298fc1c149afb,#DIV/0!,,,,
V522,UNCLASSIFIED,e3b0c44298fc1c149afb,,,,,
W522,UNCLASSIFIED,e3b0c44298fc1c149afb,,,,,
X522,UNCLASSIFIED,e3b0c44298fc1c149afb,,,,,
Y522,UNCLASSIFIED,e3b0c44298fc1c149afb,,,,,
Z522,UNCLASSIFIED,e3b0c44298fc1c149afb,#DIV/0!,,,,
AA522,UNCLASSIFIED,e3b0c44298fc1c149afb,#DIV/0!,,,,
V523,UNCLASSIFIED,e3b0c44298fc1c149afb,,,,,
W523,UNCLASSIFIED,e3b0c44298fc1c149afb,,,,,
X523,UNCLASSIFIED,e3b0c44298fc1c149afb,,,,,
Y523,UNCLASSIFIED,e3b0c44298fc1c149afb,,,,,
Z523,UNCLASSIFIED,e3b0c44298fc1c149afb,#DIV/0!,,,,
AA523,UNCLASSIFIED,e3b0c44298fc1c149afb,#DIV/0!,,,,
V524,UNCLASSIFIED,e3b0c44298fc1c149afb,,,,,
W524,UNCLASSIFIED,e3b0c44298fc1c149afb,,,,,
X524,UNCLASSIFIED,e3b0c44298fc1c149afb,,,,,
Y524,UNCLASSIFIED,e3b0c44298fc1c149afb,,,,,
Z524,UNCLASSIFIED,e3b0c44298fc1c149afb,#DIV/0!,,,,
AA524,UNCLASSIFIED,e3b0c44298fc1c149afb,#DIV/0!,,,,
V525,UNCLASSIFIED,e3b0c44298fc1c149afb,,,,,
W525,UNCLASSIFIED,e3b0c44298fc1c149afb,,,,,
X525,UNCLASSIFIED,e3b0c44298fc1c149afb,,,,,
Y525,UNCLASSIFIED,e3b0c44298fc1c149afb,,,,,
Z525,UNCLASSIFIED,e3b0c44298fc1c149afb,#DIV/0!,,,,
AA525,UNCLASSIFIED,e3b0c44298fc1c149afb,#DIV/0!,,,,
V526,UNCLASSIFIED,e3b0c44298fc1c149afb,,,,,
W526,UNCLASSIFIED,e3b0c44298fc1c149afb,,,,,
X526,UNCLASSIFIED,e3b0c44298fc1c149afb,,,,,
Y526,UNCLASSIFIED,e3b0c44298fc1c149afb,,,,,
Z526,UNCLASSIFIED,e3b0c44298fc1c149afb,#DIV/0!,,,,
AA526,UNCLASSIFIED,e3b0c44298fc1c149afb,#DIV/0!,,,,
V527,UNCLASSIFIED,e3b0c44298fc1c149afb,,,,,
W527,UNCLASSIFIED,e3b0c44298fc1c149afb,,,,,
X527,UNCLASSIFIED,e3b0c44298fc1c149afb,,,,,
Y527,UNCLASSIFIED,e3b0c44298fc1c149afb,,,,,
Z527,UNCLASSIFIED,e3b0c44298fc1c149afb,#DIV/0!,,,,
AA527,UNCLASSIFIED,e3b0c44298fc1c149afb,#DIV/0!,,,,
V528,UNCLASSIFIED,e3b0c44298fc1c149afb,,,,,
W528,UNCLASSIFIED,e3b0c44298fc1c149afb,,,,,
X528,UNCLASSIFIED,e3b0c44298fc1c149afb,,,,,
Y528,UNCLASSIFIED,e3b0c44298fc1c149afb,,,,,
Z528,UNCLASSIFIED,e3b0c44298fc1c149afb,#DIV/0!,,,,
AA528,UNCLASSIFIED,e3b0c44298fc1c149afb,#DIV/0!,,,,
V529,UNCLASSIFIED,e3b0c44298fc1c149afb,,,,,
W529,UNCLASSIFIED,e3b0c44298fc1c149afb,,,,,
X529,UNCLASSIFIED,e3b0c44298fc1c149afb,,,,,
Y529,UNCLASSIFIED,e3b0c44298fc1c149afb,,,,,
Z529,UNCLASSIFIED,e3b0c44298fc1c149afb,#DIV/0!,,,,
AA529,UNCLASSIFIED,e3b0c44298fc1c149afb,#DIV/0!,,,,
V530,UNCLASSIFIED,e3b0c44298fc1c149afb,,,,,
W530,UNCLASSIFIED,e3b0c44298fc1c149afb,,,,,
X530,UNCLASSIFIED,e3b0c44298fc1c149afb,,,,,
Y530,UNCLASSIFIED,e3b0c44298fc1c149afb,,,,,
Z530,UNCLASSIFIED,e3b0c44298fc1c149afb,#DIV/0!,,,,
AA530,UNCLASSIFIED,e3b0c44298fc1c149afb,#DIV/0!,,,,
V531,UNCLASSIFIED,e3b0c44298fc1c149afb,,,,,
W531,UNCLASSIFIED,e3b0c44298fc1c149afb,,,,,
X531,UNCLASSIFIED,e3b0c44298fc1c149afb,,,,,
Y531,UNCLASSIFIED,e3b0c44298fc1c149afb,,,,,
Z531,UNCLASSIFIED,e3b0c44298fc1c149afb,#DIV/0!,,,,
AA531,UNCLASSIFIED,e3b0c44298fc1c149afb,#DIV/0!,,,,
V532,UNCLASSIFIED,e3b0c44298fc1c149afb,,,,,
W532,UNCLASSIFIED,e3b0c44298fc1c149afb,,,,,
X532,UNCLASSIFIED,e3b0c44298fc1c149afb,,,,,
Y532,UNCLASSIFIED,e3b0c44298fc1c149afb,,,,,
Z532,UNCLASSIFIED,e3b0c44298fc1c149afb,#DIV/0!,,,,
AA532,UNCLASSIFIED,e3b0c44298fc1c149afb,#DIV/0!,,,,
V533,UTILIZATION,b070dbb90878a1f60ba9,,,,"IFERROR(IF(AND(1/L533>$V$19,1/L533<=$W$19),1/L533,0),"""")","IFERROR(IF(AND(1/RC[-10]>R19C22,1/RC[-10]<=R19C23),1/RC[-10],0),"""")"
W533,UTILIZATION,de0a5dbfc5cc172602ba,,,,"IFERROR(IF(AND(1/L533>$W$19,1/L533<=$X$19),1/L533,0),"""")","IFERROR(IF(AND(1/RC[-11]>R19C23,1/RC[-11]<=R19C24),1/RC[-11],0),"""")"
X533,UTILIZATION,102bfd8013f27758e7c0,,,,"IFERROR(IF(AND(1/L533>$X$19,1/L533<=$Y$19),1/L533,0),"""")","IFERROR(IF(AND(1/RC[-12]>R19C24,1/RC[-12]<=R19C25),1/RC[-12],0),"""")"
Y533,UTILIZATION,2d4c8f3ea18940579bdf,,,,"IFERROR(IF(1/L533>$Y$19,1/L533,0),"""")","IFERROR(IF(1/RC[-13]>R19C25,1/RC[-13],0),"""")"
Z533,UTILIZATION,28ac2bdd4846fc6e2a7f,#DIV/0!,,,"IF(N533<>"""",(N533-$N$17)/1000,1/0)","IF(RC[-12]<>"""",(RC[-12]-R17C14)/1000,1/0)"
AA533,UTILIZATION,1aafe524f4bc30e7637c,#DIV/0!,,,"IF(O533<>"""",(O533-$O$17)/1000,1/0)","IF(RC[-12]<>"""",(RC[-12]-R17C15)/1000,1/0)"
V534,UNCLASSIFIED,e3b0c44298fc1c149afb,,,,,
W534,UNCLASSIFIED,e3b0c44298fc1c149afb,,,,,
X534,UNCLASSIFIED,e3b0c44298fc1c149afb,,,,,
Y534,UNCLASSIFIED,e3b0c44298fc1c149afb,,,,,
Z534,UNCLASSIFIED,e3b0c44298fc1c149afb,#DIV/0!,,,,
AA534,UNCLASSIFIED,e3b0c44298fc1c149afb,#DIV/0!,,,,
V535,UNCLASSIFIED,e3b0c44298fc1c149afb,,,,,
W535,UNCLASSIFIED,e3b0c44298fc1c149afb,,,,,
X535,UNCLASSIFIED,e3b0c44298fc1c149afb,,,,,
Y535,UNCLASSIFIED,e3b0c44298fc1c149afb,,,,,
Z535,UNCLASSIFIED,e3b0c44298fc1c149afb,#DIV/0!,,,,
AA535,UNCLASSIFIED,e3b0c44298fc1c149afb,#DIV/0!,,,,
V536,UNCLASSIFIED,e3b0c44298fc1c149afb,,,,,
W536,UNCLASSIFIED,e3b0c44298fc1c149afb,,,,,
X536,UNCLASSIFIED,e3b0c44298fc1c149afb,,,,,
Y536,UNCLASSIFIED,e3b0c44298fc1c149afb,,,,,
Z536,UNCLASSIFIED,e3b0c44298fc1c149afb,#DIV/0!,,,,
AA536,UNCLASSIFIED,e3b0c44298fc1c149afb,#DIV/0!,,,,
V537,UNCLASSIFIED,e3b0c44298fc1c149afb,,,,,
W537,UNCLASSIFIED,e3b0c44298fc1c149afb,,,,,
X537,UNCLASSIFIED,e3b0c44298fc1c149afb,,,,,
Y537,UNCLASSIFIED,e3b0c44298fc1c149afb,,,,,
Z537,UNCLASSIFIED,e3b0c44298fc1c149afb,#DIV/0!,,,,
AA537,UNCLASSIFIED,e3b0c44298fc1c149afb,#DIV/0!,,,,
V538,UNCLASSIFIED,e3b0c44298fc1c149afb,,,,,
W538,UNCLASSIFIED,e3b0c44298fc1c149afb,,,,,
X538,UNCLASSIFIED,e3b0c44298fc1c149afb,,,,,
Y538,UNCLASSIFIED,e3b0c44298fc1c149afb,,,,,
Z538,UNCLASSIFIED,e3b0c44298fc1c149afb,#DIV/0!,,,,
AA538,UNCLASSIFIED,e3b0c44298fc1c149afb,#DIV/0!,,,,
V539,UNCLASSIFIED,e3b0c44298fc1c149afb,,,,,
W539,UNCLASSIFIED,e3b0c44298fc1c149afb,,,,,
X539,UNCLASSIFIED,e3b0c44298fc1c149afb,,,,,
Y539,UNCLASSIFIED,e3b0c44298fc1c149afb,,,,,
Z539,UNCLASSIFIED,e3b0c44298fc1c149afb,#DIV/0!,,,,
AA539,UNCLASSIFIED,e3b0c44298fc1c149afb,#DIV/0!,,,,
V540,UNCLASSIFIED,e3b0c44298fc1c149afb,,,,,
W540,UNCLASSIFIED,e3b0c44298fc1c149afb,,,,,
X540,UNCLASSIFIED,e3b0c44298fc1c149afb,,,,,
Y540,UNCLASSIFIED,e3b0c44298fc1c149afb,,,,,
Z540,UNCLASSIFIED,e3b0c44298fc1c149afb,#DIV/0!,,,,
AA540,UNCLASSIFIED,e3b0c44298fc1c149afb,#DIV/0!,,,,
V541,UNCLASSIFIED,e3b0c44298fc1c149afb,,,,,
W541,UNCLASSIFIED,e3b0c44298fc1c149afb,,,,,
X541,UNCLASSIFIED,e3b0c44298fc1c149afb,,,,,
Y541,UNCLASSIFIED,e3b0c44298fc1c149afb,,,,,
Z541,UNCLASSIFIED,e3b0c44298fc1c149afb,#DIV/0!,,,,
AA541,UNCLASSIFIED,e3b0c44298fc1c149afb,#DIV/0!,,,,
V542,UNCLASSIFIED,e3b0c44298fc1c149afb,,,,,
W542,UNCLASSIFIED,e3b0c44298fc1c149afb,,,,,
X542,UNCLASSIFIED,e3b0c44298fc1c149afb,,,,,
Y542,UNCLASSIFIED,e3b0c44298fc1c149afb,,,,,
Z542,UNCLASSIFIED,e3b0c44298fc1c149afb,#DIV/0!,,,,
AA542,UNCLASSIFIED,e3b0c44298fc1c149afb,#DIV/0!,,,,
V543,UNCLASSIFIED,e3b0c44298fc1c149afb,,,,,
W543,UNCLASSIFIED,e3b0c44298fc1c149afb,,,,,
X543,UNCLASSIFIED,e3b0c44298fc1c149afb,,,,,
Y543,UNCLASSIFIED,e3b0c44298fc1c149afb,,,,,
Z543,UNCLASSIFIED,e3b0c44298fc1c149afb,#DIV/0!,,,,
AA543,UNCLASSIFIED,e3b0c44298fc1c149afb,#DIV/0!,,,,
V544,UNCLASSIFIED,e3b0c44298fc1c149afb,,,,,
W544,UNCLASSIFIED,e3b0c44298fc1c149afb,,,,,
X544,UNCLASSIFIED,e3b0c44298fc1c149afb,,,,,
Y544,UNCLASSIFIED,e3b0c44298fc1c149afb,,,,,
Z544,UNCLASSIFIED,e3b0c44298fc1c149afb,#DIV/0!,,,,
AA544,UNCLASSIFIED,e3b0c44298fc1c149afb,#DIV/0!,,,,
V545,UNCLASSIFIED,e3b0c44298fc1c149afb,,,,,
W545,UNCLASSIFIED,e3b0c44298fc1c149afb,,,,,
X545,UNCLASSIFIED,e3b0c44298fc1c149afb,,,,,
Y545,UNCLASSIFIED,e3b0c44298fc1c149afb,,,,,
Z545,UNCLASSIFIED,e3b0c44298fc1c149afb,#DIV/0!,,,,
AA545,UNCLASSIFIED,e3b0c44298fc1c149afb,#DIV/0!,,,,
V546,UNCLASSIFIED,e3b0c44298fc1c149afb,,,,,
W546,UNCLASSIFIED,e3b0c44298fc1c149afb,,,,,
X546,UNCLASSIFIED,e3b0c44298fc1c149afb,,,,,
Y546,UNCLASSIFIED,e3b0c44298fc1c149afb,,,,,
Z546,UNCLASSIFIED,e3b0c44298fc1c149afb,#DIV/0!,,,,
AA546,UNCLASSIFIED,e3b0c44298fc1c149afb,#DIV/0!,,,,
V547,UNCLASSIFIED,e3b0c44298fc1c149afb,,,,,
W547,UNCLASSIFIED,e3b0c44298fc1c149afb,,,,,
X547,UNCLASSIFIED,e3b0c44298fc1c149afb,,,,,
Y547,UNCLASSIFIED,e3b0c44298fc1c149afb,,,,,
Z547,UNCLASSIFIED,e3b0c44298fc1c149afb,#DIV/0!,,,,
AA547,UNCLASSIFIED,e3b0c44298fc1c149afb,#DIV/0!,,,,
V548,UNCLASSIFIED,e3b0c44298fc1c149afb,,,,,
W548,UNCLASSIFIED,e3b0c44298fc1c149afb,,,,,
X548,UNCLASSIFIED,e3b0c44298fc1c149afb,,,,,
Y548,UNCLASSIFIED,e3b0c44298fc1c149afb,,,,,
Z548,UNCLASSIFIED,e3b0c44298fc1c149afb,#DIV/0!,,,,
AA548,UNCLASSIFIED,e3b0c44298fc1c149afb,#DIV/0!,,,,
V549,UNCLASSIFIED,e3b0c44298fc1c149afb,,,,,
W549,UNCLASSIFIED,e3b0c44298fc1c149afb,,,,,
X549,UNCLASSIFIED,e3b0c44298fc1c149afb,,,,,
Y549,UNCLASSIFIED,e3b0c44298fc1c149afb,,,,,
Z549,UNCLASSIFIED,e3b0c44298fc1c149afb,#DIV/0!,,,,
AA549,UNCLASSIFIED,e3b0c44298fc1c149afb,#DIV/0!,,,,
V550,UNCLASSIFIED,e3b0c44298fc1c149afb,,,,,
W550,UNCLASSIFIED,e3b0c44298fc1c149afb,,,,,
X550,UNCLASSIFIED,e3b0c44298fc1c149afb,,,,,
Y550,UNCLASSIFIED,e3b0c44298fc1c149afb,,,,,
Z550,UNCLASSIFIED,e3b0c44298fc1c149afb,#DIV/0!,,,,
AA550,UNCLASSIFIED,e3b0c44298fc1c149afb,#DIV/0!,,,,
V551,UNCLASSIFIED,e3b0c44298fc1c149afb,,,,,
W551,UNCLASSIFIED,e3b0c44298fc1c149afb,,,,,
X551,UNCLASSIFIED,e3b0c44298fc1c149afb,,,,,
Y551,UNCLASSIFIED,e3b0c44298fc1c149afb,,,,,
Z551,UNCLASSIFIED,e3b0c44298fc1c149afb,#DIV/0!,,,,
AA551,UNCLASSIFIED,e3b0c44298fc1c149afb,#DIV/0!,,,,
V552,UNCLASSIFIED,e3b0c44298fc1c149afb,,,,,
W552,UNCLASSIFIED,e3b0c44298fc1c149afb,,,,,
X552,UNCLASSIFIED,e3b0c44298fc1c149afb,,,,,
Y552,UNCLASSIFIED,e3b0c44298fc1c149afb,,,,,
Z552,UNCLASSIFIED,e3b0c44298fc1c149afb,#DIV/0!,,,,
AA552,UNCLASSIFIED,e3b0c44298fc1c149afb,#DIV/0!,,,,
V553,UNCLASSIFIED,e3b0c44298fc1c149afb,,,,,
W553,UNCLASSIFIED,e3b0c44298fc1c149afb,,,,,
X553,UNCLASSIFIED,e3b0c44298fc1c149afb,,,,,
Y553,UNCLASSIFIED,e3b0c44298fc1c149afb,,,,,
Z553,UNCLASSIFIED,e3b0c44298fc1c149afb,#DIV/0!,,,,
AA553,UNCLASSIFIED,e3b0c44298fc1c149afb,#DIV/0!,,,,
V554,UNCLASSIFIED,e3b0c44298fc1c149afb,,,,,
W554,UNCLASSIFIED,e3b0c44298fc1c149afb,,,,,
X554,UNCLASSIFIED,e3b0c44298fc1c149afb,,,,,
Y554,UNCLASSIFIED,e3b0c44298fc1c149afb,,,,,
Z554,UNCLASSIFIED,e3b0c44298fc1c149afb,#DIV/0!,,,,
AA554,UNCLASSIFIED,e3b0c44298fc1c149afb,#DIV/0!,,,,
V555,UNCLASSIFIED,e3b0c44298fc1c149afb,,,,,
W555,UNCLASSIFIED,e3b0c44298fc1c149afb,,,,,
X555,UNCLASSIFIED,e3b0c44298fc1c149afb,,,,,
Y555,UNCLASSIFIED,e3b0c44298fc1c149afb,,,,,
Z555,UNCLASSIFIED,e3b0c44298fc1c149afb,#DIV/0!,,,,
AA555,UNCLASSIFIED,e3b0c44298fc1c149afb,#DIV/0!,,,,
V556,UNCLASSIFIED,e3b0c44298fc1c149afb,,,,,
W556,UNCLASSIFIED,e3b0c44298fc1c149afb,,,,,
X556,UNCLASSIFIED,e3b0c44298fc1c149afb,,,,,
Y556,UNCLASSIFIED,e3b0c44298fc1c149afb,,,,,
Z556,UNCLASSIFIED,e3b0c44298fc1c149afb,#DIV/0!,,,,
AA556,UNCLASSIFIED,e3b0c44298fc1c149afb,#DIV/0!,,,,
V557,UNCLASSIFIED,e3b0c44298fc1c149afb,,,,,
W557,UNCLASSIFIED,e3b0c44298fc1c149afb,,,,,
X557,UNCLASSIFIED,e3b0c44298fc1c149afb,,,,,
Y557,UNCLASSIFIED,e3b0c44298fc1c149afb,,,,,
Z557,UNCLASSIFIED,e3b0c44298fc1c149afb,#DIV/0!,,,,
AA557,UNCLASSIFIED,e3b0c44298fc1c149afb,#DIV/0!,,,,
V558,UNCLASSIFIED,e3b0c44298fc1c149afb,,,,,
W558,UNCLASSIFIED,e3b0c44298fc1c149afb,,,,,
X558,UNCLASSIFIED,e3b0c44298fc1c149afb,,,,,
Y558,UNCLASSIFIED,e3b0c44298fc1c149afb,,,,,
Z558,UNCLASSIFIED,e3b0c44298fc1c149afb,#DIV/0!,,,,
AA558,UNCLASSIFIED,e3b0c44298fc1c149afb,#DIV/0!,,,,
V559,UNCLASSIFIED,e3b0c44298fc1c149afb,,,,,
W559,UNCLASSIFIED,e3b0c44298fc1c149afb,,,,,
X559,UNCLASSIFIED,e3b0c44298fc1c149afb,,,,,
Y559,UNCLASSIFIED,e3b0c44298fc1c149afb,,,,,
Z559,UNCLASSIFIED,e3b0c44298fc1c149afb,#DIV/0!,,,,
AA559,UNCLASSIFIED,e3b0c44298fc1c149afb,#DIV/0!,,,,
V560,UNCLASSIFIED,e3b0c44298fc1c149afb,,,,,
W560,UNCLASSIFIED,e3b0c44298fc1c149afb,,,,,
X560,UNCLASSIFIED,e3b0c44298fc1c149afb,,,,,
Y560,UNCLASSIFIED,e3b0c44298fc1c149afb,,,,,
Z560,UNCLASSIFIED,e3b0c44298fc1c149afb,#DIV/0!,,,,
AA560,UNCLASSIFIED,e3b0c44298fc1c149afb,#DIV/0!,,,,
V561,UNCLASSIFIED,e3b0c44298fc1c149afb,,,,,
W561,UNCLASSIFIED,e3b0c44298fc1c149afb,,,,,
X561,UNCLASSIFIED,e3b0c44298fc1c149afb,,,,,
Y561,UNCLASSIFIED,e3b0c44298fc1c149afb,,,,,
Z561,UNCLASSIFIED,e3b0c44298fc1c149afb,#DIV/0!,,,,
AA561,UNCLASSIFIED,e3b0c44298fc1c149afb,#DIV/0!,,,,
V562,UNCLASSIFIED,e3b0c44298fc1c149afb,,,,,
W562,UNCLASSIFIED,e3b0c44298fc1c149afb,,,,,
X562,UNCLASSIFIED,e3b0c44298fc1c149afb,,,,,
Y562,UNCLASSIFIED,e3b0c44298fc1c149afb,,,,,
Z562,UNCLASSIFIED,e3b0c44298fc1c149afb,#DIV/0!,,,,
AA562,UNCLASSIFIED,e3b0c44298fc1c149afb,#DIV/0!,,,,
V563,UNCLASSIFIED,e3b0c44298fc1c149afb,,,,,
W563,UNCLASSIFIED,e3b0c44298fc1c149afb,,,,,
X563,UNCLASSIFIED,e3b0c44298fc1c149afb,,,,,
Y563,UNCLASSIFIED,e3b0c44298fc1c149afb,,,,,
Z563,UNCLASSIFIED,e3b0c44298fc1c149afb,#DIV/0!,,,,
AA563,UNCLASSIFIED,e3b0c44298fc1c149afb,#DIV/0!,,,,
V564,UNCLASSIFIED,e3b0c44298fc1c149afb,,,,,
W564,UNCLASSIFIED,e3b0c44298fc1c149afb,,,,,
X564,UNCLASSIFIED,e3b0c44298fc1c149afb,,,,,
Y564,UNCLASSIFIED,e3b0c44298fc1c149afb,,,,,
Z564,UNCLASSIFIED,e3b0c44298fc1c149afb,#DIV/0!,,,,
AA564,UNCLASSIFIED,e3b0c44298fc1c149afb,#DIV/0!,,,,
V565,UNCLASSIFIED,e3b0c44298fc1c149afb,,,,,
W565,UNCLASSIFIED,e3b0c44298fc1c149afb,,,,,
X565,UNCLASSIFIED,e3b0c44298fc1c149afb,,,,,
Y565,UNCLASSIFIED,e3b0c44298fc1c149afb,,,,,
Z565,UNCLASSIFIED,e3b0c44298fc1c149afb,#DIV/0!,,,,
AA565,UNCLASSIFIED,e3b0c44298fc1c149afb,#DIV/0!,,,,
V566,UNCLASSIFIED,e3b0c44298fc1c149afb,,,,,
W566,UNCLASSIFIED,e3b0c44298fc1c149afb,,,,,
X566,UNCLASSIFIED,e3b0c44298fc1c149afb,,,,,
Y566,UNCLASSIFIED,e3b0c44298fc1c149afb,,,,,
Z566,UNCLASSIFIED,e3b0c44298fc1c149afb,#DIV/0!,,,,
AA566,UNCLASSIFIED,e3b0c44298fc1c149afb,#DIV/0!,,,,
V567,UNCLASSIFIED,e3b0c44298fc1c149afb,,,,,
W567,UNCLASSIFIED,e3b0c44298fc1c149afb,,,,,
X567,UNCLASSIFIED,e3b0c44298fc1c149afb,,,,,
Y567,UNCLASSIFIED,e3b0c44298fc1c149afb,,,,,
Z567,UNCLASSIFIED,e3b0c44298fc1c149afb,#DIV/0!,,,,
AA567,UNCLASSIFIED,e3b0c44298fc1c149afb,#DIV/0!,,,,
V568,UNCLASSIFIED,e3b0c44298fc1c149afb,,,,,
W568,UNCLASSIFIED,e3b0c44298fc1c149afb,,,,,
X568,UNCLASSIFIED,e3b0c44298fc1c149afb,,,,,
Y568,UNCLASSIFIED,e3b0c44298fc1c149afb,,,,,
Z568,UNCLASSIFIED,e3b0c44298fc1c149afb,#DIV/0!,,,,
AA568,UNCLASSIFIED,e3b0c44298fc1c149afb,#DIV/0!,,,,
V569,UNCLASSIFIED,e3b0c44298fc1c149afb,,,,,
W569,UNCLASSIFIED,e3b0c44298fc1c149afb,,,,,
X569,UNCLASSIFIED,e3b0c44298fc1c149afb,,,,,
Y569,UNCLASSIFIED,e3b0c44298fc1c149afb,,,,,
Z569,UNCLASSIFIED,e3b0c44298fc1c149afb,#DIV/0!,,,,
AA569,UNCLASSIFIED,e3b0c44298fc1c149afb,#DIV/0!,,,,
V570,UNCLASSIFIED,e3b0c44298fc1c149afb,,,,,
W570,UNCLASSIFIED,e3b0c44298fc1c149afb,,,,,
X570,UNCLASSIFIED,e3b0c44298fc1c149afb,,,,,
Y570,UNCLASSIFIED,e3b0c44298fc1c149afb,,,,,
Z570,UNCLASSIFIED,e3b0c44298fc1c149afb,#DIV/0!,,,,
AA570,UNCLASSIFIED,e3b0c44298fc1c149afb,#DIV/0!,,,,
V571,UNCLASSIFIED,e3b0c44298fc1c149afb,,,,,
W571,UNCLASSIFIED,e3b0c44298fc1c149afb,,,,,
X571,UNCLASSIFIED,e3b0c44298fc1c149afb,,,,,
Y571,UNCLASSIFIED,e3b0c44298fc1c149afb,,,,,
Z571,UNCLASSIFIED,e3b0c44298fc1c149afb,#DIV/0!,,,,
AA571,UNCLASSIFIED,e3b0c44298fc1c149afb,#DIV/0!,,,,
V572,UNCLASSIFIED,e3b0c44298fc1c149afb,,,,,
W572,UNCLASSIFIED,e3b0c44298fc1c149afb,,,,,
X572,UNCLASSIFIED,e3b0c44298fc1c149afb,,,,,
Y572,UNCLASSIFIED,e3b0c44298fc1c149afb,,,,,
Z572,UNCLASSIFIED,e3b0c44298fc1c149afb,#DIV/0!,,,,
AA572,UNCLASSIFIED,e3b0c44298fc1c149afb,#DIV/0!,,,,
V573,UNCLASSIFIED,e3b0c44298fc1c149afb,,,,,
W573,UNCLASSIFIED,e3b0c44298fc1c149afb,,,,,
X573,UNCLASSIFIED,e3b0c44298fc1c149afb,,,,,
Y573,UNCLASSIFIED,e3b0c44298fc1c149afb,,,,,
Z573,UNCLASSIFIED,e3b0c44298fc1c149afb,#DIV/0!,,,,
AA573,UNCLASSIFIED,e3b0c44298fc1c149afb,#DIV/0!,,,,
V574,UNCLASSIFIED,e3b0c44298fc1c149afb,,,,,
W574,UNCLASSIFIED,e3b0c44298fc1c149afb,,,,,
X574,UNCLASSIFIED,e3b0c44298fc1c149afb,,,,,
Y574,UNCLASSIFIED,e3b0c44298fc1c149afb,,,,,
Z574,UNCLASSIFIED,e3b0c44298fc1c149afb,#DIV/0!,,,,
AA574,UNCLASSIFIED,e3b0c44298fc1c149afb,#DIV/0!,,,,
V575,UNCLASSIFIED,e3b0c44298fc1c149afb,,,,,
W575,UNCLASSIFIED,e3b0c44298fc1c149afb,,,,,
X575,UNCLASSIFIED,e3b0c44298fc1c149afb,,,,,
Y575,UNCLASSIFIED,e3b0c44298fc1c149afb,,,,,
Z575,UNCLASSIFIED,e3b0c44298fc1c149afb,#DIV/0!,,,,
AA575,UNCLASSIFIED,e3b0c44298fc1c149afb,#DIV/0!,,,,
V576,UNCLASSIFIED,e3b0c44298fc1c149afb,,,,,
W576,UNCLASSIFIED,e3b0c44298fc1c149afb,,,,,
X576,UNCLASSIFIED,e3b0c44298fc1c149afb,,,,,
Y576,UNCLASSIFIED,e3b0c44298fc1c149afb,,,,,
Z576,UNCLASSIFIED,e3b0c44298fc1c149afb,#DIV/0!,,,,
AA576,UNCLASSIFIED,e3b0c44298fc1c149afb,#DIV/0!,,,,
V577,UNCLASSIFIED,e3b0c44298fc1c149afb,,,,,
W577,UNCLASSIFIED,e3b0c44298fc1c149afb,,,,,
X577,UNCLASSIFIED,e3b0c44298fc1c149afb,,,,,
Y577,UNCLASSIFIED,e3b0c44298fc1c149afb,,,,,
Z577,UNCLASSIFIED,e3b0c44298fc1c149afb,#DIV/0!,,,,
AA577,UNCLASSIFIED,e3b0c44298fc1c149afb,#DIV/0!,,,,
V578,UNCLASSIFIED,e3b0c44298fc1c149afb,,,,,
W578,UNCLASSIFIED,e3b0c44298fc1c149afb,,,,,
X578,UNCLASSIFIED,e3b0c44298fc1c149afb,,,,,
Y578,UNCLASSIFIED,e3b0c44298fc1c149afb,,,,,
Z578,UNCLASSIFIED,e3b0c44298fc1c149afb,#DIV/0!,,,,
AA578,UNCLASSIFIED,e3b0c44298fc1c149afb,#DIV/0!,,,,
V579,UNCLASSIFIED,e3b0c44298fc1c149afb,,,,,
W579,UNCLASSIFIED,e3b0c44298fc1c149afb,,,,,
X579,UNCLASSIFIED,e3b0c44298fc1c149afb,,,,,
Y579,UNCLASSIFIED,e3b0c44298fc1c149afb,,,,,
Z579,UNCLASSIFIED,e3b0c44298fc1c149afb,#DIV/0!,,,,
AA579,UNCLASSIFIED,e3b0c44298fc1c149afb,#DIV/0!,,,,
V580,UNCLASSIFIED,e3b0c44298fc1c149afb,,,,,
W580,UNCLASSIFIED,e3b0c44298fc1c149afb,,,,,
X580,UNCLASSIFIED,e3b0c44298fc1c149afb,,,,,
Y580,UNCLASSIFIED,e3b0c44298fc1c149afb,,,,,
Z580,UNCLASSIFIED,e3b0c44298fc1c149afb,#DIV/0!,,,,
AA580,UNCLASSIFIED,e3b0c44298fc1c149afb,#DIV/0!,,,,
V581,UNCLASSIFIED,e3b0c44298fc1c149afb,,,,,
W581,UNCLASSIFIED,e3b0c44298fc1c149afb,,,,,
X581,UNCLASSIFIED,e3b0c44298fc1c149afb,,,,,
Y581,UNCLASSIFIED,e3b0c44298fc1c149afb,,,,,
Z581,UNCLASSIFIED,e3b0c44298fc1c149afb,#DIV/0!,,,,
AA581,UNCLASSIFIED,e3b0c44298fc1c149afb,#DIV/0!,,,,
V582,UNCLASSIFIED,e3b0c44298fc1c149afb,,,,,
W582,UNCLASSIFIED,e3b0c44298fc1c149afb,,,,,
X582,UNCLASSIFIED,e3b0c44298fc1c149afb,,,,,
Y582,UNCLASSIFIED,e3b0c44298fc1c149afb,,,,,
Z582,UNCLASSIFIED,e3b0c44298fc1c149afb,#DIV/0!,,,,
AA582,UNCLASSIFIED,e3b0c44298fc1c149afb,#DIV/0!,,,,
V583,UNCLASSIFIED,e3b0c44298fc1c149afb,,,,,
W583,UNCLASSIFIED,e3b0c44298fc1c149afb,,,,,
X583,UNCLASSIFIED,e3b0c44298fc1c149afb,,,,,
Y583,UNCLASSIFIED,e3b0c44298fc1c149afb,,,,,
Z583,UNCLASSIFIED,e3b0c44298fc1c149afb,#DIV/0!,,,,
AA583,UNCLASSIFIED,e3b0c44298fc1c149afb,#DIV/0!,,,,
V584,UNCLASSIFIED,e3b0c44298fc1c149afb,,,,,
W584,UNCLASSIFIED,e3b0c44298fc1c149afb,,,,,
X584,UNCLASSIFIED,e3b0c44298fc1c149afb,,,,,
Y584,UNCLASSIFIED,e3b0c44298fc1c149afb,,,,,
Z584,UNCLASSIFIED,e3b0c44298fc1c149afb,#DIV/0!,,,,
AA584,UNCLASSIFIED,e3b0c44298fc1c149afb,#DIV/0!,,,,
V585,UNCLASSIFIED,e3b0c44298fc1c149afb,,,,,
W585,UNCLASSIFIED,e3b0c44298fc1c149afb,,,,,
X585,UNCLASSIFIED,e3b0c44298fc1c149afb,,,,,
Y585,UNCLASSIFIED,e3b0c44298fc1c149afb,,,,,
Z585,UNCLASSIFIED,e3b0c44298fc1c149afb,#DIV/0!,,,,
AA585,UNCLASSIFIED,e3b0c44298fc1c149afb,#DIV/0!,,,,
V586,UNCLASSIFIED,e3b0c44298fc1c149afb,,,,,
W586,UNCLASSIFIED,e3b0c44298fc1c149afb,,,,,
X586,UNCLASSIFIED,e3b0c44298fc1c149afb,,,,,
Y586,UNCLASSIFIED,e3b0c44298fc1c149afb,,,,,
Z586,UNCLASSIFIED,e3b0c44298fc1c149afb,#DIV/0!,,,,
AA586,UNCLASSIFIED,e3b0c44298fc1c149afb,#DIV/0!,,,,
V587,UNCLASSIFIED,e3b0c44298fc1c149afb,,,,,
W587,UNCLASSIFIED,e3b0c44298fc1c149afb,,,,,
X587,UNCLASSIFIED,e3b0c44298fc1c149afb,,,,,
Y587,UNCLASSIFIED,e3b0c44298fc1c149afb,,,,,
Z587,UNCLASSIFIED,e3b0c44298fc1c149afb,#DIV/0!,,,,
AA587,UNCLASSIFIED,e3b0c44298fc1c149afb,#DIV/0!,,,,
V588,UNCLASSIFIED,e3b0c44298fc1c149afb,,,,,
W588,UNCLASSIFIED,e3b0c44298fc1c149afb,,,,,
X588,UNCLASSIFIED,e3b0c44298fc1c149afb,,,,,
Y588,UNCLASSIFIED,e3b0c44298fc1c149afb,,,,,
Z588,UNCLASSIFIED,e3b0c44298fc1c149afb,#DIV/0!,,,,
AA588,UNCLASSIFIED,e3b0c44298fc1c149afb,#DIV/0!,,,,
V589,UNCLASSIFIED,e3b0c44298fc1c149afb,,,,,
W589,UNCLASSIFIED,e3b0c44298fc1c149afb,,,,,
X589,UNCLASSIFIED,e3b0c44298fc1c149afb,,,,,
Y589,UNCLASSIFIED,e3b0c44298fc1c149afb,,,,,
Z589,UNCLASSIFIED,e3b0c44298fc1c149afb,#DIV/0!,,,,
AA589,UNCLASSIFIED,e3b0c44298fc1c149afb,#DIV/0!,,,,
V590,UNCLASSIFIED,e3b0c44298fc1c149afb,,,,,
W590,UNCLASSIFIED,e3b0c44298fc1c149afb,,,,,
X590,UNCLASSIFIED,e3b0c44298fc1c149afb,,,,,
Y590,UNCLASSIFIED,e3b0c44298fc1c149afb,,,,,
Z590,UNCLASSIFIED,e3b0c44298fc1c149afb,#DIV/0!,,,,
AA590,UNCLASSIFIED,e3b0c44298fc1c149afb,#DIV/0!,,,,
V591,UNCLASSIFIED,e3b0c44298fc1c149afb,,,,,
W591,UNCLASSIFIED,e3b0c44298fc1c149afb,,,,,
X591,UNCLASSIFIED,e3b0c44298fc1c149afb,,,,,
Y591,UNCLASSIFIED,e3b0c44298fc1c149afb,,,,,
Z591,UNCLASSIFIED,e3b0c44298fc1c149afb,#DIV/0!,,,,
AA591,UNCLASSIFIED,e3b0c44298fc1c149afb,#DIV/0!,,,,
V592,UNCLASSIFIED,e3b0c44298fc1c149afb,,,,,
W592,UNCLASSIFIED,e3b0c44298fc1c149afb,,,,,
X592,UNCLASSIFIED,e3b0c44298fc1c149afb,,,,,
Y592,UNCLASSIFIED,e3b0c44298fc1c149afb,,,,,
Z592,UNCLASSIFIED,e3b0c44298fc1c149afb,#DIV/0!,,,,
AA592,UNCLASSIFIED,e3b0c44298fc1c149afb,#DIV/0!,,,,
V593,UNCLASSIFIED,e3b0c44298fc1c149afb,,,,,
W593,UNCLASSIFIED,e3b0c44298fc1c149afb,,,,,
X593,UNCLASSIFIED,e3b0c44298fc1c149afb,,,,,
Y593,UNCLASSIFIED,e3b0c44298fc1c149afb,,,,,
Z593,UNCLASSIFIED,e3b0c44298fc1c149afb,#DIV/0!,,,,
AA593,UNCLASSIFIED,e3b0c44298fc1c149afb,#DIV/0!,,,,
V594,UNCLASSIFIED,e3b0c44298fc1c149afb,,,,,
W594,UNCLASSIFIED,e3b0c44298fc1c149afb,,,,,
X594,UNCLASSIFIED,e3b0c44298fc1c149afb,,,,,
Y594,UNCLASSIFIED,e3b0c44298fc1c149afb,,,,,
Z594,UNCLASSIFIED,e3b0c44298fc1c149afb,#DIV/0!,,,,
AA594,UNCLASSIFIED,e3b0c44298fc1c149afb,#DIV/0!,,,,
V595,UNCLASSIFIED,e3b0c44298fc1c149afb,,,,,
W595,UNCLASSIFIED,e3b0c44298fc1c149afb,,,,,
X595,UNCLASSIFIED,e3b0c44298fc1c149afb,,,,,
Y595,UNCLASSIFIED,e3b0c44298fc1c149afb,,,,,
Z595,UNCLASSIFIED,e3b0c44298fc1c149afb,#DIV/0!,,,,
AA595,UNCLASSIFIED,e3b0c44298fc1c149afb,#DIV/0!,,,,
V596,UNCLASSIFIED,e3b0c44298fc1c149afb,,,,,
W596,UNCLASSIFIED,e3b0c44298fc1c149afb,,,,,
X596,UNCLASSIFIED,e3b0c44298fc1c149afb,,,,,
Y596,UNCLASSIFIED,e3b0c44298fc1c149afb,,,,,
Z596,UNCLASSIFIED,e3b0c44298fc1c149afb,#DIV/0!,,,,
AA596,UNCLASSIFIED,e3b0c44298fc1c149afb,#DIV/0!,,,,
V597,UTILIZATION,b070dbb90878a1f60ba9,,,,"IFERROR(IF(AND(1/L597>$V$19,1/L597<=$W$19),1/L597,0),"""")","IFERROR(IF(AND(1/RC[-10]>R19C22,1/RC[-10]<=R19C23),1/RC[-10],0),"""")"
W597,UTILIZATION,de0a5dbfc5cc172602ba,,,,"IFERROR(IF(AND(1/L597>$W$19,1/L597<=$X$19),1/L597,0),"""")","IFERROR(IF(AND(1/RC[-11]>R19C23,1/RC[-11]<=R19C24),1/RC[-11],0),"""")"
X597,UTILIZATION,102bfd8013f27758e7c0,,,,"IFERROR(IF(AND(1/L597>$X$19,1/L597<=$Y$19),1/L597,0),"""")","IFERROR(IF(AND(1/RC[-12]>R19C24,1/RC[-12]<=R19C25),1/RC[-12],0),"""")"
Y597,UTILIZATION,2d4c8f3ea18940579bdf,,,,"IFERROR(IF(1/L597>$Y$19,1/L597,0),"""")","IFERROR(IF(1/RC[-13]>R19C25,1/RC[-13],0),"""")"
Z597,UTILIZATION,28ac2bdd4846fc6e2a7f,#DIV/0!,,,"IF(N597<>"""",(N597-$N$17)/1000,1/0)","IF(RC[-12]<>"""",(RC[-12]-R17C14)/1000,1/0)"
AA597,UTILIZATION,1aafe524f4bc30e7637c,#DIV/0!,,,"IF(O597<>"""",(O597-$O$17)/1000,1/0)","IF(RC[-12]<>"""",(RC[-12]-R17C15)/1000,1/0)"
V598,UNCLASSIFIED,e3b0c44298fc1c149afb,,,,,
W598,UNCLASSIFIED,e3b0c44298fc1c149afb,,,,,
X598,UNCLASSIFIED,e3b0c44298fc1c149afb,,,,,
Y598,UNCLASSIFIED,e3b0c44298fc1c149afb,,,,,
Z598,UNCLASSIFIED,e3b0c44298fc1c149afb,#DIV/0!,,,,
AA598,UNCLASSIFIED,e3b0c44298fc1c149afb,#DIV/0!,,,,
V599,UNCLASSIFIED,e3b0c44298fc1c149afb,,,,,
W599,UNCLASSIFIED,e3b0c44298fc1c149afb,,,,,
X599,UNCLASSIFIED,e3b0c44298fc1c149afb,,,,,
Y599,UNCLASSIFIED,e3b0c44298fc1c149afb,,,,,
Z599,UNCLASSIFIED,e3b0c44298fc1c149afb,#DIV/0!,,,,
AA599,UNCLASSIFIED,e3b0c44298fc1c149afb,#DIV/0!,,,,
V600,UNCLASSIFIED,e3b0c44298fc1c149afb,,,,,
W600,UNCLASSIFIED,e3b0c44298fc1c149afb,,,,,
X600,UNCLASSIFIED,e3b0c44298fc1c149afb,,,,,
Y600,UNCLASSIFIED,e3b0c44298fc1c149afb,,,,,
Z600,UNCLASSIFIED,e3b0c44298fc1c149afb,#DIV/0!,,,,
AA600,UNCLASSIFIED,e3b0c44298fc1c149afb,#DIV/0!,,,,
V601,UNCLASSIFIED,e3b0c44298fc1c149afb,,,,,
W601,UNCLASSIFIED,e3b0c44298fc1c149afb,,,,,
X601,UNCLASSIFIED,e3b0c44298fc1c149afb,,,,,
Y601,UNCLASSIFIED,e3b0c44298fc1c149afb,,,,,
Z601,UNCLASSIFIED,e3b0c44298fc1c149afb,#DIV/0!,,,,
AA601,UNCLASSIFIED,e3b0c44298fc1c149afb,#DIV/0!,,,,
V602,UNCLASSIFIED,e3b0c44298fc1c149afb,,,,,
W602,UNCLASSIFIED,e3b0c44298fc1c149afb,,,,,
X602,UNCLASSIFIED,e3b0c44298fc1c149afb,,,,,
Y602,UNCLASSIFIED,e3b0c44298fc1c149afb,,,,,
Z602,UNCLASSIFIED,e3b0c44298fc1c149afb,#DIV/0!,,,,
AA602,UNCLASSIFIED,e3b0c44298fc1c149afb,#DIV/0!,,,,
V603,UNCLASSIFIED,e3b0c44298fc1c149afb,,,,,
W603,UNCLASSIFIED,e3b0c44298fc1c149afb,,,,,
X603,UNCLASSIFIED,e3b0c44298fc1c149afb,,,,,
Y603,UNCLASSIFIED,e3b0c44298fc1c149afb,,,,,
Z603,UNCLASSIFIED,e3b0c44298fc1c149afb,#DIV/0!,,,,
AA603,UNCLASSIFIED,e3b0c44298fc1c149afb,#DIV/0!,,,,
V604,UNCLASSIFIED,e3b0c44298fc1c149afb,,,,,
W604,UNCLASSIFIED,e3b0c44298fc1c149afb,,,,,
X604,UNCLASSIFIED,e3b0c44298fc1c149afb,,,,,
Y604,UNCLASSIFIED,e3b0c44298fc1c149afb,,,,,
Z604,UNCLASSIFIED,e3b0c44298fc1c149afb,#DIV/0!,,,,
AA604,UNCLASSIFIED,e3b0c44298fc1c149afb,#DIV/0!,,,,
V605,UNCLASSIFIED,e3b0c44298fc1c149afb,,,,,
W605,UNCLASSIFIED,e3b0c44298fc1c149afb,,,,,
X605,UNCLASSIFIED,e3b0c44298fc1c149afb,,,,,
Y605,UNCLASSIFIED,e3b0c44298fc1c149afb,,,,,
Z605,UNCLASSIFIED,e3b0c44298fc1c149afb,#DIV/0!,,,,
AA605,UNCLASSIFIED,e3b0c44298fc1c149afb,#DIV/0!,,,,
V606,UNCLASSIFIED,e3b0c44298fc1c149afb,,,,,
W606,UNCLASSIFIED,e3b0c44298fc1c149afb,,,,,
X606,UNCLASSIFIED,e3b0c44298fc1c149afb,,,,,
Y606,UNCLASSIFIED,e3b0c44298fc1c149afb,,,,,
Z606,UNCLASSIFIED,e3b0c44298fc1c149afb,#DIV/0!,,,,
AA606,UNCLASSIFIED,e3b0c44298fc1c149afb,#DIV/0!,,,,
V607,UNCLASSIFIED,e3b0c44298fc1c149afb,,,,,
W607,UNCLASSIFIED,e3b0c44298fc1c149afb,,,,,
X607,UNCLASSIFIED,e3b0c44298fc1c149afb,,,,,
Y607,UNCLASSIFIED,e3b0c44298fc1c149afb,,,,,
Z607,UNCLASSIFIED,e3b0c44298fc1c149afb,#DIV/0!,,,,
AA607,UNCLASSIFIED,e3b0c44298fc1c149afb,#DIV/0!,,,,
V608,UNCLASSIFIED,e3b0c44298fc1c149afb,,,,,
W608,UNCLASSIFIED,e3b0c44298fc1c149afb,,,,,
X608,UNCLASSIFIED,e3b0c44298fc1c149afb,,,,,
Y608,UNCLASSIFIED,e3b0c44298fc1c149afb,,,,,
Z608,UNCLASSIFIED,e3b0c44298fc1c149afb,#DIV/0!,,,,
AA608,UNCLASSIFIED,e3b0c44298fc1c149afb,#DIV/0!,,,,
V609,UNCLASSIFIED,e3b0c44298fc1c149afb,,,,,
W609,UNCLASSIFIED,e3b0c44298fc1c149afb,,,,,
X609,UNCLASSIFIED,e3b0c44298fc1c149afb,,,,,
Y609,UNCLASSIFIED,e3b0c44298fc1c149afb,,,,,
Z609,UNCLASSIFIED,e3b0c44298fc1c149afb,#DIV/0!,,,,
AA609,UNCLASSIFIED,e3b0c44298fc1c149afb,#DIV/0!,,,,
V610,UNCLASSIFIED,e3b0c44298fc1c149afb,,,,,
W610,UNCLASSIFIED,e3b0c44298fc1c149afb,,,,,
X610,UNCLASSIFIED,e3b0c44298fc1c149afb,,,,,
Y610,UNCLASSIFIED,e3b0c44298fc1c149afb,,,,,
Z610,UNCLASSIFIED,e3b0c44298fc1c149afb,#DIV/0!,,,,
AA610,UNCLASSIFIED,e3b0c44298fc1c149afb,#DIV/0!,,,,
V611,UNCLASSIFIED,e3b0c44298fc1c149afb,,,,,
W611,UNCLASSIFIED,e3b0c44298fc1c149afb,,,,,
X611,UNCLASSIFIED,e3b0c44298fc1c149afb,,,,,
Y611,UNCLASSIFIED,e3b0c44298fc1c149afb,,,,,
Z611,UNCLASSIFIED,e3b0c44298fc1c149afb,#DIV/0!,,,,
AA611,UNCLASSIFIED,e3b0c44298fc1c149afb,#DIV/0!,,,,
V612,UNCLASSIFIED,e3b0c44298fc1c149afb,,,,,
W612,UNCLASSIFIED,e3b0c44298fc1c149afb,,,,,
X612,UNCLASSIFIED,e3b0c44298fc1c149afb,,,,,
Y612,UNCLASSIFIED,e3b0c44298fc1c149afb,,,,,
Z612,UNCLASSIFIED,e3b0c44298fc1c149afb,#DIV/0!,,,,
AA612,UNCLASSIFIED,e3b0c44298fc1c149afb,#DIV/0!,,,,
V613,UNCLASSIFIED,e3b0c44298fc1c149afb,,,,,
W613,UNCLASSIFIED,e3b0c44298fc1c149afb,,,,,
X613,UNCLASSIFIED,e3b0c44298fc1c149afb,,,,,
Y613,UNCLASSIFIED,e3b0c44298fc1c149afb,,,,,
Z613,UNCLASSIFIED,e3b0c44298fc1c149afb,#DIV/0!,,,,
AA613,UNCLASSIFIED,e3b0c44298fc1c149afb,#DIV/0!,,,,
V614,UNCLASSIFIED,e3b0c44298fc1c149afb,,,,,
W614,UNCLASSIFIED,e3b0c44298fc1c149afb,,,,,
X614,UNCLASSIFIED,e3b0c44298fc1c149afb,,,,,
Y614,UNCLASSIFIED,e3b0c44298fc1c149afb,,,,,
Z614,UNCLASSIFIED,e3b0c44298fc1c149afb,#DIV/0!,,,,
AA614,UNCLASSIFIED,e3b0c44298fc1c149afb,#DIV/0!,,,,
V615,UNCLASSIFIED,e3b0c44298fc1c149afb,,,,,
W615,UNCLASSIFIED,e3b0c44298fc1c149afb,,,,,
X615,UNCLASSIFIED,e3b0c44298fc1c149afb,,,,,
Y615,UNCLASSIFIED,e3b0c44298fc1c149afb,,,,,
Z615,UNCLASSIFIED,e3b0c44298fc1c149afb,#DIV/0!,,,,
AA615,UNCLASSIFIED,e3b0c44298fc1c149afb,#DIV/0!,,,,
V616,UNCLASSIFIED,e3b0c44298fc1c149afb,,,,,
W616,UNCLASSIFIED,e3b0c44298fc1c149afb,,,,,
X616,UNCLASSIFIED,e3b0c44298fc1c149afb,,,,,
Y616,UNCLASSIFIED,e3b0c44298fc1c149afb,,,,,
Z616,UNCLASSIFIED,e3b0c44298fc1c149afb,#DIV/0!,,,,
AA616,UNCLASSIFIED,e3b0c44298fc1c149afb,#DIV/0!,,,,
V617,UNCLASSIFIED,e3b0c44298fc1c149afb,,,,,
W617,UNCLASSIFIED,e3b0c44298fc1c149afb,,,,,
X617,UNCLASSIFIED,e3b0c44298fc1c149afb,,,,,
Y617,UNCLASSIFIED,e3b0c44298fc1c149afb,,,,,
Z617,UNCLASSIFIED,e3b0c44298fc1c149afb,#DIV/0!,,,,
AA617,UNCLASSIFIED,e3b0c44298fc1c149afb,#DIV/0!,,,,
V618,UNCLASSIFIED,e3b0c44298fc1c149afb,,,,,
W618,UNCLASSIFIED,e3b0c44298fc1c149afb,,,,,
X618,UNCLASSIFIED,e3b0c44298fc1c149afb,,,,,
Y618,UNCLASSIFIED,e3b0c44298fc1c149afb,,,,,
Z618,UNCLASSIFIED,e3b0c44298fc1c149afb,#DIV/0!,,,,
AA618,UNCLASSIFIED,e3b0c44298fc1c149afb,#DIV/0!,,,,
V619,UNCLASSIFIED,e3b0c44298fc1c149afb,,,,,
W619,UNCLASSIFIED,e3b0c44298fc1c149afb,,,,,
X619,UNCLASSIFIED,e3b0c44298fc1c149afb,,,,,
Y619,UNCLASSIFIED,e3b0c44298fc1c149afb,,,,,
Z619,UNCLASSIFIED,e3b0c44298fc1c149afb,#DIV/0!,,,,
AA619,UNCLASSIFIED,e3b0c44298fc1c149afb,#DIV/0!,,,,
V620,UNCLASSIFIED,e3b0c44298fc1c149afb,,,,,
W620,UNCLASSIFIED,e3b0c44298fc1c149afb,,,,,
X620,UNCLASSIFIED,e3b0c44298fc1c149afb,,,,,
Y620,UNCLASSIFIED,e3b0c44298fc1c149afb,,,,,
Z620,UNCLASSIFIED,e3b0c44298fc1c149afb,#DIV/0!,,,,
AA620,UNCLASSIFIED,e3b0c44298fc1c149afb,#DIV/0!,,,,
V621,UNCLASSIFIED,e3b0c44298fc1c149afb,,,,,
W621,UNCLASSIFIED,e3b0c44298fc1c149afb,,,,,
X621,UNCLASSIFIED,e3b0c44298fc1c149afb,,,,,
Y621,UNCLASSIFIED,e3b0c44298fc1c149afb,,,,,
Z621,UNCLASSIFIED,e3b0c44298fc1c149afb,#DIV/0!,,,,
AA621,UNCLASSIFIED,e3b0c44298fc1c149afb,#DIV/0!,,,,
V622,UNCLASSIFIED,e3b0c44298fc1c149afb,,,,,
W622,UNCLASSIFIED,e3b0c44298fc1c149afb,,,,,
X622,UNCLASSIFIED,e3b0c44298fc1c149afb,,,,,
Y622,UNCLASSIFIED,e3b0c44298fc1c149afb,,,,,
Z622,UNCLASSIFIED,e3b0c44298fc1c149afb,#DIV/0!,,,,
AA622,UNCLASSIFIED,e3b0c44298fc1c149afb,#DIV/0!,,,,
V623,UNCLASSIFIED,e3b0c44298fc1c149afb,,,,,
W623,UNCLASSIFIED,e3b0c44298fc1c149afb,,,,,
X623,UNCLASSIFIED,e3b0c44298fc1c149afb,,,,,
Y623,UNCLASSIFIED,e3b0c44298fc1c149afb,,,,,
Z623,UNCLASSIFIED,e3b0c44298fc1c149afb,#DIV/0!,,,,
AA623,UNCLASSIFIED,e3b0c44298fc1c149afb,#DIV/0!,,,,
V624,UNCLASSIFIED,e3b0c44298fc1c149afb,,,,,
W624,UNCLASSIFIED,e3b0c44298fc1c149afb,,,,,
X624,UNCLASSIFIED,e3b0c44298fc1c149afb,,,,,
Y624,UNCLASSIFIED,e3b0c44298fc1c149afb,,,,,
Z624,UNCLASSIFIED,e3b0c44298fc1c149afb,#DIV/0!,,,,
AA624,UNCLASSIFIED,e3b0c44298fc1c149afb,#DIV/0!,,,,
V625,UNCLASSIFIED,e3b0c44298fc1c149afb,,,,,
W625,UNCLASSIFIED,e3b0c44298fc1c149afb,,,,,
X625,UNCLASSIFIED,e3b0c44298fc1c149afb,,,,,
Y625,UNCLASSIFIED,e3b0c44298fc1c149afb,,,,,
Z625,UNCLASSIFIED,e3b0c44298fc1c149afb,#DIV/0!,,,,
AA625,UNCLASSIFIED,e3b0c44298fc1c149afb,#DIV/0!,,,,
V626,UNCLASSIFIED,e3b0c44298fc1c149afb,,,,,
W626,UNCLASSIFIED,e3b0c44298fc1c149afb,,,,,
X626,UNCLASSIFIED,e3b0c44298fc1c149afb,,,,,
Y626,UNCLASSIFIED,e3b0c44298fc1c149afb,,,,,
Z626,UNCLASSIFIED,e3b0c44298fc1c149afb,#DIV/0!,,,,
AA626,UNCLASSIFIED,e3b0c44298fc1c149afb,#DIV/0!,,,,
V627,UNCLASSIFIED,e3b0c44298fc1c149afb,,,,,
W627,UNCLASSIFIED,e3b0c44298fc1c149afb,,,,,
X627,UNCLASSIFIED,e3b0c44298fc1c149afb,,,,,
Y627,UNCLASSIFIED,e3b0c44298fc1c149afb,,,,,
Z627,UNCLASSIFIED,e3b0c44298fc1c149afb,#DIV/0!,,,,
AA627,UNCLASSIFIED,e3b0c44298fc1c149afb,#DIV/0!,,,,
V628,UNCLASSIFIED,e3b0c44298fc1c149afb,,,,,
W628,UNCLASSIFIED,e3b0c44298fc1c149afb,,,,,
X628,UNCLASSIFIED,e3b0c44298fc1c149afb,,,,,
Y628,UNCLASSIFIED,e3b0c44298fc1c149afb,,,,,
Z628,UNCLASSIFIED,e3b0c44298fc1c149afb,#DIV/0!,,,,
AA628,UNCLASSIFIED,e3b0c44298fc1c149afb,#DIV/0!,,,,
V629,UNCLASSIFIED,e3b0c44298fc1c149afb,,,,,
W629,UNCLASSIFIED,e3b0c44298fc1c149afb,,,,,
X629,UNCLASSIFIED,e3b0c44298fc1c149afb,,,,,
Y629,UNCLASSIFIED,e3b0c44298fc1c149afb,,,,,
Z629,UNCLASSIFIED,e3b0c44298fc1c149afb,#DIV/0!,,,,
AA629,UNCLASSIFIED,e3b0c44298fc1c149afb,#DIV/0!,,,,
V630,UNCLASSIFIED,e3b0c44298fc1c149afb,,,,,
W630,UNCLASSIFIED,e3b0c44298fc1c149afb,,,,,
X630,UNCLASSIFIED,e3b0c44298fc1c149afb,,,,,
Y630,UNCLASSIFIED,e3b0c44298fc1c149afb,,,,,
Z630,UNCLASSIFIED,e3b0c44298fc1c149afb,#DIV/0!,,,,
AA630,UNCLASSIFIED,e3b0c44298fc1c149afb,#DIV/0!,,,,
V631,UNCLASSIFIED,e3b0c44298fc1c149afb,,,,,
W631,UNCLASSIFIED,e3b0c44298fc1c149afb,,,,,
X631,UNCLASSIFIED,e3b0c44298fc1c149afb,,,,,
Y631,UNCLASSIFIED,e3b0c44298fc1c149afb,,,,,
Z631,UNCLASSIFIED,e3b0c44298fc1c149afb,#DIV/0!,,,,
AA631,UNCLASSIFIED,e3b0c44298fc1c149afb,#DIV/0!,,,,
V632,UNCLASSIFIED,e3b0c44298fc1c149afb,,,,,
W632,UNCLASSIFIED,e3b0c44298fc1c149afb,,,,,
X632,UNCLASSIFIED,e3b0c44298fc1c149afb,,,,,
Y632,UNCLASSIFIED,e3b0c44298fc1c149afb,,,,,
Z632,UNCLASSIFIED,e3b0c44298fc1c149afb,#DIV/0!,,,,
AA632,UNCLASSIFIED,e3b0c44298fc1c149afb,#DIV/0!,,,,
V633,UNCLASSIFIED,e3b0c44298fc1c149afb,,,,,
W633,UNCLASSIFIED,e3b0c44298fc1c149afb,,,,,
X633,UNCLASSIFIED,e3b0c44298fc1c149afb,,,,,
Y633,UNCLASSIFIED,e3b0c44298fc1c149afb,,,,,
Z633,UNCLASSIFIED,e3b0c44298fc1c149afb,#DIV/0!,,,,
AA633,UNCLASSIFIED,e3b0c44298fc1c149afb,#DIV/0!,,,,
V634,UNCLASSIFIED,e3b0c44298fc1c149afb,,,,,
W634,UNCLASSIFIED,e3b0c44298fc1c149afb,,,,,
X634,UNCLASSIFIED,e3b0c44298fc1c149afb,,,,,
Y634,UNCLASSIFIED,e3b0c44298fc1c149afb,,,,,
Z634,UNCLASSIFIED,e3b0c44298fc1c149afb,#DIV/0!,,,,
AA634,UNCLASSIFIED,e3b0c44298fc1c149afb,#DIV/0!,,,,
V635,UNCLASSIFIED,e3b0c44298fc1c149afb,,,,,
W635,UNCLASSIFIED,e3b0c44298fc1c149afb,,,,,
X635,UNCLASSIFIED,e3b0c44298fc1c149afb,,,,,
Y635,UNCLASSIFIED,e3b0c44298fc1c149afb,,,,,
Z635,UNCLASSIFIED,e3b0c44298fc1c149afb,#DIV/0!,,,,
AA635,UNCLASSIFIED,e3b0c44298fc1c149afb,#DIV/0!,,,,
V636,UNCLASSIFIED,e3b0c44298fc1c149afb,,,,,
W636,UNCLASSIFIED,e3b0c44298fc1c149afb,,,,,
X636,UNCLASSIFIED,e3b0c44298fc1c149afb,,,,,
Y636,UNCLASSIFIED,e3b0c44298fc1c149afb,,,,,
Z636,UNCLASSIFIED,e3b0c44298fc1c149afb,#DIV/0!,,,,
AA636,UNCLASSIFIED,e3b0c44298fc1c149afb,#DIV/0!,,,,
V637,UNCLASSIFIED,e3b0c44298fc1c149afb,,,,,
W637,UNCLASSIFIED,e3b0c44298fc1c149afb,,,,,
X637,UNCLASSIFIED,e3b0c44298fc1c149afb,,,,,
Y637,UNCLASSIFIED,e3b0c44298fc1c149afb,,,,,
Z637,UNCLASSIFIED,e3b0c44298fc1c149afb,#DIV/0!,,,,
AA637,UNCLASSIFIED,e3b0c44298fc1c149afb,#DIV/0!,,,,
V638,UNCLASSIFIED,e3b0c44298fc1c149afb,,,,,
W638,UNCLASSIFIED,e3b0c44298fc1c149afb,,,,,
X638,UNCLASSIFIED,e3b0c44298fc1c149afb,,,,,
Y638,UNCLASSIFIED,e3b0c44298fc1c149afb,,,,,
Z638,UNCLASSIFIED,e3b0c44298fc1c149afb,#DIV/0!,,,,
AA638,UNCLASSIFIED,e3b0c44298fc1c149afb,#DIV/0!,,,,
V639,UNCLASSIFIED,e3b0c44298fc1c149afb,,,,,
W639,UNCLASSIFIED,e3b0c44298fc1c149afb,,,,,
X639,UNCLASSIFIED,e3b0c44298fc1c149afb,,,,,
Y639,UNCLASSIFIED,e3b0c44298fc1c149afb,,,,,
Z639,UNCLASSIFIED,e3b0c44298fc1c149afb,#DIV/0!,,,,
AA639,UNCLASSIFIED,e3b0c44298fc1c149afb,#DIV/0!,,,,
V640,UNCLASSIFIED,e3b0c44298fc1c149afb,,,,,
W640,UNCLASSIFIED,e3b0c44298fc1c149afb,,,,,
X640,UNCLASSIFIED,e3b0c44298fc1c149afb,,,,,
Y640,UNCLASSIFIED,e3b0c44298fc1c149afb,,,,,
Z640,UNCLASSIFIED,e3b0c44298fc1c149afb,#DIV/0!,,,,
AA640,UNCLASSIFIED,e3b0c44298fc1c149afb,#DIV/0!,,,,
V641,UNCLASSIFIED,e3b0c44298fc1c149afb,,,,,
W641,UNCLASSIFIED,e3b0c44298fc1c149afb,,,,,
X641,UNCLASSIFIED,e3b0c44298fc1c149afb,,,,,
Y641,UNCLASSIFIED,e3b0c44298fc1c149afb,,,,,
Z641,UNCLASSIFIED,e3b0c44298fc1c149afb,#DIV/0!,,,,
AA641,UNCLASSIFIED,e3b0c44298fc1c149afb,#DIV/0!,,,,
V642,UNCLASSIFIED,e3b0c44298fc1c149afb,,,,,
W642,UNCLASSIFIED,e3b0c44298fc1c149afb,,,,,
X642,UNCLASSIFIED,e3b0c44298fc1c149afb,,,,,
Y642,UNCLASSIFIED,e3b0c44298fc1c149afb,,,,,
Z642,UNCLASSIFIED,e3b0c44298fc1c149afb,#DIV/0!,,,,
AA642,UNCLASSIFIED,e3b0c44298fc1c149afb,#DIV/0!,,,,
V643,UNCLASSIFIED,e3b0c44298fc1c149afb,,,,,
W643,UNCLASSIFIED,e3b0c44298fc1c149afb,,,,,
X643,UNCLASSIFIED,e3b0c44298fc1c149afb,,,,,
Y643,UNCLASSIFIED,e3b0c44298fc1c149afb,,,,,
Z643,UNCLASSIFIED,e3b0c44298fc1c149afb,#DIV/0!,,,,
AA643,UNCLASSIFIED,e3b0c44298fc1c149afb,#DIV/0!,,,,
V644,UNCLASSIFIED,e3b0c44298fc1c149afb,,,,,
W644,UNCLASSIFIED,e3b0c44298fc1c149afb,,,,,
X644,UNCLASSIFIED,e3b0c44298fc1c149afb,,,,,
Y644,UNCLASSIFIED,e3b0c44298fc1c149afb,,,,,
Z644,UNCLASSIFIED,e3b0c44298fc1c149afb,#DIV/0!,,,,
AA644,UNCLASSIFIED,e3b0c44298fc1c149afb,#DIV/0!,,,,
V645,UNCLASSIFIED,e3b0c44298fc1c149afb,,,,,
W645,UNCLASSIFIED,e3b0c44298fc1c149afb,,,,,
X645,UNCLASSIFIED,e3b0c44298fc1c149afb,,,,,
Y645,UNCLASSIFIED,e3b0c44298fc1c149afb,,,,,
Z645,UNCLASSIFIED,e3b0c44298fc1c149afb,#DIV/0!,,,,
AA645,UNCLASSIFIED,e3b0c44298fc1c149afb,#DIV/0!,,,,
V646,UNCLASSIFIED,e3b0c44298fc1c149afb,,,,,
W646,UNCLASSIFIED,e3b0c44298fc1c149afb,,,,,
X646,UNCLASSIFIED,e3b0c44298fc1c149afb,,,,,
Y646,UNCLASSIFIED,e3b0c44298fc1c149afb,,,,,
Z646,UNCLASSIFIED,e3b0c44298fc1c149afb,#DIV/0!,,,,
AA646,UNCLASSIFIED,e3b0c44298fc1c149afb,#DIV/0!,,,,
V647,UNCLASSIFIED,e3b0c44298fc1c149afb,,,,,
W647,UNCLASSIFIED,e3b0c44298fc1c149afb,,,,,
X647,UNCLASSIFIED,e3b0c44298fc1c149afb,,,,,
Y647,UNCLASSIFIED,e3b0c44298fc1c149afb,,,,,
Z647,UNCLASSIFIED,e3b0c44298fc1c149afb,#DIV/0!,,,,
AA647,UNCLASSIFIED,e3b0c44298fc1c149afb,#DIV/0!,,,,
V648,UNCLASSIFIED,e3b0c44298fc1c149afb,,,,,
W648,UNCLASSIFIED,e3b0c44298fc1c149afb,,,,,
X648,UNCLASSIFIED,e3b0c44298fc1c149afb,,,,,
Y648,UNCLASSIFIED,e3b0c44298fc1c149afb,,,,,
Z648,UNCLASSIFIED,e3b0c44298fc1c149afb,#DIV/0!,,,,
AA648,UNCLASSIFIED,e3b0c44298fc1c149afb,#DIV/0!,,,,
V649,UNCLASSIFIED,e3b0c44298fc1c149afb,,,,,
W649,UNCLASSIFIED,e3b0c44298fc1c149afb,,,,,
X649,UNCLASSIFIED,e3b0c44298fc1c149afb,,,,,
Y649,UNCLASSIFIED,e3b0c44298fc1c149afb,,,,,
Z649,UNCLASSIFIED,e3b0c44298fc1c149afb,#DIV/0!,,,,
AA649,UNCLASSIFIED,e3b0c44298fc1c149afb,#DIV/0!,,,,
V650,UNCLASSIFIED,e3b0c44298fc1c149afb,,,,,
W650,UNCLASSIFIED,e3b0c44298fc1c149afb,,,,,
X650,UNCLASSIFIED,e3b0c44298fc1c149afb,,,,,
Y650,UNCLASSIFIED,e3b0c44298fc1c149afb,,,,,
Z650,UNCLASSIFIED,e3b0c44298fc1c149afb,#DIV/0!,,,,
AA650,UNCLASSIFIED,e3b0c44298fc1c149afb,#DIV/0!,,,,
V651,UNCLASSIFIED,e3b0c44298fc1c149afb,,,,,
W651,UNCLASSIFIED,e3b0c44298fc1c149afb,,,,,
X651,UNCLASSIFIED,e3b0c44298fc1c149afb,,,,,
Y651,UNCLASSIFIED,e3b0c44298fc1c149afb,,,,,
Z651,UNCLASSIFIED,e3b0c44298fc1c149afb,#DIV/0!,,,,
AA651,UNCLASSIFIED,e3b0c44298fc1c149afb,#DIV/0!,,,,
V652,UNCLASSIFIED,e3b0c44298fc1c149afb,,,,,
W652,UNCLASSIFIED,e3b0c44298fc1c149afb,,,,,
X652,UNCLASSIFIED,e3b0c44298fc1c149afb,,,,,
Y652,UNCLASSIFIED,e3b0c44298fc1c149afb,,,,,
Z652,UNCLASSIFIED,e3b0c44298fc1c149afb,#DIV/0!,,,,
AA652,UNCLASSIFIED,e3b0c44298fc1c149afb,#DIV/0!,,,,
V653,UNCLASSIFIED,e3b0c44298fc1c149afb,,,,,
W653,UNCLASSIFIED,e3b0c44298fc1c149afb,,,,,
X653,UNCLASSIFIED,e3b0c44298fc1c149afb,,,,,
Y653,UNCLASSIFIED,e3b0c44298fc1c149afb,,,,,
Z653,UNCLASSIFIED,e3b0c44298fc1c149afb,#DIV/0!,,,,
AA653,UNCLASSIFIED,e3b0c44298fc1c149afb,#DIV/0!,,,,
V654,UNCLASSIFIED,e3b0c44298fc1c149afb,,,,,
W654,UNCLASSIFIED,e3b0c44298fc1c149afb,,,,,
X654,UNCLASSIFIED,e3b0c44298fc1c149afb,,,,,
Y654,UNCLASSIFIED,e3b0c44298fc1c149afb,,,,,
Z654,UNCLASSIFIED,e3b0c44298fc1c149afb,#DIV/0!,,,,
AA654,UNCLASSIFIED,e3b0c44298fc1c149afb,#DIV/0!,,,,
V655,UNCLASSIFIED,e3b0c44298fc1c149afb,,,,,
W655,UNCLASSIFIED,e3b0c44298fc1c149afb,,,,,
X655,UNCLASSIFIED,e3b0c44298fc1c149afb,,,,,
Y655,UNCLASSIFIED,e3b0c44298fc1c149afb,,,,,
Z655,UNCLASSIFIED,e3b0c44298fc1c149afb,#DIV/0!,,,,
AA655,UNCLASSIFIED,e3b0c44298fc1c149afb,#DIV/0!,,,,
V656,UNCLASSIFIED,e3b0c44298fc1c149afb,,,,,
W656,UNCLASSIFIED,e3b0c44298fc1c149afb,,,,,
X656,UNCLASSIFIED,e3b0c44298fc1c149afb,,,,,
Y656,UNCLASSIFIED,e3b0c44298fc1c149afb,,,,,
Z656,UNCLASSIFIED,e3b0c44298fc1c149afb,#DIV/0!,,,,
AA656,UNCLASSIFIED,e3b0c44298fc1c149afb,#DIV/0!,,,,
V657,UNCLASSIFIED,e3b0c44298fc1c149afb,,,,,
W657,UNCLASSIFIED,e3b0c44298fc1c149afb,,,,,
X657,UNCLASSIFIED,e3b0c44298fc1c149afb,,,,,
Y657,UNCLASSIFIED,e3b0c44298fc1c149afb,,,,,
Z657,UNCLASSIFIED,e3b0c44298fc1c149afb,#DIV/0!,,,,
AA657,UNCLASSIFIED,e3b0c44298fc1c149afb,#DIV/0!,,,,
V658,UNCLASSIFIED,e3b0c44298fc1c149afb,,,,,
W658,UNCLASSIFIED,e3b0c44298fc1c149afb,,,,,
X658,UNCLASSIFIED,e3b0c44298fc1c149afb,,,,,
Y658,UNCLASSIFIED,e3b0c44298fc1c149afb,,,,,
Z658,UNCLASSIFIED,e3b0c44298fc1c149afb,#DIV/0!,,,,
AA658,UNCLASSIFIED,e3b0c44298fc1c149afb,#DIV/0!,,,,
V659,UNCLASSIFIED,e3b0c44298fc1c149afb,,,,,
W659,UNCLASSIFIED,e3b0c44298fc1c149afb,,,,,
X659,UNCLASSIFIED,e3b0c44298fc1c149afb,,,,,
Y659,UNCLASSIFIED,e3b0c44298fc1c149afb,,,,,
Z659,UNCLASSIFIED,e3b0c44298fc1c149afb,#DIV/0!,,,,
AA659,UNCLASSIFIED,e3b0c44298fc1c149afb,#DIV/0!,,,,
V660,UNCLASSIFIED,e3b0c44298fc1c149afb,,,,,
W660,UNCLASSIFIED,e3b0c44298fc1c149afb,,,,,
X660,UNCLASSIFIED,e3b0c44298fc1c149afb,,,,,
Y660,UNCLASSIFIED,e3b0c44298fc1c149afb,,,,,
Z660,UNCLASSIFIED,e3b0c44298fc1c149afb,#DIV/0!,,,,
AA660,UNCLASSIFIED,e3b0c44298fc1c149afb,#DIV/0!,,,,
V661,UTILIZATION,b070dbb90878a1f60ba9,,,,"IFERROR(IF(AND(1/L661>$V$19,1/L661<=$W$19),1/L661,0),"""")","IFERROR(IF(AND(1/RC[-10]>R19C22,1/RC[-10]<=R19C23),1/RC[-10],0),"""")"
W661,UTILIZATION,de0a5dbfc5cc172602ba,,,,"IFERROR(IF(AND(1/L661>$W$19,1/L661<=$X$19),1/L661,0),"""")","IFERROR(IF(AND(1/RC[-11]>R19C23,1/RC[-11]<=R19C24),1/RC[-11],0),"""")"
X661,UTILIZATION,102bfd8013f27758e7c0,,,,"IFERROR(IF(AND(1/L661>$X$19,1/L661<=$Y$19),1/L661,0),"""")","IFERROR(IF(AND(1/RC[-12]>R19C24,1/RC[-12]<=R19C25),1/RC[-12],0),"""")"
Y661,UTILIZATION,2d4c8f3ea18940579bdf,,,,"IFERROR(IF(1/L661>$Y$19,1/L661,0),"""")","IFERROR(IF(1/RC[-13]>R19C25,1/RC[-13],0),"""")"
Z661,UTILIZATION,28ac2bdd4846fc6e2a7f,#DIV/0!,,,"IF(N661<>"""",(N661-$N$17)/1000,1/0)","IF(RC[-12]<>"""",(RC[-12]-R17C14)/1000,1/0)"
AA661,UTILIZATION,1aafe524f4bc30e7637c,#DIV/0!,,,"IF(O661<>"""",(O661-$O$17)/1000,1/0)","IF(RC[-12]<>"""",(RC[-12]-R17C15)/1000,1/0)"
V662,UNCLASSIFIED,e3b0c44298fc1c149afb,,,,,
W662,UNCLASSIFIED,e3b0c44298fc1c149afb,,,,,
X662,UNCLASSIFIED,e3b0c44298fc1c149afb,,,,,
Y662,UNCLASSIFIED,e3b0c44298fc1c149afb,,,,,
Z662,UNCLASSIFIED,e3b0c44298fc1c149afb,#DIV/0!,,,,
AA662,UNCLASSIFIED,e3b0c44298fc1c149afb,#DIV/0!,,,,
V663,UNCLASSIFIED,e3b0c44298fc1c149afb,,,,,
W663,UNCLASSIFIED,e3b0c44298fc1c149afb,,,,,
X663,UNCLASSIFIED,e3b0c44298fc1c149afb,,,,,
Y663,UNCLASSIFIED,e3b0c44298fc1c149afb,,,,,
Z663,UNCLASSIFIED,e3b0c44298fc1c149afb,#DIV/0!,,,,
AA663,UNCLASSIFIED,e3b0c44298fc1c149afb,#DIV/0!,,,,
V664,UNCLASSIFIED,e3b0c44298fc1c149afb,,,,,
W664,UNCLASSIFIED,e3b0c44298fc1c149afb,,,,,
X664,UNCLASSIFIED,e3b0c44298fc1c149afb,,,,,
Y664,UNCLASSIFIED,e3b0c44298fc1c149afb,,,,,
Z664,UNCLASSIFIED,e3b0c44298fc1c149afb,#DIV/0!,,,,
AA664,UNCLASSIFIED,e3b0c44298fc1c149afb,#DIV/0!,,,,
V665,UNCLASSIFIED,e3b0c44298fc1c149afb,,,,,
W665,UNCLASSIFIED,e3b0c44298fc1c149afb,,,,,
X665,UNCLASSIFIED,e3b0c44298fc1c149afb,,,,,
Y665,UNCLASSIFIED,e3b0c44298fc1c149afb,,,,,
Z665,UNCLASSIFIED,e3b0c44298fc1c149afb,#DIV/0!,,,,
AA665,UNCLASSIFIED,e3b0c44298fc1c149afb,#DIV/0!,,,,
V666,UNCLASSIFIED,e3b0c44298fc1c149afb,,,,,
W666,UNCLASSIFIED,e3b0c44298fc1c149afb,,,,,
X666,UNCLASSIFIED,e3b0c44298fc1c149afb,,,,,
Y666,UNCLASSIFIED,e3b0c44298fc1c149afb,,,,,
Z666,UNCLASSIFIED,e3b0c44298fc1c149afb,#DIV/0!,,,,
AA666,UNCLASSIFIED,e3b0c44298fc1c149afb,#DIV/0!,,,,
V667,UNCLASSIFIED,e3b0c44298fc1c149afb,,,,,
W667,UNCLASSIFIED,e3b0c44298fc1c149afb,,,,,
X667,UNCLASSIFIED,e3b0c44298fc1c149afb,,,,,
Y667,UNCLASSIFIED,e3b0c44298fc1c149afb,,,,,
Z667,UNCLASSIFIED,e3b0c44298fc1c149afb,#DIV/0!,,,,
AA667,UNCLASSIFIED,e3b0c44298fc1c149afb,#DIV/0!,,,,
V668,UNCLASSIFIED,e3b0c44298fc1c149afb,,,,,
W668,UNCLASSIFIED,e3b0c44298fc1c149afb,,,,,
X668,UNCLASSIFIED,e3b0c44298fc1c149afb,,,,,
Y668,UNCLASSIFIED,e3b0c44298fc1c149afb,,,,,
Z668,UNCLASSIFIED,e3b0c44298fc1c149afb,#DIV/0!,,,,
AA668,UNCLASSIFIED,e3b0c44298fc1c149afb,#DIV/0!,,,,
V669,UNCLASSIFIED,e3b0c44298fc1c149afb,,,,,
W669,UNCLASSIFIED,e3b0c44298fc1c149afb,,,,,
X669,UNCLASSIFIED,e3b0c44298fc1c149afb,,,,,
Y669,UNCLASSIFIED,e3b0c44298fc1c149afb,,,,,
Z669,UNCLASSIFIED,e3b0c44298fc1c149afb,#DIV/0!,,,,
AA669,UNCLASSIFIED,e3b0c44298fc1c149afb,#DIV/0!,,,,
V670,UNCLASSIFIED,e3b0c44298fc1c149afb,,,,,
W670,UNCLASSIFIED,e3b0c44298fc1c149afb,,,,,
X670,UNCLASSIFIED,e3b0c44298fc1c149afb,,,,,
Y670,UNCLASSIFIED,e3b0c44298fc1c149afb,,,,,
Z670,UNCLASSIFIED,e3b0c44298fc1c149afb,#DIV/0!,,,,
AA670,UNCLASSIFIED,e3b0c44298fc1c149afb,#DIV/0!,,,,
V671,UNCLASSIFIED,e3b0c44298fc1c149afb,,,,,
W671,UNCLASSIFIED,e3b0c44298fc1c149afb,,,,,
X671,UNCLASSIFIED,e3b0c44298fc1c149afb,,,,,
Y671,UNCLASSIFIED,e3b0c44298fc1c149afb,,,,,
Z671,UNCLASSIFIED,e3b0c44298fc1c149afb,#DIV/0!,,,,
AA671,UNCLASSIFIED,e3b0c44298fc1c149afb,#DIV/0!,,,,
V672,UNCLASSIFIED,e3b0c44298fc1c149afb,,,,,
W672,UNCLASSIFIED,e3b0c44298fc1c149afb,,,,,
X672,UNCLASSIFIED,e3b0c44298fc1c149afb,,,,,
Y672,UNCLASSIFIED,e3b0c44298fc1c149afb,,,,,
Z672,UNCLASSIFIED,e3b0c44298fc1c149afb,#DIV/0!,,,,
AA672,UNCLASSIFIED,e3b0c44298fc1c149afb,#DIV/0!,,,,
V673,UNCLASSIFIED,e3b0c44298fc1c149afb,,,,,
W673,UNCLASSIFIED,e3b0c44298fc1c149afb,,,,,
X673,UNCLASSIFIED,e3b0c44298fc1c149afb,,,,,
Y673,UNCLASSIFIED,e3b0c44298fc1c149afb,,,,,
Z673,UNCLASSIFIED,e3b0c44298fc1c149afb,#DIV/0!,,,,
AA673,UNCLASSIFIED,e3b0c44298fc1c149afb,#DIV/0!,,,,
V674,UNCLASSIFIED,e3b0c44298fc1c149afb,,,,,
W674,UNCLASSIFIED,e3b0c44298fc1c149afb,,,,,
X674,UNCLASSIFIED,e3b0c44298fc1c149afb,,,,,
Y674,UNCLASSIFIED,e3b0c44298fc1c149afb,,,,,
Z674,UNCLASSIFIED,e3b0c44298fc1c149afb,#DIV/0!,,,,
AA674,UNCLASSIFIED,e3b0c44298fc1c149afb,#DIV/0!,,,,
V675,UNCLASSIFIED,e3b0c44298fc1c149afb,,,,,
W675,UNCLASSIFIED,e3b0c44298fc1c149afb,,,,,
X675,UNCLASSIFIED,e3b0c44298fc1c149afb,,,,,
Y675,UNCLASSIFIED,e3b0c44298fc1c149afb,,,,,
Z675,UNCLASSIFIED,e3b0c44298fc1c149afb,#DIV/0!,,,,
AA675,UNCLASSIFIED,e3b0c44298fc1c149afb,#DIV/0!,,,,
V676,UNCLASSIFIED,e3b0c44298fc1c149afb,,,,,
W676,UNCLASSIFIED,e3b0c44298fc1c149afb,,,,,
X676,UNCLASSIFIED,e3b0c44298fc1c149afb,,,,,
Y676,UNCLASSIFIED,e3b0c44298fc1c149afb,,,,,
Z676,UNCLASSIFIED,e3b0c44298fc1c149afb,#DIV/0!,,,,
AA676,UNCLASSIFIED,e3b0c44298fc1c149afb,#DIV/0!,,,,
V677,UNCLASSIFIED,e3b0c44298fc1c149afb,,,,,
W677,UNCLASSIFIED,e3b0c44298fc1c149afb,,,,,
X677,UNCLASSIFIED,e3b0c44298fc1c149afb,,,,,
Y677,UNCLASSIFIED,e3b0c44298fc1c149afb,,,,,
Z677,UNCLASSIFIED,e3b0c44298fc1c149afb,#DIV/0!,,,,
AA677,UNCLASSIFIED,e3b0c44298fc1c149afb,#DIV/0!,,,,
V678,UNCLASSIFIED,e3b0c44298fc1c149afb,,,,,
W678,UNCLASSIFIED,e3b0c44298fc1c149afb,,,,,
X678,UNCLASSIFIED,e3b0c44298fc1c149afb,,,,,
Y678,UNCLASSIFIED,e3b0c44298fc1c149afb,,,,,
Z678,UNCLASSIFIED,e3b0c44298fc1c149afb,#DIV/0!,,,,
AA678,UNCLASSIFIED,e3b0c44298fc1c149afb,#DIV/0!,,,,
V679,UNCLASSIFIED,e3b0c44298fc1c149afb,,,,,
W679,UNCLASSIFIED,e3b0c44298fc1c149afb,,,,,
X679,UNCLASSIFIED,e3b0c44298fc1c149afb,,,,,
Y679,UNCLASSIFIED,e3b0c44298fc1c149afb,,,,,
Z679,UNCLASSIFIED,e3b0c44298fc1c149afb,#DIV/0!,,,,
AA679,UNCLASSIFIED,e3b0c44298fc1c149afb,#DIV/0!,,,,
V680,UNCLASSIFIED,e3b0c44298fc1c149afb,,,,,
W680,UNCLASSIFIED,e3b0c44298fc1c149afb,,,,,
X680,UNCLASSIFIED,e3b0c44298fc1c149afb,,,,,
Y680,UNCLASSIFIED,e3b0c44298fc1c149afb,,,,,
Z680,UNCLASSIFIED,e3b0c44298fc1c149afb,#DIV/0!,,,,
AA680,UNCLASSIFIED,e3b0c44298fc1c149afb,#DIV/0!,,,,
V681,UNCLASSIFIED,e3b0c44298fc1c149afb,,,,,
W681,UNCLASSIFIED,e3b0c44298fc1c149afb,,,,,
X681,UNCLASSIFIED,e3b0c44298fc1c149afb,,,,,
Y681,UNCLASSIFIED,e3b0c44298fc1c149afb,,,,,
Z681,UNCLASSIFIED,e3b0c44298fc1c149afb,#DIV/0!,,,,
AA681,UNCLASSIFIED,e3b0c44298fc1c149afb,#DIV/0!,,,,
V682,UNCLASSIFIED,e3b0c44298fc1c149afb,,,,,
W682,UNCLASSIFIED,e3b0c44298fc1c149afb,,,,,
X682,UNCLASSIFIED,e3b0c44298fc1c149afb,,,,,
Y682,UNCLASSIFIED,e3b0c44298fc1c149afb,,,,,
Z682,UNCLASSIFIED,e3b0c44298fc1c149afb,#DIV/0!,,,,
AA682,UNCLASSIFIED,e3b0c44298fc1c149afb,#DIV/0!,,,,
V683,UNCLASSIFIED,e3b0c44298fc1c149afb,,,,,
W683,UNCLASSIFIED,e3b0c44298fc1c149afb,,,,,
X683,UNCLASSIFIED,e3b0c44298fc1c149afb,,,,,
Y683,UNCLASSIFIED,e3b0c44298fc1c149afb,,,,,
Z683,UNCLASSIFIED,e3b0c44298fc1c149afb,#DIV/0!,,,,
AA683,UNCLASSIFIED,e3b0c44298fc1c149afb,#DIV/0!,,,,
V684,UNCLASSIFIED,e3b0c44298fc1c149afb,,,,,
W684,UNCLASSIFIED,e3b0c44298fc1c149afb,,,,,
X684,UNCLASSIFIED,e3b0c44298fc1c149afb,,,,,
Y684,UNCLASSIFIED,e3b0c44298fc1c149afb,,,,,
Z684,UNCLASSIFIED,e3b0c44298fc1c149afb,#DIV/0!,,,,
AA684,UNCLASSIFIED,e3b0c44298fc1c149afb,#DIV/0!,,,,
V685,UNCLASSIFIED,e3b0c44298fc1c149afb,,,,,
W685,UNCLASSIFIED,e3b0c44298fc1c149afb,,,,,
X685,UNCLASSIFIED,e3b0c44298fc1c149afb,,,,,
Y685,UNCLASSIFIED,e3b0c44298fc1c149afb,,,,,
Z685,UNCLASSIFIED,e3b0c44298fc1c149afb,#DIV/0!,,,,
AA685,UNCLASSIFIED,e3b0c44298fc1c149afb,#DIV/0!,,,,
V686,UNCLASSIFIED,e3b0c44298fc1c149afb,,,,,
W686,UNCLASSIFIED,e3b0c44298fc1c149afb,,,,,
X686,UNCLASSIFIED,e3b0c44298fc1c149afb,,,,,
Y686,UNCLASSIFIED,e3b0c44298fc1c149afb,,,,,
Z686,UNCLASSIFIED,e3b0c44298fc1c149afb,#DIV/0!,,,,
AA686,UNCLASSIFIED,e3b0c44298fc1c149afb,#DIV/0!,,,,
V687,UNCLASSIFIED,e3b0c44298fc1c149afb,,,,,
W687,UNCLASSIFIED,e3b0c44298fc1c149afb,,,,,
X687,UNCLASSIFIED,e3b0c44298fc1c149afb,,,,,
Y687,UNCLASSIFIED,e3b0c44298fc1c149afb,,,,,
Z687,UNCLASSIFIED,e3b0c44298fc1c149afb,#DIV/0!,,,,
AA687,UNCLASSIFIED,e3b0c44298fc1c149afb,#DIV/0!,,,,
V688,UNCLASSIFIED,e3b0c44298fc1c149afb,,,,,
W688,UNCLASSIFIED,e3b0c44298fc1c149afb,,,,,
X688,UNCLASSIFIED,e3b0c44298fc1c149afb,,,,,
Y688,UNCLASSIFIED,e3b0c44298fc1c149afb,,,,,
Z688,UNCLASSIFIED,e3b0c44298fc1c149afb,#DIV/0!,,,,
AA688,UNCLASSIFIED,e3b0c44298fc1c149afb,#DIV/0!,,,,
V689,UNCLASSIFIED,e3b0c44298fc1c149afb,,,,,
W689,UNCLASSIFIED,e3b0c44298fc1c149afb,,,,,
X689,UNCLASSIFIED,e3b0c44298fc1c149afb,,,,,
Y689,UNCLASSIFIED,e3b0c44298fc1c149afb,,,,,
Z689,UNCLASSIFIED,e3b0c44298fc1c149afb,#DIV/0!,,,,
AA689,UNCLASSIFIED,e3b0c44298fc1c149afb,#DIV/0!,,,,
V690,UNCLASSIFIED,e3b0c44298fc1c149afb,,,,,
W690,UNCLASSIFIED,e3b0c44298fc1c149afb,,,,,
X690,UNCLASSIFIED,e3b0c44298fc1c149afb,,,,,
Y690,UNCLASSIFIED,e3b0c44298fc1c149afb,,,,,
Z690,UNCLASSIFIED,e3b0c44298fc1c149afb,#DIV/0!,,,,
AA690,UNCLASSIFIED,e3b0c44298fc1c149afb,#DIV/0!,,,,
V691,UNCLASSIFIED,e3b0c44298fc1c149afb,,,,,
W691,UNCLASSIFIED,e3b0c44298fc1c149afb,,,,,
X691,UNCLASSIFIED,e3b0c44298fc1c149afb,,,,,
Y691,UNCLASSIFIED,e3b0c44298fc1c149afb,,,,,
Z691,UNCLASSIFIED,e3b0c44298fc1c149afb,#DIV/0!,,,,
AA691,UNCLASSIFIED,e3b0c44298fc1c149afb,#DIV/0!,,,,
V692,UNCLASSIFIED,e3b0c44298fc1c149afb,,,,,
W692,UNCLASSIFIED,e3b0c44298fc1c149afb,,,,,
X692,UNCLASSIFIED,e3b0c44298fc1c149afb,,,,,
Y692,UNCLASSIFIED,e3b0c44298fc1c149afb,,,,,
Z692,UNCLASSIFIED,e3b0c44298fc1c149afb,#DIV/0!,,,,
AA692,UNCLASSIFIED,e3b0c44298fc1c149afb,#DIV/0!,,,,
V693,UNCLASSIFIED,e3b0c44298fc1c149afb,,,,,
W693,UNCLASSIFIED,e3b0c44298fc1c149afb,,,,,
X693,UNCLASSIFIED,e3b0c44298fc1c149afb,,,,,
Y693,UNCLASSIFIED,e3b0c44298fc1c149afb,,,,,
Z693,UNCLASSIFIED,e3b0c44298fc1c149afb,#DIV/0!,,,,
AA693,UNCLASSIFIED,e3b0c44298fc1c149afb,#DIV/0!,,,,
V694,UNCLASSIFIED,e3b0c44298fc1c149afb,,,,,
W694,UNCLASSIFIED,e3b0c44298fc1c149afb,,,,,
X694,UNCLASSIFIED,e3b0c44298fc1c149afb,,,,,
Y694,UNCLASSIFIED,e3b0c44298fc1c149afb,,,,,
Z694,UNCLASSIFIED,e3b0c44298fc1c149afb,#DIV/0!,,,,
AA694,UNCLASSIFIED,e3b0c44298fc1c149afb,#DIV/0!,,,,
V695,UNCLASSIFIED,e3b0c44298fc1c149afb,,,,,
W695,UNCLASSIFIED,e3b0c44298fc1c149afb,,,,,
X695,UNCLASSIFIED,e3b0c44298fc1c149afb,,,,,
Y695,UNCLASSIFIED,e3b0c44298fc1c149afb,,,,,
Z695,UNCLASSIFIED,e3b0c44298fc1c149afb,#DIV/0!,,,,
AA695,UNCLASSIFIED,e3b0c44298fc1c149afb,#DIV/0!,,,,
V696,UNCLASSIFIED,e3b0c44298fc1c149afb,,,,,
W696,UNCLASSIFIED,e3b0c44298fc1c149afb,,,,,
X696,UNCLASSIFIED,e3b0c44298fc1c149afb,,,,,
Y696,UNCLASSIFIED,e3b0c44298fc1c149afb,,,,,
Z696,UNCLASSIFIED,e3b0c44298fc1c149afb,#DIV/0!,,,,
AA696,UNCLASSIFIED,e3b0c44298fc1c149afb,#DIV/0!,,,,
V697,UNCLASSIFIED,e3b0c44298fc1c149afb,,,,,
W697,UNCLASSIFIED,e3b0c44298fc1c149afb,,,,,
X697,UNCLASSIFIED,e3b0c44298fc1c149afb,,,,,
Y697,UNCLASSIFIED,e3b0c44298fc1c149afb,,,,,
Z697,UNCLASSIFIED,e3b0c44298fc1c149afb,#DIV/0!,,,,
AA697,UNCLASSIFIED,e3b0c44298fc1c149afb,#DIV/0!,,,,
V698,UNCLASSIFIED,e3b0c44298fc1c149afb,,,,,
W698,UNCLASSIFIED,e3b0c44298fc1c149afb,,,,,
X698,UNCLASSIFIED,e3b0c44298fc1c149afb,,,,,
Y698,UNCLASSIFIED,e3b0c44298fc1c149afb,,,,,
Z698,UNCLASSIFIED,e3b0c44298fc1c149afb,#DIV/0!,,,,
AA698,UNCLASSIFIED,e3b0c44298fc1c149afb,#DIV/0!,,,,
V699,UNCLASSIFIED,e3b0c44298fc1c149afb,,,,,
W699,UNCLASSIFIED,e3b0c44298fc1c149afb,,,,,
X699,UNCLASSIFIED,e3b0c44298fc1c149afb,,,,,
Y699,UNCLASSIFIED,e3b0c44298fc1c149afb,,,,,
Z699,UNCLASSIFIED,e3b0c44298fc1c149afb,#DIV/0!,,,,
AA699,UNCLASSIFIED,e3b0c44298fc1c149afb,#DIV/0!,,,,
V700,UNCLASSIFIED,e3b0c44298fc1c149afb,,,,,
W700,UNCLASSIFIED,e3b0c44298fc1c149afb,,,,,
X700,UNCLASSIFIED,e3b0c44298fc1c149afb,,,,,
Y700,UNCLASSIFIED,e3b0c44298fc1c149afb,,,,,
Z700,UNCLASSIFIED,e3b0c44298fc1c149afb,#DIV/0!,,,,
AA700,UNCLASSIFIED,e3b0c44298fc1c149afb,#DIV/0!,,,,
V701,UNCLASSIFIED,e3b0c44298fc1c149afb,,,,,
W701,UNCLASSIFIED,e3b0c44298fc1c149afb,,,,,
X701,UNCLASSIFIED,e3b0c44298fc1c149afb,,,,,
Y701,UNCLASSIFIED,e3b0c44298fc1c149afb,,,,,
Z701,UNCLASSIFIED,e3b0c44298fc1c149afb,#DIV/0!,,,,
AA701,UNCLASSIFIED,e3b0c44298fc1c149afb,#DIV/0!,,,,
V702,UNCLASSIFIED,e3b0c44298fc1c149afb,,,,,
W702,UNCLASSIFIED,e3b0c44298fc1c149afb,,,,,
X702,UNCLASSIFIED,e3b0c44298fc1c149afb,,,,,
Y702,UNCLASSIFIED,e3b0c44298fc1c149afb,,,,,
Z702,UNCLASSIFIED,e3b0c44298fc1c149afb,#DIV/0!,,,,
AA702,UNCLASSIFIED,e3b0c44298fc1c149afb,#DIV/0!,,,,
V703,UNCLASSIFIED,e3b0c44298fc1c149afb,,,,,
W703,UNCLASSIFIED,e3b0c44298fc1c149afb,,,,,
X703,UNCLASSIFIED,e3b0c44298fc1c149afb,,,,,
Y703,UNCLASSIFIED,e3b0c44298fc1c149afb,,,,,
Z703,UNCLASSIFIED,e3b0c44298fc1c149afb,#DIV/0!,,,,
AA703,UNCLASSIFIED,e3b0c44298fc1c149afb,#DIV/0!,,,,
V704,UNCLASSIFIED,e3b0c44298fc1c149afb,,,,,
W704,UNCLASSIFIED,e3b0c44298fc1c149afb,,,,,
X704,UNCLASSIFIED,e3b0c44298fc1c149afb,,,,,
Y704,UNCLASSIFIED,e3b0c44298fc1c149afb,,,,,
Z704,UNCLASSIFIED,e3b0c44298fc1c149afb,#DIV/0!,,,,
AA704,UNCLASSIFIED,e3b0c44298fc1c149afb,#DIV/0!,,,,
V705,UNCLASSIFIED,e3b0c44298fc1c149afb,,,,,
W705,UNCLASSIFIED,e3b0c44298fc1c149afb,,,,,
X705,UNCLASSIFIED,e3b0c44298fc1c149afb,,,,,
Y705,UNCLASSIFIED,e3b0c44298fc1c149afb,,,,,
Z705,UNCLASSIFIED,e3b0c44298fc1c149afb,#DIV/0!,,,,
AA705,UNCLASSIFIED,e3b0c44298fc1c149afb,#DIV/0!,,,,
V706,UNCLASSIFIED,e3b0c44298fc1c149afb,,,,,
W706,UNCLASSIFIED,e3b0c44298fc1c149afb,,,,,
X706,UNCLASSIFIED,e3b0c44298fc1c149afb,,,,,
Y706,UNCLASSIFIED,e3b0c44298fc1c149afb,,,,,
Z706,UNCLASSIFIED,e3b0c44298fc1c149afb,#DIV/0!,,,,
AA706,UNCLASSIFIED,e3b0c44298fc1c149afb,#DIV/0!,,,,
V707,UNCLASSIFIED,e3b0c44298fc1c149afb,,,,,
W707,UNCLASSIFIED,e3b0c44298fc1c149afb,,,,,
X707,UNCLASSIFIED,e3b0c44298fc1c149afb,,,,,
Y707,UNCLASSIFIED,e3b0c44298fc1c149afb,,,,,
Z707,UNCLASSIFIED,e3b0c44298fc1c149afb,#DIV/0!,,,,
AA707,UNCLASSIFIED,e3b0c44298fc1c149afb,#DIV/0!,,,,
V708,UNCLASSIFIED,e3b0c44298fc1c149afb,,,,,
W708,UNCLASSIFIED,e3b0c44298fc1c149afb,,,,,
X708,UNCLASSIFIED,e3b0c44298fc1c149afb,,,,,
Y708,UNCLASSIFIED,e3b0c44298fc1c149afb,,,,,
Z708,UNCLASSIFIED,e3b0c44298fc1c149afb,#DIV/0!,,,,
AA708,UNCLASSIFIED,e3b0c44298fc1c149afb,#DIV/0!,,,,
V709,UNCLASSIFIED,e3b0c44298fc1c149afb,,,,,
W709,UNCLASSIFIED,e3b0c44298fc1c149afb,,,,,
X709,UNCLASSIFIED,e3b0c44298fc1c149afb,,,,,
Y709,UNCLASSIFIED,e3b0c44298fc1c149afb,,,,,
Z709,UNCLASSIFIED,e3b0c44298fc1c149afb,#DIV/0!,,,,
AA709,UNCLASSIFIED,e3b0c44298fc1c149afb,#DIV/0!,,,,
V710,UNCLASSIFIED,e3b0c44298fc1c149afb,,,,,
W710,UNCLASSIFIED,e3b0c44298fc1c149afb,,,,,
X710,UNCLASSIFIED,e3b0c44298fc1c149afb,,,,,
Y710,UNCLASSIFIED,e3b0c44298fc1c149afb,,,,,
Z710,UNCLASSIFIED,e3b0c44298fc1c149afb,#DIV/0!,,,,
AA710,UNCLASSIFIED,e3b0c44298fc1c149afb,#DIV/0!,,,,
V711,UNCLASSIFIED,e3b0c44298fc1c149afb,,,,,
W711,UNCLASSIFIED,e3b0c44298fc1c149afb,,,,,
X711,UNCLASSIFIED,e3b0c44298fc1c149afb,,,,,
Y711,UNCLASSIFIED,e3b0c44298fc1c149afb,,,,,
Z711,UNCLASSIFIED,e3b0c44298fc1c149afb,#DIV/0!,,,,
AA711,UNCLASSIFIED,e3b0c44298fc1c149afb,#DIV/0!,,,,
V712,UNCLASSIFIED,e3b0c44298fc1c149afb,,,,,
W712,UNCLASSIFIED,e3b0c44298fc1c149afb,,,,,
X712,UNCLASSIFIED,e3b0c44298fc1c149afb,,,,,
Y712,UNCLASSIFIED,e3b0c44298fc1c149afb,,,,,
Z712,UNCLASSIFIED,e3b0c44298fc1c149afb,#DIV/0!,,,,
AA712,UNCLASSIFIED,e3b0c44298fc1c149afb,#DIV/0!,,,,
V713,UNCLASSIFIED,e3b0c44298fc1c149afb,,,,,
W713,UNCLASSIFIED,e3b0c44298fc1c149afb,,,,,
X713,UNCLASSIFIED,e3b0c44298fc1c149afb,,,,,
Y713,UNCLASSIFIED,e3b0c44298fc1c149afb,,,,,
Z713,UNCLASSIFIED,e3b0c44298fc1c149afb,#DIV/0!,,,,
AA713,UNCLASSIFIED,e3b0c44298fc1c149afb,#DIV/0!,,,,
V714,UNCLASSIFIED,e3b0c44298fc1c149afb,,,,,
W714,UNCLASSIFIED,e3b0c44298fc1c149afb,,,,,
X714,UNCLASSIFIED,e3b0c44298fc1c149afb,,,,,
Y714,UNCLASSIFIED,e3b0c44298fc1c149afb,,,,,
Z714,UNCLASSIFIED,e3b0c44298fc1c149afb,#DIV/0!,,,,
AA714,UNCLASSIFIED,e3b0c44298fc1c149afb,#DIV/0!,,,,
V715,UNCLASSIFIED,e3b0c44298fc1c149afb,,,,,
W715,UNCLASSIFIED,e3b0c44298fc1c149afb,,,,,
X715,UNCLASSIFIED,e3b0c44298fc1c149afb,,,,,
Y715,UNCLASSIFIED,e3b0c44298fc1c149afb,,,,,
Z715,UNCLASSIFIED,e3b0c44298fc1c149afb,#DIV/0!,,,,
AA715,UNCLASSIFIED,e3b0c44298fc1c149afb,#DIV/0!,,,,
V716,UNCLASSIFIED,e3b0c44298fc1c149afb,,,,,
W716,UNCLASSIFIED,e3b0c44298fc1c149afb,,,,,
X716,UNCLASSIFIED,e3b0c44298fc1c149afb,,,,,
Y716,UNCLASSIFIED,e3b0c44298fc1c149afb,,,,,
Z716,UNCLASSIFIED,e3b0c44298fc1c149afb,#DIV/0!,,,,
AA716,UNCLASSIFIED,e3b0c44298fc1c149afb,#DIV/0!,,,,
V717,UNCLASSIFIED,e3b0c44298fc1c149afb,,,,,
W717,UNCLASSIFIED,e3b0c44298fc1c149afb,,,,,
X717,UNCLASSIFIED,e3b0c44298fc1c149afb,,,,,
Y717,UNCLASSIFIED,e3b0c44298fc1c149afb,,,,,
Z717,UNCLASSIFIED,e3b0c44298fc1c149afb,#DIV/0!,,,,
AA717,UNCLASSIFIED,e3b0c44298fc1c149afb,#DIV/0!,,,,
V718,UNCLASSIFIED,e3b0c44298fc1c149afb,,,,,
W718,UNCLASSIFIED,e3b0c44298fc1c149afb,,,,,
X718,UNCLASSIFIED,e3b0c44298fc1c149afb,,,,,
Y718,UNCLASSIFIED,e3b0c44298fc1c149afb,,,,,
Z718,UNCLASSIFIED,e3b0c44298fc1c149afb,#DIV/0!,,,,
AA718,UNCLASSIFIED,e3b0c44298fc1c149afb,#DIV/0!,,,,
V719,UNCLASSIFIED,e3b0c44298fc1c149afb,,,,,
W719,UNCLASSIFIED,e3b0c44298fc1c149afb,,,,,
X719,UNCLASSIFIED,e3b0c44298fc1c149afb,,,,,
Y719,UNCLASSIFIED,e3b0c44298fc1c149afb,,,,,
Z719,UNCLASSIFIED,e3b0c44298fc1c149afb,#DIV/0!,,,,
AA719,UNCLASSIFIED,e3b0c44298fc1c149afb,#DIV/0!,,,,
V720,UNCLASSIFIED,e3b0c44298fc1c149afb,,,,,
W720,UNCLASSIFIED,e3b0c44298fc1c149afb,,,,,
X720,UNCLASSIFIED,e3b0c44298fc1c149afb,,,,,
Y720,UNCLASSIFIED,e3b0c44298fc1c149afb,,,,,
Z720,UNCLASSIFIED,e3b0c44298fc1c149afb,#DIV/0!,,,,
AA720,UNCLASSIFIED,e3b0c44298fc1c149afb,#DIV/0!,,,,
V721,UNCLASSIFIED,e3b0c44298fc1c149afb,,,,,
W721,UNCLASSIFIED,e3b0c44298fc1c149afb,,,,,
X721,UNCLASSIFIED,e3b0c44298fc1c149afb,,,,,
Y721,UNCLASSIFIED,e3b0c44298fc1c149afb,,,,,
Z721,UNCLASSIFIED,e3b0c44298fc1c149afb,#DIV/0!,,,,
AA721,UNCLASSIFIED,e3b0c44298fc1c149afb,#DIV/0!,,,,
V722,UNCLASSIFIED,e3b0c44298fc1c149afb,,,,,
W722,UNCLASSIFIED,e3b0c44298fc1c149afb,,,,,
X722,UNCLASSIFIED,e3b0c44298fc1c149afb,,,,,
Y722,UNCLASSIFIED,e3b0c44298fc1c149afb,,,,,
Z722,UNCLASSIFIED,e3b0c44298fc1c149afb,#DIV/0!,,,,
AA722,UNCLASSIFIED,e3b0c44298fc1c149afb,#DIV/0!,,,,
V723,UNCLASSIFIED,e3b0c44298fc1c149afb,,,,,
W723,UNCLASSIFIED,e3b0c44298fc1c149afb,,,,,
X723,UNCLASSIFIED,e3b0c44298fc1c149afb,,,,,
Y723,UNCLASSIFIED,e3b0c44298fc1c149afb,,,,,
Z723,UNCLASSIFIED,e3b0c44298fc1c149afb,#DIV/0!,,,,
AA723,UNCLASSIFIED,e3b0c44298fc1c149afb,#DIV/0!,,,,
V724,UNCLASSIFIED,e3b0c44298fc1c149afb,,,,,
W724,UNCLASSIFIED,e3b0c44298fc1c149afb,,,,,
X724,UNCLASSIFIED,e3b0c44298fc1c149afb,,,,,
Y724,UNCLASSIFIED,e3b0c44298fc1c149afb,,,,,
Z724,UNCLASSIFIED,e3b0c44298fc1c149afb,#DIV/0!,,,,
AA724,UNCLASSIFIED,e3b0c44298fc1c149afb,#DIV/0!,,,,
V725,UTILIZATION,b070dbb90878a1f60ba9,,,,"IFERROR(IF(AND(1/L725>$V$19,1/L725<=$W$19),1/L725,0),"""")","IFERROR(IF(AND(1/RC[-10]>R19C22,1/RC[-10]<=R19C23),1/RC[-10],0),"""")"
W725,UTILIZATION,de0a5dbfc5cc172602ba,,,,"IFERROR(IF(AND(1/L725>$W$19,1/L725<=$X$19),1/L725,0),"""")","IFERROR(IF(AND(1/RC[-11]>R19C23,1/RC[-11]<=R19C24),1/RC[-11],0),"""")"
X725,UTILIZATION,102bfd8013f27758e7c0,,,,"IFERROR(IF(AND(1/L725>$X$19,1/L725<=$Y$19),1/L725,0),"""")","IFERROR(IF(AND(1/RC[-12]>R19C24,1/RC[-12]<=R19C25),1/RC[-12],0),"""")"
Y725,UTILIZATION,2d4c8f3ea18940579bdf,,,,"IFERROR(IF(1/L725>$Y$19,1/L725,0),"""")","IFERROR(IF(1/RC[-13]>R19C25,1/RC[-13],0),"""")"
Z725,UTILIZATION,28ac2bdd4846fc6e2a7f,#DIV/0!,,,"IF(N725<>"""",(N725-$N$17)/1000,1/0)","IF(RC[-12]<>"""",(RC[-12]-R17C14)/1000,1/0)"
AA725,UTILIZATION,1aafe524f4bc30e7637c,#DIV/0!,,,"IF(O725<>"""",(O725-$O$17)/1000,1/0)","IF(RC[-12]<>"""",(RC[-12]-R17C15)/1000,1/0)"
V726,UNCLASSIFIED,e3b0c44298fc1c149afb,,,,,
W726,UNCLASSIFIED,e3b0c44298fc1c149afb,,,,,
X726,UNCLASSIFIED,e3b0c44298fc1c149afb,,,,,
Y726,UNCLASSIFIED,e3b0c44298fc1c149afb,,,,,
Z726,UNCLASSIFIED,e3b0c44298fc1c149afb,#DIV/0!,,,,
AA726,UNCLASSIFIED,e3b0c44298fc1c149afb,#DIV/0!,,,,
V727,UNCLASSIFIED,e3b0c44298fc1c149afb,,,,,
W727,UNCLASSIFIED,e3b0c44298fc1c149afb,,,,,
X727,UNCLASSIFIED,e3b0c44298fc1c149afb,,,,,
Y727,UNCLASSIFIED,e3b0c44298fc1c149afb,,,,,
Z727,UNCLASSIFIED,e3b0c44298fc1c149afb,#DIV/0!,,,,
AA727,UNCLASSIFIED,e3b0c44298fc1c149afb,#DIV/0!,,,,
V728,UNCLASSIFIED,e3b0c44298fc1c149afb,,,,,
W728,UNCLASSIFIED,e3b0c44298fc1c149afb,,,,,
X728,UNCLASSIFIED,e3b0c44298fc1c149afb,,,,,
Y728,UNCLASSIFIED,e3b0c44298fc1c149afb,,,,,
Z728,UNCLASSIFIED,e3b0c44298fc1c149afb,#DIV/0!,,,,
AA728,UNCLASSIFIED,e3b0c44298fc1c149afb,#DIV/0!,,,,
V729,UNCLASSIFIED,e3b0c44298fc1c149afb,,,,,
W729,UNCLASSIFIED,e3b0c44298fc1c149afb,,,,,
X729,UNCLASSIFIED,e3b0c44298fc1c149afb,,,,,
Y729,UNCLASSIFIED,e3b0c44298fc1c149afb,,,,,
Z729,UNCLASSIFIED,e3b0c44298fc1c149afb,#DIV/0!,,,,
AA729,UNCLASSIFIED,e3b0c44298fc1c149afb,#DIV/0!,,,,
V730,UNCLASSIFIED,e3b0c44298fc1c149afb,,,,,
W730,UNCLASSIFIED,e3b0c44298fc1c149afb,,,,,
X730,UNCLASSIFIED,e3b0c44298fc1c149afb,,,,,
Y730,UNCLASSIFIED,e3b0c44298fc1c149afb,,,,,
Z730,UNCLASSIFIED,e3b0c44298fc1c149afb,#DIV/0!,,,,
AA730,UNCLASSIFIED,e3b0c44298fc1c149afb,#DIV/0!,,,,
V731,UNCLASSIFIED,e3b0c44298fc1c149afb,,,,,
W731,UNCLASSIFIED,e3b0c44298fc1c149afb,,,,,
X731,UNCLASSIFIED,e3b0c44298fc1c149afb,,,,,
Y731,UNCLASSIFIED,e3b0c44298fc1c149afb,,,,,
Z731,UNCLASSIFIED,e3b0c44298fc1c149afb,#DIV/0!,,,,
AA731,UNCLASSIFIED,e3b0c44298fc1c149afb,#DIV/0!,,,,
V732,UNCLASSIFIED,e3b0c44298fc1c149afb,,,,,
W732,UNCLASSIFIED,e3b0c44298fc1c149afb,,,,,
X732,UNCLASSIFIED,e3b0c44298fc1c149afb,,,,,
Y732,UNCLASSIFIED,e3b0c44298fc1c149afb,,,,,
Z732,UNCLASSIFIED,e3b0c44298fc1c149afb,#DIV/0!,,,,
AA732,UNCLASSIFIED,e3b0c44298fc1c149afb,#DIV/0!,,,,
V733,UNCLASSIFIED,e3b0c44298fc1c149afb,,,,,
W733,UNCLASSIFIED,e3b0c44298fc1c149afb,,,,,
X733,UNCLASSIFIED,e3b0c44298fc1c149afb,,,,,
Y733,UNCLASSIFIED,e3b0c44298fc1c149afb,,,,,
Z733,UNCLASSIFIED,e3b0c44298fc1c149afb,#DIV/0!,,,,
AA733,UNCLASSIFIED,e3b0c44298fc1c149afb,#DIV/0!,,,,
V734,UNCLASSIFIED,e3b0c44298fc1c149afb,,,,,
W734,UNCLASSIFIED,e3b0c44298fc1c149afb,,,,,
X734,UNCLASSIFIED,e3b0c44298fc1c149afb,,,,,
Y734,UNCLASSIFIED,e3b0c44298fc1c149afb,,,,,
Z734,UNCLASSIFIED,e3b0c44298fc1c149afb,#DIV/0!,,,,
AA734,UNCLASSIFIED,e3b0c44298fc1c149afb,#DIV/0!,,,,
V735,UNCLASSIFIED,e3b0c44298fc1c149afb,,,,,
W735,UNCLASSIFIED,e3b0c44298fc1c149afb,,,,,
X735,UNCLASSIFIED,e3b0c44298fc1c149afb,,,,,
Y735,UNCLASSIFIED,e3b0c44298fc1c149afb,,,,,
Z735,UNCLASSIFIED,e3b0c44298fc1c149afb,#DIV/0!,,,,
AA735,UNCLASSIFIED,e3b0c44298fc1c149afb,#DIV/0!,,,,
V736,UNCLASSIFIED,e3b0c44298fc1c149afb,,,,,
W736,UNCLASSIFIED,e3b0c44298fc1c149afb,,,,,
X736,UNCLASSIFIED,e3b0c44298fc1c149afb,,,,,
Y736,UNCLASSIFIED,e3b0c44298fc1c149afb,,,,,
Z736,UNCLASSIFIED,e3b0c44298fc1c149afb,#DIV/0!,,,,
AA736,UNCLASSIFIED,e3b0c44298fc1c149afb,#DIV/0!,,,,
V737,UNCLASSIFIED,e3b0c44298fc1c149afb,,,,,
W737,UNCLASSIFIED,e3b0c44298fc1c149afb,,,,,
X737,UNCLASSIFIED,e3b0c44298fc1c149afb,,,,,
Y737,UNCLASSIFIED,e3b0c44298fc1c149afb,,,,,
Z737,UNCLASSIFIED,e3b0c44298fc1c149afb,#DIV/0!,,,,
AA737,UNCLASSIFIED,e3b0c44298fc1c149afb,#DIV/0!,,,,
V738,UNCLASSIFIED,e3b0c44298fc1c149afb,,,,,
W738,UNCLASSIFIED,e3b0c44298fc1c149afb,,,,,
X738,UNCLASSIFIED,e3b0c44298fc1c149afb,,,,,
Y738,UNCLASSIFIED,e3b0c44298fc1c149afb,,,,,
Z738,UNCLASSIFIED,e3b0c44298fc1c149afb,#DIV/0!,,,,
AA738,UNCLASSIFIED,e3b0c44298fc1c149afb,#DIV/0!,,,,
V739,UNCLASSIFIED,e3b0c44298fc1c149afb,,,,,
W739,UNCLASSIFIED,e3b0c44298fc1c149afb,,,,,
X739,UNCLASSIFIED,e3b0c44298fc1c149afb,,,,,
Y739,UNCLASSIFIED,e3b0c44298fc1c149afb,,,,,
Z739,UNCLASSIFIED,e3b0c44298fc1c149afb,#DIV/0!,,,,
AA739,UNCLASSIFIED,e3b0c44298fc1c149afb,#DIV/0!,,,,
V740,UNCLASSIFIED,e3b0c44298fc1c149afb,,,,,
W740,UNCLASSIFIED,e3b0c44298fc1c149afb,,,,,
X740,UNCLASSIFIED,e3b0c44298fc1c149afb,,,,,
Y740,UNCLASSIFIED,e3b0c44298fc1c149afb,,,,,
Z740,UNCLASSIFIED,e3b0c44298fc1c149afb,#DIV/0!,,,,
AA740,UNCLASSIFIED,e3b0c44298fc1c149afb,#DIV/0!,,,,
V741,UNCLASSIFIED,e3b0c44298fc1c149afb,,,,,
W741,UNCLASSIFIED,e3b0c44298fc1c149afb,,,,,
X741,UNCLASSIFIED,e3b0c44298fc1c149afb,,,,,
Y741,UNCLASSIFIED,e3b0c44298fc1c149afb,,,,,
Z741,UNCLASSIFIED,e3b0c44298fc1c149afb,#DIV/0!,,,,
AA741,UNCLASSIFIED,e3b0c44298fc1c149afb,#DIV/0!,,,,
V742,UNCLASSIFIED,e3b0c44298fc1c149afb,,,,,
W742,UNCLASSIFIED,e3b0c44298fc1c149afb,,,,,
X742,UNCLASSIFIED,e3b0c44298fc1c149afb,,,,,
Y742,UNCLASSIFIED,e3b0c44298fc1c149afb,,,,,
Z742,UNCLASSIFIED,e3b0c44298fc1c149afb,#DIV/0!,,,,
AA742,UNCLASSIFIED,e3b0c44298fc1c149afb,#DIV/0!,,,,
V743,UNCLASSIFIED,e3b0c44298fc1c149afb,,,,,
W743,UNCLASSIFIED,e3b0c44298fc1c149afb,,,,,
X743,UNCLASSIFIED,e3b0c44298fc1c149afb,,,,,
Y743,UNCLASSIFIED,e3b0c44298fc1c149afb,,,,,
Z743,UNCLASSIFIED,e3b0c44298fc1c149afb,#DIV/0!,,,,
AA743,UNCLASSIFIED,e3b0c44298fc1c149afb,#DIV/0!,,,,
V744,UNCLASSIFIED,e3b0c44298fc1c149afb,,,,,
W744,UNCLASSIFIED,e3b0c44298fc1c149afb,,,,,
X744,UNCLASSIFIED,e3b0c44298fc1c149afb,,,,,
Y744,UNCLASSIFIED,e3b0c44298fc1c149afb,,,,,
Z744,UNCLASSIFIED,e3b0c44298fc1c149afb,#DIV/0!,,,,
AA744,UNCLASSIFIED,e3b0c44298fc1c149afb,#DIV/0!,,,,
V745,UNCLASSIFIED,e3b0c44298fc1c149afb,,,,,
W745,UNCLASSIFIED,e3b0c44298fc1c149afb,,,,,
X745,UNCLASSIFIED,e3b0c44298fc1c149afb,,,,,
Y745,UNCLASSIFIED,e3b0c44298fc1c149afb,,,,,
Z745,UNCLASSIFIED,e3b0c44298fc1c149afb,#DIV/0!,,,,
AA745,UNCLASSIFIED,e3b0c44298fc1c149afb,#DIV/0!,,,,
V746,UNCLASSIFIED,e3b0c44298fc1c149afb,,,,,
W746,UNCLASSIFIED,e3b0c44298fc1c149afb,,,,,
X746,UNCLASSIFIED,e3b0c44298fc1c149afb,,,,,
Y746,UNCLASSIFIED,e3b0c44298fc1c149afb,,,,,
Z746,UNCLASSIFIED,e3b0c44298fc1c149afb,#DIV/0!,,,,
AA746,UNCLASSIFIED,e3b0c44298fc1c149afb,#DIV/0!,,,,
V747,UNCLASSIFIED,e3b0c44298fc1c149afb,,,,,
W747,UNCLASSIFIED,e3b0c44298fc1c149afb,,,,,
X747,UNCLASSIFIED,e3b0c44298fc1c149afb,,,,,
Y747,UNCLASSIFIED,e3b0c44298fc1c149afb,,,,,
Z747,UNCLASSIFIED,e3b0c44298fc1c149afb,#DIV/0!,,,,
AA747,UNCLASSIFIED,e3b0c44298fc1c149afb,#DIV/0!,,,,
V748,UNCLASSIFIED,e3b0c44298fc1c149afb,,,,,
W748,UNCLASSIFIED,e3b0c44298fc1c149afb,,,,,
X748,UNCLASSIFIED,e3b0c44298fc1c149afb,,,,,
Y748,UNCLASSIFIED,e3b0c44298fc1c149afb,,,,,
Z748,UNCLASSIFIED,e3b0c44298fc1c149afb,#DIV/0!,,,,
AA748,UNCLASSIFIED,e3b0c44298fc1c149afb,#DIV/0!,,,,
V749,UNCLASSIFIED,e3b0c44298fc1c149afb,,,,,
W749,UNCLASSIFIED,e3b0c44298fc1c149afb,,,,,
X749,UNCLASSIFIED,e3b0c44298fc1c149afb,,,,,
Y749,UNCLASSIFIED,e3b0c44298fc1c149afb,,,,,
Z749,UNCLASSIFIED,e3b0c44298fc1c149afb,#DIV/0!,,,,
AA749,UNCLASSIFIED,e3b0c44298fc1c149afb,#DIV/0!,,,,
V750,UNCLASSIFIED,e3b0c44298fc1c149afb,,,,,
W750,UNCLASSIFIED,e3b0c44298fc1c149afb,,,,,
X750,UNCLASSIFIED,e3b0c44298fc1c149afb,,,,,
Y750,UNCLASSIFIED,e3b0c44298fc1c149afb,,,,,
Z750,UNCLASSIFIED,e3b0c44298fc1c149afb,#DIV/0!,,,,
AA750,UNCLASSIFIED,e3b0c44298fc1c149afb,#DIV/0!,,,,
V751,UNCLASSIFIED,e3b0c44298fc1c149afb,,,,,
W751,UNCLASSIFIED,e3b0c44298fc1c149afb,,,,,
X751,UNCLASSIFIED,e3b0c44298fc1c149afb,,,,,
Y751,UNCLASSIFIED,e3b0c44298fc1c149afb,,,,,
Z751,UNCLASSIFIED,e3b0c44298fc1c149afb,#DIV/0!,,,,
AA751,UNCLASSIFIED,e3b0c44298fc1c149afb,#DIV/0!,,,,
V752,UNCLASSIFIED,e3b0c44298fc1c149afb,,,,,
W752,UNCLASSIFIED,e3b0c44298fc1c149afb,,,,,
X752,UNCLASSIFIED,e3b0c44298fc1c149afb,,,,,
Y752,UNCLASSIFIED,e3b0c44298fc1c149afb,,,,,
Z752,UNCLASSIFIED,e3b0c44298fc1c149afb,#DIV/0!,,,,
AA752,UNCLASSIFIED,e3b0c44298fc1c149afb,#DIV/0!,,,,
V753,UNCLASSIFIED,e3b0c44298fc1c149afb,,,,,
W753,UNCLASSIFIED,e3b0c44298fc1c149afb,,,,,
X753,UNCLASSIFIED,e3b0c44298fc1c149afb,,,,,
Y753,UNCLASSIFIED,e3b0c44298fc1c149afb,,,,,
Z753,UNCLASSIFIED,e3b0c44298fc1c149afb,#DIV/0!,,,,
AA753,UNCLASSIFIED,e3b0c44298fc1c149afb,#DIV/0!,,,,
V754,UNCLASSIFIED,e3b0c44298fc1c149afb,,,,,
W754,UNCLASSIFIED,e3b0c44298fc1c149afb,,,,,
X754,UNCLASSIFIED,e3b0c44298fc1c149afb,,,,,
Y754,UNCLASSIFIED,e3b0c44298fc1c149afb,,,,,
Z754,UNCLASSIFIED,e3b0c44298fc1c149afb,#DIV/0!,,,,
AA754,UNCLASSIFIED,e3b0c44298fc1c149afb,#DIV/0!,,,,
V755,UNCLASSIFIED,e3b0c44298fc1c149afb,,,,,
W755,UNCLASSIFIED,e3b0c44298fc1c149afb,,,,,
X755,UNCLASSIFIED,e3b0c44298fc1c149afb,,,,,
Y755,UNCLASSIFIED,e3b0c44298fc1c149afb,,,,,
Z755,UNCLASSIFIED,e3b0c44298fc1c149afb,#DIV/0!,,,,
AA755,UNCLASSIFIED,e3b0c44298fc1c149afb,#DIV/0!,,,,
V756,UNCLASSIFIED,e3b0c44298fc1c149afb,,,,,
W756,UNCLASSIFIED,e3b0c44298fc1c149afb,,,,,
X756,UNCLASSIFIED,e3b0c44298fc1c149afb,,,,,
Y756,UNCLASSIFIED,e3b0c44298fc1c149afb,,,,,
Z756,UNCLASSIFIED,e3b0c44298fc1c149afb,#DIV/0!,,,,
AA756,UNCLASSIFIED,e3b0c44298fc1c149afb,#DIV/0!,,,,
V757,UNCLASSIFIED,e3b0c44298fc1c149afb,,,,,
W757,UNCLASSIFIED,e3b0c44298fc1c149afb,,,,,
X757,UNCLASSIFIED,e3b0c44298fc1c149afb,,,,,
Y757,UNCLASSIFIED,e3b0c44298fc1c149afb,,,,,
Z757,UNCLASSIFIED,e3b0c44298fc1c149afb,#DIV/0!,,,,
AA757,UNCLASSIFIED,e3b0c44298fc1c149afb,#DIV/0!,,,,
V758,UNCLASSIFIED,e3b0c44298fc1c149afb,,,,,
W758,UNCLASSIFIED,e3b0c44298fc1c149afb,,,,,
X758,UNCLASSIFIED,e3b0c44298fc1c149afb,,,,,
Y758,UNCLASSIFIED,e3b0c44298fc1c149afb,,,,,
Z758,UNCLASSIFIED,e3b0c44298fc1c149afb,#DIV/0!,,,,
AA758,UNCLASSIFIED,e3b0c44298fc1c149afb,#DIV/0!,,,,
V759,UNCLASSIFIED,e3b0c44298fc1c149afb,,,,,
W759,UNCLASSIFIED,e3b0c44298fc1c149afb,,,,,
X759,UNCLASSIFIED,e3b0c44298fc1c149afb,,,,,
Y759,UNCLASSIFIED,e3b0c44298fc1c149afb,,,,,
Z759,UNCLASSIFIED,e3b0c44298fc1c149afb,#DIV/0!,,,,
AA759,UNCLASSIFIED,e3b0c44298fc1c149afb,#DIV/0!,,,,
V760,UNCLASSIFIED,e3b0c44298fc1c149afb,,,,,
W760,UNCLASSIFIED,e3b0c44298fc1c149afb,,,,,
X760,UNCLASSIFIED,e3b0c44298fc1c149afb,,,,,
Y760,UNCLASSIFIED,e3b0c44298fc1c149afb,,,,,
Z760,UNCLASSIFIED,e3b0c44298fc1c149afb,#DIV/0!,,,,
AA760,UNCLASSIFIED,e3b0c44298fc1c149afb,#DIV/0!,,,,
V761,UNCLASSIFIED,e3b0c44298fc1c149afb,,,,,
W761,UNCLASSIFIED,e3b0c44298fc1c149afb,,,,,
X761,UNCLASSIFIED,e3b0c44298fc1c149afb,,,,,
Y761,UNCLASSIFIED,e3b0c44298fc1c149afb,,,,,
Z761,UNCLASSIFIED,e3b0c44298fc1c149afb,#DIV/0!,,,,
AA761,UNCLASSIFIED,e3b0c44298fc1c149afb,#DIV/0!,,,,
V762,UNCLASSIFIED,e3b0c44298fc1c149afb,,,,,
W762,UNCLASSIFIED,e3b0c44298fc1c149afb,,,,,
X762,UNCLASSIFIED,e3b0c44298fc1c149afb,,,,,
Y762,UNCLASSIFIED,e3b0c44298fc1c149afb,,,,,
Z762,UNCLASSIFIED,e3b0c44298fc1c149afb,#DIV/0!,,,,
AA762,UNCLASSIFIED,e3b0c44298fc1c149afb,#DIV/0!,,,,
V763,UNCLASSIFIED,e3b0c44298fc1c149afb,,,,,
W763,UNCLASSIFIED,e3b0c44298fc1c149afb,,,,,
X763,UNCLASSIFIED,e3b0c44298fc1c149afb,,,,,
Y763,UNCLASSIFIED,e3b0c44298fc1c149afb,,,,,
Z763,UNCLASSIFIED,e3b0c44298fc1c149afb,#DIV/0!,,,,
AA763,UNCLASSIFIED,e3b0c44298fc1c149afb,#DIV/0!,,,,
V764,UNCLASSIFIED,e3b0c44298fc1c149afb,,,,,
W764,UNCLASSIFIED,e3b0c44298fc1c149afb,,,,,
X764,UNCLASSIFIED,e3b0c44298fc1c149afb,,,,,
Y764,UNCLASSIFIED,e3b0c44298fc1c149afb,,,,,
Z764,UNCLASSIFIED,e3b0c44298fc1c149afb,#DIV/0!,,,,
AA764,UNCLASSIFIED,e3b0c44298fc1c149afb,#DIV/0!,,,,
V765,UNCLASSIFIED,e3b0c44298fc1c149afb,,,,,
W765,UNCLASSIFIED,e3b0c44298fc1c149afb,,,,,
X765,UNCLASSIFIED,e3b0c44298fc1c149afb,,,,,
Y765,UNCLASSIFIED,e3b0c44298fc1c149afb,,,,,
Z765,UNCLASSIFIED,e3b0c44298fc1c149afb,#DIV/0!,,,,
AA765,UNCLASSIFIED,e3b0c44298fc1c149afb,#DIV/0!,,,,
V766,UNCLASSIFIED,e3b0c44298fc1c149afb,,,,,
W766,UNCLASSIFIED,e3b0c44298fc1c149afb,,,,,
X766,UNCLASSIFIED,e3b0c44298fc1c149afb,,,,,
Y766,UNCLASSIFIED,e3b0c44298fc1c149afb,,,,,
Z766,UNCLASSIFIED,e3b0c44298fc1c149afb,#DIV/0!,,,,
AA766,UNCLASSIFIED,e3b0c44298fc1c149afb,#DIV/0!,,,,
V767,UNCLASSIFIED,e3b0c44298fc1c149afb,,,,,
W767,UNCLASSIFIED,e3b0c44298fc1c149afb,,,,,
X767,UNCLASSIFIED,e3b0c44298fc1c149afb,,,,,
Y767,UNCLASSIFIED,e3b0c44298fc1c149afb,,,,,
Z767,UNCLASSIFIED,e3b0c44298fc1c149afb,#DIV/0!,,,,
AA767,UNCLASSIFIED,e3b0c44298fc1c149afb,#DIV/0!,,,,
V768,UNCLASSIFIED,e3b0c44298fc1c149afb,,,,,
W768,UNCLASSIFIED,e3b0c44298fc1c149afb,,,,,
X768,UNCLASSIFIED,e3b0c44298fc1c149afb,,,,,
Y768,UNCLASSIFIED,e3b0c44298fc1c149afb,,,,,
Z768,UNCLASSIFIED,e3b0c44298fc1c149afb,#DIV/0!,,,,
AA768,UNCLASSIFIED,e3b0c44298fc1c149afb,#DIV/0!,,,,
V769,UNCLASSIFIED,e3b0c44298fc1c149afb,,,,,
W769,UNCLASSIFIED,e3b0c44298fc1c149afb,,,,,
X769,UNCLASSIFIED,e3b0c44298fc1c149afb,,,,,
Y769,UNCLASSIFIED,e3b0c44298fc1c149afb,,,,,
Z769,UNCLASSIFIED,e3b0c44298fc1c149afb,#DIV/0!,,,,
AA769,UNCLASSIFIED,e3b0c44298fc1c149afb,#DIV/0!,,,,
V770,UNCLASSIFIED,e3b0c44298fc1c149afb,,,,,
W770,UNCLASSIFIED,e3b0c44298fc1c149afb,,,,,
X770,UNCLASSIFIED,e3b0c44298fc1c149afb,,,,,
Y770,UNCLASSIFIED,e3b0c44298fc1c149afb,,,,,
Z770,UNCLASSIFIED,e3b0c44298fc1c149afb,#DIV/0!,,,,
AA770,UNCLASSIFIED,e3b0c44298fc1c149afb,#DIV/0!,,,,
V771,UNCLASSIFIED,e3b0c44298fc1c149afb,,,,,
W771,UNCLASSIFIED,e3b0c44298fc1c149afb,,,,,
X771,UNCLASSIFIED,e3b0c44298fc1c149afb,,,,,
Y771,UNCLASSIFIED,e3b0c44298fc1c149afb,,,,,
Z771,UNCLASSIFIED,e3b0c44298fc1c149afb,#DIV/0!,,,,
AA771,UNCLASSIFIED,e3b0c44298fc1c149afb,#DIV/0!,,,,
V772,UNCLASSIFIED,e3b0c44298fc1c149afb,,,,,
W772,UNCLASSIFIED,e3b0c44298fc1c149afb,,,,,
X772,UNCLASSIFIED,e3b0c44298fc1c149afb,,,,,
Y772,UNCLASSIFIED,e3b0c44298fc1c149afb,,,,,
Z772,UNCLASSIFIED,e3b0c44298fc1c149afb,#DIV/0!,,,,
AA772,UNCLASSIFIED,e3b0c44298fc1c149afb,#DIV/0!,,,,
V773,UNCLASSIFIED,e3b0c44298fc1c149afb,,,,,
W773,UNCLASSIFIED,e3b0c44298fc1c149afb,,,,,
X773,UNCLASSIFIED,e3b0c44298fc1c149afb,,,,,
Y773,UNCLASSIFIED,e3b0c44298fc1c149afb,,,,,
Z773,UNCLASSIFIED,e3b0c44298fc1c149afb,#DIV/0!,,,,
AA773,UNCLASSIFIED,e3b0c44298fc1c149afb,#DIV/0!,,,,
V774,UNCLASSIFIED,e3b0c44298fc1c149afb,,,,,
W774,UNCLASSIFIED,e3b0c44298fc1c149afb,,,,,
X774,UNCLASSIFIED,e3b0c44298fc1c149afb,,,,,
Y774,UNCLASSIFIED,e3b0c44298fc1c149afb,,,,,
Z774,UNCLASSIFIED,e3b0c44298fc1c149afb,#DIV/0!,,,,
AA774,UNCLASSIFIED,e3b0c44298fc1c149afb,#DIV/0!,,,,
V775,UNCLASSIFIED,e3b0c44298fc1c149afb,,,,,
W775,UNCLASSIFIED,e3b0c44298fc1c149afb,,,,,
X775,UNCLASSIFIED,e3b0c44298fc1c149afb,,,,,
Y775,UNCLASSIFIED,e3b0c44298fc1c149afb,,,,,
Z775,UNCLASSIFIED,e3b0c44298fc1c149afb,#DIV/0!,,,,
AA775,UNCLASSIFIED,e3b0c44298fc1c149afb,#DIV/0!,,,,
V776,UNCLASSIFIED,e3b0c44298fc1c149afb,,,,,
W776,UNCLASSIFIED,e3b0c44298fc1c149afb,,,,,
X776,UNCLASSIFIED,e3b0c44298fc1c149afb,,,,,
Y776,UNCLASSIFIED,e3b0c44298fc1c149afb,,,,,
Z776,UNCLASSIFIED,e3b0c44298fc1c149afb,#DIV/0!,,,,
AA776,UNCLASSIFIED,e3b0c44298fc1c149afb,#DIV/0!,,,,
V777,UNCLASSIFIED,e3b0c44298fc1c149afb,,,,,
W777,UNCLASSIFIED,e3b0c44298fc1c149afb,,,,,
X777,UNCLASSIFIED,e3b0c44298fc1c149afb,,,,,
Y777,UNCLASSIFIED,e3b0c44298fc1c149afb,,,,,
Z777,UNCLASSIFIED,e3b0c44298fc1c149afb,#DIV/0!,,,,
AA777,UNCLASSIFIED,e3b0c44298fc1c149afb,#DIV/0!,,,,
V778,UNCLASSIFIED,e3b0c44298fc1c149afb,,,,,
W778,UNCLASSIFIED,e3b0c44298fc1c149afb,,,,,
X778,UNCLASSIFIED,e3b0c44298fc1c149afb,,,,,
Y778,UNCLASSIFIED,e3b0c44298fc1c149afb,,,,,
Z778,UNCLASSIFIED,e3b0c44298fc1c149afb,#DIV/0!,,,,
AA778,UNCLASSIFIED,e3b0c44298fc1c149afb,#DIV/0!,,,,
V779,UNCLASSIFIED,e3b0c44298fc1c149afb,,,,,
W779,UNCLASSIFIED,e3b0c44298fc1c149afb,,,,,
X779,UNCLASSIFIED,e3b0c44298fc1c149afb,,,,,
Y779,UNCLASSIFIED,e3b0c44298fc1c149afb,,,,,
Z779,UNCLASSIFIED,e3b0c44298fc1c149afb,#DIV/0!,,,,
AA779,UNCLASSIFIED,e3b0c44298fc1c149afb,#DIV/0!,,,,
V780,UNCLASSIFIED,e3b0c44298fc1c149afb,,,,,
W780,UNCLASSIFIED,e3b0c44298fc1c149afb,,,,,
X780,UNCLASSIFIED,e3b0c44298fc1c149afb,,,,,
Y780,UNCLASSIFIED,e3b0c44298fc1c149afb,,,,,
Z780,UNCLASSIFIED,e3b0c44298fc1c149afb,#DIV/0!,,,,
AA780,UNCLASSIFIED,e3b0c44298fc1c149afb,#DIV/0!,,,,
V781,UNCLASSIFIED,e3b0c44298fc1c149afb,,,,,
W781,UNCLASSIFIED,e3b0c44298fc1c149afb,,,,,
X781,UNCLASSIFIED,e3b0c44298fc1c149afb,,,,,
Y781,UNCLASSIFIED,e3b0c44298fc1c149afb,,,,,
Z781,UNCLASSIFIED,e3b0c44298fc1c149afb,#DIV/0!,,,,
AA781,UNCLASSIFIED,e3b0c44298fc1c149afb,#DIV/0!,,,,
V782,UNCLASSIFIED,e3b0c44298fc1c149afb,,,,,
W782,UNCLASSIFIED,e3b0c44298fc1c149afb,,,,,
X782,UNCLASSIFIED,e3b0c44298fc1c149afb,,,,,
Y782,UNCLASSIFIED,e3b0c44298fc1c149afb,,,,,
Z782,UNCLASSIFIED,e3b0c44298fc1c149afb,#DIV/0!,,,,
AA782,UNCLASSIFIED,e3b0c44298fc1c149afb,#DIV/0!,,,,
V783,UNCLASSIFIED,e3b0c44298fc1c149afb,,,,,
W783,UNCLASSIFIED,e3b0c44298fc1c149afb,,,,,
X783,UNCLASSIFIED,e3b0c44298fc1c149afb,,,,,
Y783,UNCLASSIFIED,e3b0c44298fc1c149afb,,,,,
Z783,UNCLASSIFIED,e3b0c44298fc1c149afb,#DIV/0!,,,,
AA783,UNCLASSIFIED,e3b0c44298fc1c149afb,#DIV/0!,,,,
V784,UNCLASSIFIED,e3b0c44298fc1c149afb,,,,,
W784,UNCLASSIFIED,e3b0c44298fc1c149afb,,,,,
X784,UNCLASSIFIED,e3b0c44298fc1c149afb,,,,,
Y784,UNCLASSIFIED,e3b0c44298fc1c149afb,,,,,
Z784,UNCLASSIFIED,e3b0c44298fc1c149afb,#DIV/0!,,,,
AA784,UNCLASSIFIED,e3b0c44298fc1c149afb,#DIV/0!,,,,
V785,UNCLASSIFIED,e3b0c44298fc1c149afb,,,,,
W785,UNCLASSIFIED,e3b0c44298fc1c149afb,,,,,
X785,UNCLASSIFIED,e3b0c44298fc1c149afb,,,,,
Y785,UNCLASSIFIED,e3b0c44298fc1c149afb,,,,,
Z785,UNCLASSIFIED,e3b0c44298fc1c149afb,#DIV/0!,,,,
AA785,UNCLASSIFIED,e3b0c44298fc1c149afb,#DIV/0!,,,,
V786,UNCLASSIFIED,e3b0c44298fc1c149afb,,,,,
W786,UNCLASSIFIED,e3b0c44298fc1c149afb,,,,,
X786,UNCLASSIFIED,e3b0c44298fc1c149afb,,,,,
Y786,UNCLASSIFIED,e3b0c44298fc1c149afb,,,,,
Z786,UNCLASSIFIED,e3b0c44298fc1c149afb,#DIV/0!,,,,
AA786,UNCLASSIFIED,e3b0c44298fc1c149afb,#DIV/0!,,,,
V787,UNCLASSIFIED,e3b0c44298fc1c149afb,,,,,
W787,UNCLASSIFIED,e3b0c44298fc1c149afb,,,,,
X787,UNCLASSIFIED,e3b0c44298fc1c149afb,,,,,
Y787,UNCLASSIFIED,e3b0c44298fc1c149afb,,,,,
Z787,UNCLASSIFIED,e3b0c44298fc1c149afb,#DIV/0!,,,,
AA787,UNCLASSIFIED,e3b0c44298fc1c149afb,#DIV/0!,,,,
V788,UNCLASSIFIED,e3b0c44298fc1c149afb,,,,,
W788,UNCLASSIFIED,e3b0c44298fc1c149afb,,,,,
X788,UNCLASSIFIED,e3b0c44298fc1c149afb,,,,,
Y788,UNCLASSIFIED,e3b0c44298fc1c149afb,,,,,
Z788,UNCLASSIFIED,e3b0c44298fc1c149afb,#DIV/0!,,,,
AA788,UNCLASSIFIED,e3b0c44298fc1c149afb,#DIV/0!,,,,
V789,UTILIZATION,b070dbb90878a1f60ba9,,,,"IFERROR(IF(AND(1/L789>$V$19,1/L789<=$W$19),1/L789,0),"""")","IFERROR(IF(AND(1/RC[-10]>R19C22,1/RC[-10]<=R19C23),1/RC[-10],0),"""")"
W789,UTILIZATION,de0a5dbfc5cc172602ba,,,,"IFERROR(IF(AND(1/L789>$W$19,1/L789<=$X$19),1/L789,0),"""")","IFERROR(IF(AND(1/RC[-11]>R19C23,1/RC[-11]<=R19C24),1/RC[-11],0),"""")"
X789,UTILIZATION,102bfd8013f27758e7c0,,,,"IFERROR(IF(AND(1/L789>$X$19,1/L789<=$Y$19),1/L789,0),"""")","IFERROR(IF(AND(1/RC[-12]>R19C24,1/RC[-12]<=R19C25),1/RC[-12],0),"""")"
Y789,UTILIZATION,2d4c8f3ea18940579bdf,,,,"IFERROR(IF(1/L789>$Y$19,1/L789,0),"""")","IFERROR(IF(1/RC[-13]>R19C25,1/RC[-13],0),"""")"
Z789,UTILIZATION,28ac2bdd4846fc6e2a7f,#DIV/0!,,,"IF(N789<>"""",(N789-$N$17)/1000,1/0)","IF(RC[-12]<>"""",(RC[-12]-R17C14)/1000,1/0)"
AA789,UTILIZATION,1aafe524f4bc30e7637c,#DIV/0!,,,"IF(O789<>"""",(O789-$O$17)/1000,1/0)","IF(RC[-12]<>"""",(RC[-12]-R17C15)/1000,1/0)"
V790,UNCLASSIFIED,e3b0c44298fc1c149afb,,,,,
W790,UNCLASSIFIED,e3b0c44298fc1c149afb,,,,,
X790,UNCLASSIFIED,e3b0c44298fc1c149afb,,,,,
Y790,UNCLASSIFIED,e3b0c44298fc1c149afb,,,,,
Z790,UNCLASSIFIED,e3b0c44298fc1c149afb,#DIV/0!,,,,
AA790,UNCLASSIFIED,e3b0c44298fc1c149afb,#DIV/0!,,,,
V791,UNCLASSIFIED,e3b0c44298fc1c149afb,,,,,
W791,UNCLASSIFIED,e3b0c44298fc1c149afb,,,,,
X791,UNCLASSIFIED,e3b0c44298fc1c149afb,,,,,
Y791,UNCLASSIFIED,e3b0c44298fc1c149afb,,,,,
Z791,UNCLASSIFIED,e3b0c44298fc1c149afb,#DIV/0!,,,,
AA791,UNCLASSIFIED,e3b0c44298fc1c149afb,#DIV/0!,,,,
V792,UNCLASSIFIED,e3b0c44298fc1c149afb,,,,,
W792,UNCLASSIFIED,e3b0c44298fc1c149afb,,,,,
X792,UNCLASSIFIED,e3b0c44298fc1c149afb,,,,,
Y792,UNCLASSIFIED,e3b0c44298fc1c149afb,,,,,
Z792,UNCLASSIFIED,e3b0c44298fc1c149afb,#DIV/0!,,,,
AA792,UNCLASSIFIED,e3b0c44298fc1c149afb,#DIV/0!,,,,
V793,UNCLASSIFIED,e3b0c44298fc1c149afb,,,,,
W793,UNCLASSIFIED,e3b0c44298fc1c149afb,,,,,
X793,UNCLASSIFIED,e3b0c44298fc1c149afb,,,,,
Y793,UNCLASSIFIED,e3b0c44298fc1c149afb,,,,,
Z793,UNCLASSIFIED,e3b0c44298fc1c149afb,#DIV/0!,,,,
AA793,UNCLASSIFIED,e3b0c44298fc1c149afb,#DIV/0!,,,,
V794,UNCLASSIFIED,e3b0c44298fc1c149afb,,,,,
W794,UNCLASSIFIED,e3b0c44298fc1c149afb,,,,,
X794,UNCLASSIFIED,e3b0c44298fc1c149afb,,,,,
Y794,UNCLASSIFIED,e3b0c44298fc1c149afb,,,,,
Z794,UNCLASSIFIED,e3b0c44298fc1c149afb,#DIV/0!,,,,
AA794,UNCLASSIFIED,e3b0c44298fc1c149afb,#DIV/0!,,,,
V795,UNCLASSIFIED,e3b0c44298fc1c149afb,,,,,
W795,UNCLASSIFIED,e3b0c44298fc1c149afb,,,,,
X795,UNCLASSIFIED,e3b0c44298fc1c149afb,,,,,
Y795,UNCLASSIFIED,e3b0c44298fc1c149afb,,,,,
Z795,UNCLASSIFIED,e3b0c44298fc1c149afb,#DIV/0!,,,,
AA795,UNCLASSIFIED,e3b0c44298fc1c149afb,#DIV/0!,,,,
V796,UNCLASSIFIED,e3b0c44298fc1c149afb,,,,,
W796,UNCLASSIFIED,e3b0c44298fc1c149afb,,,,,
X796,UNCLASSIFIED,e3b0c44298fc1c149afb,,,,,
Y796,UNCLASSIFIED,e3b0c44298fc1c149afb,,,,,
Z796,UNCLASSIFIED,e3b0c44298fc1c149afb,#DIV/0!,,,,
AA796,UNCLASSIFIED,e3b0c44298fc1c149afb,#DIV/0!,,,,
V797,UNCLASSIFIED,e3b0c44298fc1c149afb,,,,,
W797,UNCLASSIFIED,e3b0c44298fc1c149afb,,,,,
X797,UNCLASSIFIED,e3b0c44298fc1c149afb,,,,,
Y797,UNCLASSIFIED,e3b0c44298fc1c149afb,,,,,
Z797,UNCLASSIFIED,e3b0c44298fc1c149afb,#DIV/0!,,,,
AA797,UNCLASSIFIED,e3b0c44298fc1c149afb,#DIV/0!,,,,
V798,UNCLASSIFIED,e3b0c44298fc1c149afb,,,,,
W798,UNCLASSIFIED,e3b0c44298fc1c149afb,,,,,
X798,UNCLASSIFIED,e3b0c44298fc1c149afb,,,,,
Y798,UNCLASSIFIED,e3b0c44298fc1c149afb,,,,,
Z798,UNCLASSIFIED,e3b0c44298fc1c149afb,#DIV/0!,,,,
AA798,UNCLASSIFIED,e3b0c44298fc1c149afb,#DIV/0!,,,,
V799,UNCLASSIFIED,e3b0c44298fc1c149afb,,,,,
W799,UNCLASSIFIED,e3b0c44298fc1c149afb,,,,,
X799,UNCLASSIFIED,e3b0c44298fc1c149afb,,,,,
Y799,UNCLASSIFIED,e3b0c44298fc1c149afb,,,,,
Z799,UNCLASSIFIED,e3b0c44298fc1c149afb,#DIV/0!,,,,
AA799,UNCLASSIFIED,e3b0c44298fc1c149afb,#DIV/0!,,,,
V800,UNCLASSIFIED,e3b0c44298fc1c149afb,,,,,
W800,UNCLASSIFIED,e3b0c44298fc1c149afb,,,,,
X800,UNCLASSIFIED,e3b0c44298fc1c149afb,,,,,
Y800,UNCLASSIFIED,e3b0c44298fc1c149afb,,,,,
Z800,UNCLASSIFIED,e3b0c44298fc1c149afb,#DIV/0!,,,,
AA800,UNCLASSIFIED,e3b0c44298fc1c149afb,#DIV/0!,,,,
V801,UNCLASSIFIED,e3b0c44298fc1c149afb,,,,,
W801,UNCLASSIFIED,e3b0c44298fc1c149afb,,,,,
X801,UNCLASSIFIED,e3b0c44298fc1c149afb,,,,,
Y801,UNCLASSIFIED,e3b0c44298fc1c149afb,,,,,
Z801,UNCLASSIFIED,e3b0c44298fc1c149afb,#DIV/0!,,,,
AA801,UNCLASSIFIED,e3b0c44298fc1c149afb,#DIV/0!,,,,
V802,UNCLASSIFIED,e3b0c44298fc1c149afb,,,,,
W802,UNCLASSIFIED,e3b0c44298fc1c149afb,,,,,
X802,UNCLASSIFIED,e3b0c44298fc1c149afb,,,,,
Y802,UNCLASSIFIED,e3b0c44298fc1c149afb,,,,,
Z802,UNCLASSIFIED,e3b0c44298fc1c149afb,#DIV/0!,,,,
AA802,UNCLASSIFIED,e3b0c44298fc1c149afb,#DIV/0!,,,,
V803,UNCLASSIFIED,e3b0c44298fc1c149afb,,,,,
W803,UNCLASSIFIED,e3b0c44298fc1c149afb,,,,,
X803,UNCLASSIFIED,e3b0c44298fc1c149afb,,,,,
Y803,UNCLASSIFIED,e3b0c44298fc1c149afb,,,,,
Z803,UNCLASSIFIED,e3b0c44298fc1c149afb,#DIV/0!,,,,
AA803,UNCLASSIFIED,e3b0c44298fc1c149afb,#DIV/0!,,,,
V804,UNCLASSIFIED,e3b0c44298fc1c149afb,,,,,
W804,UNCLASSIFIED,e3b0c44298fc1c149afb,,,,,
X804,UNCLASSIFIED,e3b0c44298fc1c149afb,,,,,
Y804,UNCLASSIFIED,e3b0c44298fc1c149afb,,,,,
Z804,UNCLASSIFIED,e3b0c44298fc1c149afb,#DIV/0!,,,,
AA804,UNCLASSIFIED,e3b0c44298fc1c149afb,#DIV/0!,,,,
V805,UNCLASSIFIED,e3b0c44298fc1c149afb,,,,,
W805,UNCLASSIFIED,e3b0c44298fc1c149afb,,,,,
X805,UNCLASSIFIED,e3b0c44298fc1c149afb,,,,,
Y805,UNCLASSIFIED,e3b0c44298fc1c149afb,,,,,
Z805,UNCLASSIFIED,e3b0c44298fc1c149afb,#DIV/0!,,,,
AA805,UNCLASSIFIED,e3b0c44298fc1c149afb,#DIV/0!,,,,
V806,UNCLASSIFIED,e3b0c44298fc1c149afb,,,,,
W806,UNCLASSIFIED,e3b0c44298fc1c149afb,,,,,
X806,UNCLASSIFIED,e3b0c44298fc1c149afb,,,,,
Y806,UNCLASSIFIED,e3b0c44298fc1c149afb,,,,,
Z806,UNCLASSIFIED,e3b0c44298fc1c149afb,#DIV/0!,,,,
AA806,UNCLASSIFIED,e3b0c44298fc1c149afb,#DIV/0!,,,,
V807,UNCLASSIFIED,e3b0c44298fc1c149afb,,,,,
W807,UNCLASSIFIED,e3b0c44298fc1c149afb,,,,,
X807,UNCLASSIFIED,e3b0c44298fc1c149afb,,,,,
Y807,UNCLASSIFIED,e3b0c44298fc1c149afb,,,,,
Z807,UNCLASSIFIED,e3b0c44298fc1c149afb,#DIV/0!,,,,
AA807,UNCLASSIFIED,e3b0c44298fc1c149afb,#DIV/0!,,,,
V808,UNCLASSIFIED,e3b0c44298fc1c149afb,,,,,
W808,UNCLASSIFIED,e3b0c44298fc1c149afb,,,,,
X808,UNCLASSIFIED,e3b0c44298fc1c149afb,,,,,
Y808,UNCLASSIFIED,e3b0c44298fc1c149afb,,,,,
Z808,UNCLASSIFIED,e3b0c44298fc1c149afb,#DIV/0!,,,,
AA808,UNCLASSIFIED,e3b0c44298fc1c149afb,#DIV/0!,,,,
V809,UNCLASSIFIED,e3b0c44298fc1c149afb,,,,,
W809,UNCLASSIFIED,e3b0c44298fc1c149afb,,,,,
X809,UNCLASSIFIED,e3b0c44298fc1c149afb,,,,,
Y809,UNCLASSIFIED,e3b0c44298fc1c149afb,,,,,
Z809,UNCLASSIFIED,e3b0c44298fc1c149afb,#DIV/0!,,,,
AA809,UNCLASSIFIED,e3b0c44298fc1c149afb,#DIV/0!,,,,
V810,UNCLASSIFIED,e3b0c44298fc1c149afb,,,,,
W810,UNCLASSIFIED,e3b0c44298fc1c149afb,,,,,
X810,UNCLASSIFIED,e3b0c44298fc1c149afb,,,,,
Y810,UNCLASSIFIED,e3b0c44298fc1c149afb,,,,,
Z810,UNCLASSIFIED,e3b0c44298fc1c149afb,#DIV/0!,,,,
AA810,UNCLASSIFIED,e3b0c44298fc1c149afb,#DIV/0!,,,,
V811,UNCLASSIFIED,e3b0c44298fc1c149afb,,,,,
W811,UNCLASSIFIED,e3b0c44298fc1c149afb,,,,,
X811,UNCLASSIFIED,e3b0c44298fc1c149afb,,,,,
Y811,UNCLASSIFIED,e3b0c44298fc1c149afb,,,,,
Z811,UNCLASSIFIED,e3b0c44298fc1c149afb,#DIV/0!,,,,
AA811,UNCLASSIFIED,e3b0c44298fc1c149afb,#DIV/0!,,,,
V812,UNCLASSIFIED,e3b0c44298fc1c149afb,,,,,
W812,UNCLASSIFIED,e3b0c44298fc1c149afb,,,,,
X812,UNCLASSIFIED,e3b0c44298fc1c149afb,,,,,
Y812,UNCLASSIFIED,e3b0c44298fc1c149afb,,,,,
Z812,UNCLASSIFIED,e3b0c44298fc1c149afb,#DIV/0!,,,,
AA812,UNCLASSIFIED,e3b0c44298fc1c149afb,#DIV/0!,,,,
V813,UNCLASSIFIED,e3b0c44298fc1c149afb,,,,,
W813,UNCLASSIFIED,e3b0c44298fc1c149afb,,,,,
X813,UNCLASSIFIED,e3b0c44298fc1c149afb,,,,,
Y813,UNCLASSIFIED,e3b0c44298fc1c149afb,,,,,
Z813,UNCLASSIFIED,e3b0c44298fc1c149afb,#DIV/0!,,,,
AA813,UNCLASSIFIED,e3b0c44298fc1c149afb,#DIV/0!,,,,
V814,UNCLASSIFIED,e3b0c44298fc1c149afb,,,,,
W814,UNCLASSIFIED,e3b0c44298fc1c149afb,,,,,
X814,UNCLASSIFIED,e3b0c44298fc1c149afb,,,,,
Y814,UNCLASSIFIED,e3b0c44298fc1c149afb,,,,,
Z814,UNCLASSIFIED,e3b0c44298fc1c149afb,#DIV/0!,,,,
AA814,UNCLASSIFIED,e3b0c44298fc1c149afb,#DIV/0!,,,,
V815,UNCLASSIFIED,e3b0c44298fc1c149afb,,,,,
W815,UNCLASSIFIED,e3b0c44298fc1c149afb,,,,,
X815,UNCLASSIFIED,e3b0c44298fc1c149afb,,,,,
Y815,UNCLASSIFIED,e3b0c44298fc1c149afb,,,,,
Z815,UNCLASSIFIED,e3b0c44298fc1c149afb,#DIV/0!,,,,
AA815,UNCLASSIFIED,e3b0c44298fc1c149afb,#DIV/0!,,,,
V816,UNCLASSIFIED,e3b0c44298fc1c149afb,,,,,
W816,UNCLASSIFIED,e3b0c44298fc1c149afb,,,,,
X816,UNCLASSIFIED,e3b0c44298fc1c149afb,,,,,
Y816,UNCLASSIFIED,e3b0c44298fc1c149afb,,,,,
Z816,UNCLASSIFIED,e3b0c44298fc1c149afb,#DIV/0!,,,,
AA816,UNCLASSIFIED,e3b0c44298fc1c149afb,#DIV/0!,,,,
V817,UNCLASSIFIED,e3b0c44298fc1c149afb,,,,,
W817,UNCLASSIFIED,e3b0c44298fc1c149afb,,,,,
X817,UNCLASSIFIED,e3b0c44298fc1c149afb,,,,,
Y817,UNCLASSIFIED,e3b0c44298fc1c149afb,,,,,
Z817,UNCLASSIFIED,e3b0c44298fc1c149afb,#DIV/0!,,,,
AA817,UNCLASSIFIED,e3b0c44298fc1c149afb,#DIV/0!,,,,
V818,UNCLASSIFIED,e3b0c44298fc1c149afb,,,,,
W818,UNCLASSIFIED,e3b0c44298fc1c149afb,,,,,
X818,UNCLASSIFIED,e3b0c44298fc1c149afb,,,,,
Y818,UNCLASSIFIED,e3b0c44298fc1c149afb,,,,,
Z818,UNCLASSIFIED,e3b0c44298fc1c149afb,#DIV/0!,,,,
AA818,UNCLASSIFIED,e3b0c44298fc1c149afb,#DIV/0!,,,,
V819,UNCLASSIFIED,e3b0c44298fc1c149afb,,,,,
W819,UNCLASSIFIED,e3b0c44298fc1c149afb,,,,,
X819,UNCLASSIFIED,e3b0c44298fc1c149afb,,,,,
Y819,UNCLASSIFIED,e3b0c44298fc1c149afb,,,,,
Z819,UNCLASSIFIED,e3b0c44298fc1c149afb,#DIV/0!,,,,
AA819,UNCLASSIFIED,e3b0c44298fc1c149afb,#DIV/0!,,,,
V820,UNCLASSIFIED,e3b0c44298fc1c149afb,,,,,
W820,UNCLASSIFIED,e3b0c44298fc1c149afb,,,,,
X820,UNCLASSIFIED,e3b0c44298fc1c149afb,,,,,
Y820,UNCLASSIFIED,e3b0c44298fc1c149afb,,,,,
Z820,UNCLASSIFIED,e3b0c44298fc1c149afb,#DIV/0!,,,,
AA820,UNCLASSIFIED,e3b0c44298fc1c149afb,#DIV/0!,,,,
V821,UNCLASSIFIED,e3b0c44298fc1c149afb,,,,,
W821,UNCLASSIFIED,e3b0c44298fc1c149afb,,,,,
X821,UNCLASSIFIED,e3b0c44298fc1c149afb,,,,,
Y821,UNCLASSIFIED,e3b0c44298fc1c149afb,,,,,
Z821,UNCLASSIFIED,e3b0c44298fc1c149afb,#DIV/0!,,,,
AA821,UNCLASSIFIED,e3b0c44298fc1c149afb,#DIV/0!,,,,
V822,UNCLASSIFIED,e3b0c44298fc1c149afb,,,,,
W822,UNCLASSIFIED,e3b0c44298fc1c149afb,,,,,
X822,UNCLASSIFIED,e3b0c44298fc1c149afb,,,,,
Y822,UNCLASSIFIED,e3b0c44298fc1c149afb,,,,,
Z822,UNCLASSIFIED,e3b0c44298fc1c149afb,#DIV/0!,,,,
AA822,UNCLASSIFIED,e3b0c44298fc1c149afb,#DIV/0!,,,,
V823,UNCLASSIFIED,e3b0c44298fc1c149afb,,,,,
W823,UNCLASSIFIED,e3b0c44298fc1c149afb,,,,,
X823,UNCLASSIFIED,e3b0c44298fc1c149afb,,,,,
Y823,UNCLASSIFIED,e3b0c44298fc1c149afb,,,,,
Z823,UNCLASSIFIED,e3b0c44298fc1c149afb,#DIV/0!,,,,
AA823,UNCLASSIFIED,e3b0c44298fc1c149afb,#DIV/0!,,,,
V824,UNCLASSIFIED,e3b0c44298fc1c149afb,,,,,
W824,UNCLASSIFIED,e3b0c44298fc1c149afb,,,,,
X824,UNCLASSIFIED,e3b0c44298fc1c149afb,,,,,
Y824,UNCLASSIFIED,e3b0c44298fc1c149afb,,,,,
Z824,UNCLASSIFIED,e3b0c44298fc1c149afb,#DIV/0!,,,,
AA824,UNCLASSIFIED,e3b0c44298fc1c149afb,#DIV/0!,,,,
V825,UNCLASSIFIED,e3b0c44298fc1c149afb,,,,,
W825,UNCLASSIFIED,e3b0c44298fc1c149afb,,,,,
X825,UNCLASSIFIED,e3b0c44298fc1c149afb,,,,,
Y825,UNCLASSIFIED,e3b0c44298fc1c149afb,,,,,
Z825,UNCLASSIFIED,e3b0c44298fc1c149afb,#DIV/0!,,,,
AA825,UNCLASSIFIED,e3b0c44298fc1c149afb,#DIV/0!,,,,
V826,UNCLASSIFIED,e3b0c44298fc1c149afb,,,,,
W826,UNCLASSIFIED,e3b0c44298fc1c149afb,,,,,
X826,UNCLASSIFIED,e3b0c44298fc1c149afb,,,,,
Y826,UNCLASSIFIED,e3b0c44298fc1c149afb,,,,,
Z826,UNCLASSIFIED,e3b0c44298fc1c149afb,#DIV/0!,,,,
AA826,UNCLASSIFIED,e3b0c44298fc1c149afb,#DIV/0!,,,,
V827,UNCLASSIFIED,e3b0c44298fc1c149afb,,,,,
W827,UNCLASSIFIED,e3b0c44298fc1c149afb,,,,,
X827,UNCLASSIFIED,e3b0c44298fc1c149afb,,,,,
Y827,UNCLASSIFIED,e3b0c44298fc1c149afb,,,,,
Z827,UNCLASSIFIED,e3b0c44298fc1c149afb,#DIV/0!,,,,
AA827,UNCLASSIFIED,e3b0c44298fc1c149afb,#DIV/0!,,,,
V828,UNCLASSIFIED,e3b0c44298fc1c149afb,,,,,
W828,UNCLASSIFIED,e3b0c44298fc1c149afb,,,,,
X828,UNCLASSIFIED,e3b0c44298fc1c149afb,,,,,
Y828,UNCLASSIFIED,e3b0c44298fc1c149afb,,,,,
Z828,UNCLASSIFIED,e3b0c44298fc1c149afb,#DIV/0!,,,,
AA828,UNCLASSIFIED,e3b0c44298fc1c149afb,#DIV/0!,,,,
V829,UNCLASSIFIED,e3b0c44298fc1c149afb,,,,,
W829,UNCLASSIFIED,e3b0c44298fc1c149afb,,,,,
X829,UNCLASSIFIED,e3b0c44298fc1c149afb,,,,,
Y829,UNCLASSIFIED,e3b0c44298fc1c149afb,,,,,
Z829,UNCLASSIFIED,e3b0c44298fc1c149afb,#DIV/0!,,,,
AA829,UNCLASSIFIED,e3b0c44298fc1c149afb,#DIV/0!,,,,
V830,UNCLASSIFIED,e3b0c44298fc1c149afb,,,,,
W830,UNCLASSIFIED,e3b0c44298fc1c149afb,,,,,
X830,UNCLASSIFIED,e3b0c44298fc1c149afb,,,,,
Y830,UNCLASSIFIED,e3b0c44298fc1c149afb,,,,,
Z830,UNCLASSIFIED,e3b0c44298fc1c149afb,#DIV/0!,,,,
AA830,UNCLASSIFIED,e3b0c44298fc1c149afb,#DIV/0!,,,,
V831,UNCLASSIFIED,e3b0c44298fc1c149afb,,,,,
W831,UNCLASSIFIED,e3b0c44298fc1c149afb,,,,,
X831,UNCLASSIFIED,e3b0c44298fc1c149afb,,,,,
Y831,UNCLASSIFIED,e3b0c44298fc1c149afb,,,,,
Z831,UNCLASSIFIED,e3b0c44298fc1c149afb,#DIV/0!,,,,
AA831,UNCLASSIFIED,e3b0c44298fc1c149afb,#DIV/0!,,,,
V832,UNCLASSIFIED,e3b0c44298fc1c149afb,,,,,
W832,UNCLASSIFIED,e3b0c44298fc1c149afb,,,,,
X832,UNCLASSIFIED,e3b0c44298fc1c149afb,,,,,
Y832,UNCLASSIFIED,e3b0c44298fc1c149afb,,,,,
Z832,UNCLASSIFIED,e3b0c44298fc1c149afb,#DIV/0!,,,,
AA832,UNCLASSIFIED,e3b0c44298fc1c149afb,#DIV/0!,,,,
V833,UNCLASSIFIED,e3b0c44298fc1c149afb,,,,,
W833,UNCLASSIFIED,e3b0c44298fc1c149afb,,,,,
X833,UNCLASSIFIED,e3b0c44298fc1c149afb,,,,,
Y833,UNCLASSIFIED,e3b0c44298fc1c149afb,,,,,
Z833,UNCLASSIFIED,e3b0c44298fc1c149afb,#DIV/0!,,,,
AA833,UNCLASSIFIED,e3b0c44298fc1c149afb,#DIV/0!,,,,
V834,UNCLASSIFIED,e3b0c44298fc1c149afb,,,,,
W834,UNCLASSIFIED,e3b0c44298fc1c149afb,,,,,
X834,UNCLASSIFIED,e3b0c44298fc1c149afb,,,,,
Y834,UNCLASSIFIED,e3b0c44298fc1c149afb,,,,,
Z834,UNCLASSIFIED,e3b0c44298fc1c149afb,#DIV/0!,,,,
AA834,UNCLASSIFIED,e3b0c44298fc1c149afb,#DIV/0!,,,,
V835,UNCLASSIFIED,e3b0c44298fc1c149afb,,,,,
W835,UNCLASSIFIED,e3b0c44298fc1c149afb,,,,,
X835,UNCLASSIFIED,e3b0c44298fc1c149afb,,,,,
Y835,UNCLASSIFIED,e3b0c44298fc1c149afb,,,,,
Z835,UNCLASSIFIED,e3b0c44298fc1c149afb,#DIV/0!,,,,
AA835,UNCLASSIFIED,e3b0c44298fc1c149afb,#DIV/0!,,,,
V836,UNCLASSIFIED,e3b0c44298fc1c149afb,,,,,
W836,UNCLASSIFIED,e3b0c44298fc1c149afb,,,,,
X836,UNCLASSIFIED,e3b0c44298fc1c149afb,,,,,
Y836,UNCLASSIFIED,e3b0c44298fc1c149afb,,,,,
Z836,UNCLASSIFIED,e3b0c44298fc1c149afb,#DIV/0!,,,,
AA836,UNCLASSIFIED,e3b0c44298fc1c149afb,#DIV/0!,,,,
V837,UNCLASSIFIED,e3b0c44298fc1c149afb,,,,,
W837,UNCLASSIFIED,e3b0c44298fc1c149afb,,,,,
X837,UNCLASSIFIED,e3b0c44298fc1c149afb,,,,,
Y837,UNCLASSIFIED,e3b0c44298fc1c149afb,,,,,
Z837,UNCLASSIFIED,e3b0c44298fc1c149afb,#DIV/0!,,,,
AA837,UNCLASSIFIED,e3b0c44298fc1c149afb,#DIV/0!,,,,
V838,UNCLASSIFIED,e3b0c44298fc1c149afb,,,,,
W838,UNCLASSIFIED,e3b0c44298fc1c149afb,,,,,
X838,UNCLASSIFIED,e3b0c44298fc1c149afb,,,,,
Y838,UNCLASSIFIED,e3b0c44298fc1c149afb,,,,,
Z838,UNCLASSIFIED,e3b0c44298fc1c149afb,#DIV/0!,,,,
AA838,UNCLASSIFIED,e3b0c44298fc1c149afb,#DIV/0!,,,,
V839,UNCLASSIFIED,e3b0c44298fc1c149afb,,,,,
W839,UNCLASSIFIED,e3b0c44298fc1c149afb,,,,,
X839,UNCLASSIFIED,e3b0c44298fc1c149afb,,,,,
Y839,UNCLASSIFIED,e3b0c44298fc1c149afb,,,,,
Z839,UNCLASSIFIED,e3b0c44298fc1c149afb,#DIV/0!,,,,
AA839,UNCLASSIFIED,e3b0c44298fc1c149afb,#DIV/0!,,,,
V840,UNCLASSIFIED,e3b0c44298fc1c149afb,,,,,
W840,UNCLASSIFIED,e3b0c44298fc1c149afb,,,,,
X840,UNCLASSIFIED,e3b0c44298fc1c149afb,,,,,
Y840,UNCLASSIFIED,e3b0c44298fc1c149afb,,,,,
Z840,UNCLASSIFIED,e3b0c44298fc1c149afb,#DIV/0!,,,,
AA840,UNCLASSIFIED,e3b0c44298fc1c149afb,#DIV/0!,,,,
V841,UNCLASSIFIED,e3b0c44298fc1c149afb,,,,,
W841,UNCLASSIFIED,e3b0c44298fc1c149afb,,,,,
X841,UNCLASSIFIED,e3b0c44298fc1c149afb,,,,,
Y841,UNCLASSIFIED,e3b0c44298fc1c149afb,,,,,
Z841,UNCLASSIFIED,e3b0c44298fc1c149afb,#DIV/0!,,,,
AA841,UNCLASSIFIED,e3b0c44298fc1c149afb,#DIV/0!,,,,
V842,UNCLASSIFIED,e3b0c44298fc1c149afb,,,,,
W842,UNCLASSIFIED,e3b0c44298fc1c149afb,,,,,
X842,UNCLASSIFIED,e3b0c44298fc1c149afb,,,,,
Y842,UNCLASSIFIED,e3b0c44298fc1c149afb,,,,,
Z842,UNCLASSIFIED,e3b0c44298fc1c149afb,#DIV/0!,,,,
AA842,UNCLASSIFIED,e3b0c44298fc1c149afb,#DIV/0!,,,,
V843,UNCLASSIFIED,e3b0c44298fc1c149afb,,,,,
W843,UNCLASSIFIED,e3b0c44298fc1c149afb,,,,,
X843,UNCLASSIFIED,e3b0c44298fc1c149afb,,,,,
Y843,UNCLASSIFIED,e3b0c44298fc1c149afb,,,,,
Z843,UNCLASSIFIED,e3b0c44298fc1c149afb,#DIV/0!,,,,
AA843,UNCLASSIFIED,e3b0c44298fc1c149afb,#DIV/0!,,,,
V844,UNCLASSIFIED,e3b0c44298fc1c149afb,,,,,
W844,UNCLASSIFIED,e3b0c44298fc1c149afb,,,,,
X844,UNCLASSIFIED,e3b0c44298fc1c149afb,,,,,
Y844,UNCLASSIFIED,e3b0c44298fc1c149afb,,,,,
Z844,UNCLASSIFIED,e3b0c44298fc1c149afb,#DIV/0!,,,,
AA844,UNCLASSIFIED,e3b0c44298fc1c149afb,#DIV/0!,,,,
V845,UNCLASSIFIED,e3b0c44298fc1c149afb,,,,,
W845,UNCLASSIFIED,e3b0c44298fc1c149afb,,,,,
X845,UNCLASSIFIED,e3b0c44298fc1c149afb,,,,,
Y845,UNCLASSIFIED,e3b0c44298fc1c149afb,,,,,
Z845,UNCLASSIFIED,e3b0c44298fc1c149afb,#DIV/0!,,,,
AA845,UNCLASSIFIED,e3b0c44298fc1c149afb,#DIV/0!,,,,
V846,UNCLASSIFIED,e3b0c44298fc1c149afb,,,,,
W846,UNCLASSIFIED,e3b0c44298fc1c149afb,,,,,
X846,UNCLASSIFIED,e3b0c44298fc1c149afb,,,,,
Y846,UNCLASSIFIED,e3b0c44298fc1c149afb,,,,,
Z846,UNCLASSIFIED,e3b0c44298fc1c149afb,#DIV/0!,,,,
AA846,UNCLASSIFIED,e3b0c44298fc1c149afb,#DIV/0!,,,,
V847,UNCLASSIFIED,e3b0c44298fc1c149afb,,,,,
W847,UNCLASSIFIED,e3b0c44298fc1c149afb,,,,,
X847,UNCLASSIFIED,e3b0c44298fc1c149afb,,,,,
Y847,UNCLASSIFIED,e3b0c44298fc1c149afb,,,,,
Z847,UNCLASSIFIED,e3b0c44298fc1c149afb,#DIV/0!,,,,
AA847,UNCLASSIFIED,e3b0c44298fc1c149afb,#DIV/0!,,,,
V848,UNCLASSIFIED,e3b0c44298fc1c149afb,,,,,
W848,UNCLASSIFIED,e3b0c44298fc1c149afb,,,,,
X848,UNCLASSIFIED,e3b0c44298fc1c149afb,,,,,
Y848,UNCLASSIFIED,e3b0c44298fc1c149afb,,,,,
Z848,UNCLASSIFIED,e3b0c44298fc1c149afb,#DIV/0!,,,,
AA848,UNCLASSIFIED,e3b0c44298fc1c149afb,#DIV/0!,,,,
V849,UNCLASSIFIED,e3b0c44298fc1c149afb,,,,,
W849,UNCLASSIFIED,e3b0c44298fc1c149afb,,,,,
X849,UNCLASSIFIED,e3b0c44298fc1c149afb,,,,,
Y849,UNCLASSIFIED,e3b0c44298fc1c149afb,,,,,
Z849,UNCLASSIFIED,e3b0c44298fc1c149afb,#DIV/0!,,,,
AA849,UNCLASSIFIED,e3b0c44298fc1c149afb,#DIV/0!,,,,
V850,UNCLASSIFIED,e3b0c44298fc1c149afb,,,,,
W850,UNCLASSIFIED,e3b0c44298fc1c149afb,,,,,
X850,UNCLASSIFIED,e3b0c44298fc1c149afb,,,,,
Y850,UNCLASSIFIED,e3b0c44298fc1c149afb,,,,,
Z850,UNCLASSIFIED,e3b0c44298fc1c149afb,#DIV/0!,,,,
AA850,UNCLASSIFIED,e3b0c44298fc1c149afb,#DIV/0!,,,,
V851,UNCLASSIFIED,e3b0c44298fc1c149afb,,,,,
W851,UNCLASSIFIED,e3b0c44298fc1c149afb,,,,,
X851,UNCLASSIFIED,e3b0c44298fc1c149afb,,,,,
Y851,UNCLASSIFIED,e3b0c44298fc1c149afb,,,,,
Z851,UNCLASSIFIED,e3b0c44298fc1c149afb,#DIV/0!,,,,
AA851,UNCLASSIFIED,e3b0c44298fc1c149afb,#DIV/0!,,,,
V852,UNCLASSIFIED,e3b0c44298fc1c149afb,,,,,
W852,UNCLASSIFIED,e3b0c44298fc1c149afb,,,,,
X852,UNCLASSIFIED,e3b0c44298fc1c149afb,,,,,
Y852,UNCLASSIFIED,e3b0c44298fc1c149afb,,,,,
Z852,UNCLASSIFIED,e3b0c44298fc1c149afb,#DIV/0!,,,,
AA852,UNCLASSIFIED,e3b0c44298fc1c149afb,#DIV/0!,,,,
V853,UTILIZATION,b070dbb90878a1f60ba9,,,,"IFERROR(IF(AND(1/L853>$V$19,1/L853<=$W$19),1/L853,0),"""")","IFERROR(IF(AND(1/RC[-10]>R19C22,1/RC[-10]<=R19C23),1/RC[-10],0),"""")"
W853,UTILIZATION,de0a5dbfc5cc172602ba,,,,"IFERROR(IF(AND(1/L853>$W$19,1/L853<=$X$19),1/L853,0),"""")","IFERROR(IF(AND(1/RC[-11]>R19C23,1/RC[-11]<=R19C24),1/RC[-11],0),"""")"
X853,UTILIZATION,102bfd8013f27758e7c0,,,,"IFERROR(IF(AND(1/L853>$X$19,1/L853<=$Y$19),1/L853,0),"""")","IFERROR(IF(AND(1/RC[-12]>R19C24,1/RC[-12]<=R19C25),1/RC[-12],0),"""")"
Y853,UTILIZATION,2d4c8f3ea18940579bdf,,,,"IFERROR(IF(1/L853>$Y$19,1/L853,0),"""")","IFERROR(IF(1/RC[-13]>R19C25,1/RC[-13],0),"""")"
Z853,UTILIZATION,28ac2bdd4846fc6e2a7f,#DIV/0!,,,"IF(N853<>"""",(N853-$N$17)/1000,1/0)","IF(RC[-12]<>"""",(RC[-12]-R17C14)/1000,1/0)"
AA853,UTILIZATION,1aafe524f4bc30e7637c,#DIV/0!,,,"IF(O853<>"""",(O853-$O$17)/1000,1/0)","IF(RC[-12]<>"""",(RC[-12]-R17C15)/1000,1/0)"
V854,UNCLASSIFIED,e3b0c44298fc1c149afb,,,,,
W854,UNCLASSIFIED,e3b0c44298fc1c149afb,,,,,
X854,UNCLASSIFIED,e3b0c44298fc1c149afb,,,,,
Y854,UNCLASSIFIED,e3b0c44298fc1c149afb,,,,,
Z854,UNCLASSIFIED,e3b0c44298fc1c149afb,#DIV/0!,,,,
AA854,UNCLASSIFIED,e3b0c44298fc1c149afb,#DIV/0!,,,,
V855,UNCLASSIFIED,e3b0c44298fc1c149afb,,,,,
W855,UNCLASSIFIED,e3b0c44298fc1c149afb,,,,,
X855,UNCLASSIFIED,e3b0c44298fc1c149afb,,,,,
Y855,UNCLASSIFIED,e3b0c44298fc1c149afb,,,,,
Z855,UNCLASSIFIED,e3b0c44298fc1c149afb,#DIV/0!,,,,
AA855,UNCLASSIFIED,e3b0c44298fc1c149afb,#DIV/0!,,,,
V856,UNCLASSIFIED,e3b0c44298fc1c149afb,,,,,
W856,UNCLASSIFIED,e3b0c44298fc1c149afb,,,,,
X856,UNCLASSIFIED,e3b0c44298fc1c149afb,,,,,
Y856,UNCLASSIFIED,e3b0c44298fc1c149afb,,,,,
Z856,UNCLASSIFIED,e3b0c44298fc1c149afb,#DIV/0!,,,,
AA856,UNCLASSIFIED,e3b0c44298fc1c149afb,#DIV/0!,,,,
V857,UNCLASSIFIED,e3b0c44298fc1c149afb,,,,,
W857,UNCLASSIFIED,e3b0c44298fc1c149afb,,,,,
X857,UNCLASSIFIED,e3b0c44298fc1c149afb,,,,,
Y857,UNCLASSIFIED,e3b0c44298fc1c149afb,,,,,
Z857,UNCLASSIFIED,e3b0c44298fc1c149afb,#DIV/0!,,,,
AA857,UNCLASSIFIED,e3b0c44298fc1c149afb,#DIV/0!,,,,
V858,UNCLASSIFIED,e3b0c44298fc1c149afb,,,,,
W858,UNCLASSIFIED,e3b0c44298fc1c149afb,,,,,
X858,UNCLASSIFIED,e3b0c44298fc1c149afb,,,,,
Y858,UNCLASSIFIED,e3b0c44298fc1c149afb,,,,,
Z858,UNCLASSIFIED,e3b0c44298fc1c149afb,#DIV/0!,,,,
AA858,UNCLASSIFIED,e3b0c44298fc1c149afb,#DIV/0!,,,,
V859,UNCLASSIFIED,e3b0c44298fc1c149afb,,,,,
W859,UNCLASSIFIED,e3b0c44298fc1c149afb,,,,,
X859,UNCLASSIFIED,e3b0c44298fc1c149afb,,,,,
Y859,UNCLASSIFIED,e3b0c44298fc1c149afb,,,,,
Z859,UNCLASSIFIED,e3b0c44298fc1c149afb,#DIV/0!,,,,
AA859,UNCLASSIFIED,e3b0c44298fc1c149afb,#DIV/0!,,,,
V860,UNCLASSIFIED,e3b0c44298fc1c149afb,,,,,
W860,UNCLASSIFIED,e3b0c44298fc1c149afb,,,,,
X860,UNCLASSIFIED,e3b0c44298fc1c149afb,,,,,
Y860,UNCLASSIFIED,e3b0c44298fc1c149afb,,,,,
Z860,UNCLASSIFIED,e3b0c44298fc1c149afb,#DIV/0!,,,,
AA860,UNCLASSIFIED,e3b0c44298fc1c149afb,#DIV/0!,,,,
V861,UNCLASSIFIED,e3b0c44298fc1c149afb,,,,,
W861,UNCLASSIFIED,e3b0c44298fc1c149afb,,,,,
X861,UNCLASSIFIED,e3b0c44298fc1c149afb,,,,,
Y861,UNCLASSIFIED,e3b0c44298fc1c149afb,,,,,
Z861,UNCLASSIFIED,e3b0c44298fc1c149afb,#DIV/0!,,,,
AA861,UNCLASSIFIED,e3b0c44298fc1c149afb,#DIV/0!,,,,
V862,UNCLASSIFIED,e3b0c44298fc1c149afb,,,,,
W862,UNCLASSIFIED,e3b0c44298fc1c149afb,,,,,
X862,UNCLASSIFIED,e3b0c44298fc1c149afb,,,,,
Y862,UNCLASSIFIED,e3b0c44298fc1c149afb,,,,,
Z862,UNCLASSIFIED,e3b0c44298fc1c149afb,#DIV/0!,,,,
AA862,UNCLASSIFIED,e3b0c44298fc1c149afb,#DIV/0!,,,,
V863,UNCLASSIFIED,e3b0c44298fc1c149afb,,,,,
W863,UNCLASSIFIED,e3b0c44298fc1c149afb,,,,,
X863,UNCLASSIFIED,e3b0c44298fc1c149afb,,,,,
Y863,UNCLASSIFIED,e3b0c44298fc1c149afb,,,,,
Z863,UNCLASSIFIED,e3b0c44298fc1c149afb,#DIV/0!,,,,
AA863,UNCLASSIFIED,e3b0c44298fc1c149afb,#DIV/0!,,,,
V864,UNCLASSIFIED,e3b0c44298fc1c149afb,,,,,
W864,UNCLASSIFIED,e3b0c44298fc1c149afb,,,,,
X864,UNCLASSIFIED,e3b0c44298fc1c149afb,,,,,
Y864,UNCLASSIFIED,e3b0c44298fc1c149afb,,,,,
Z864,UNCLASSIFIED,e3b0c44298fc1c149afb,#DIV/0!,,,,
AA864,UNCLASSIFIED,e3b0c44298fc1c149afb,#DIV/0!,,,,
V865,UNCLASSIFIED,e3b0c44298fc1c149afb,,,,,
W865,UNCLASSIFIED,e3b0c44298fc1c149afb,,,,,
X865,UNCLASSIFIED,e3b0c44298fc1c149afb,,,,,
Y865,UNCLASSIFIED,e3b0c44298fc1c149afb,,,,,
Z865,UNCLASSIFIED,e3b0c44298fc1c149afb,#DIV/0!,,,,
AA865,UNCLASSIFIED,e3b0c44298fc1c149afb,#DIV/0!,,,,
V866,UNCLASSIFIED,e3b0c44298fc1c149afb,,,,,
W866,UNCLASSIFIED,e3b0c44298fc1c149afb,,,,,
X866,UNCLASSIFIED,e3b0c44298fc1c149afb,,,,,
Y866,UNCLASSIFIED,e3b0c44298fc1c149afb,,,,,
Z866,UNCLASSIFIED,e3b0c44298fc1c149afb,#DIV/0!,,,,
AA866,UNCLASSIFIED,e3b0c44298fc1c149afb,#DIV/0!,,,,
V867,UNCLASSIFIED,e3b0c44298fc1c149afb,,,,,
W867,UNCLASSIFIED,e3b0c44298fc1c149afb,,,,,
X867,UNCLASSIFIED,e3b0c44298fc1c149afb,,,,,
Y867,UNCLASSIFIED,e3b0c44298fc1c149afb,,,,,
Z867,UNCLASSIFIED,e3b0c44298fc1c149afb,#DIV/0!,,,,
AA867,UNCLASSIFIED,e3b0c44298fc1c149afb,#DIV/0!,,,,
V868,UNCLASSIFIED,e3b0c44298fc1c149afb,,,,,
W868,UNCLASSIFIED,e3b0c44298fc1c149afb,,,,,
X868,UNCLASSIFIED,e3b0c44298fc1c149afb,,,,,
Y868,UNCLASSIFIED,e3b0c44298fc1c149afb,,,,,
Z868,UNCLASSIFIED,e3b0c44298fc1c149afb,#DIV/0!,,,,
AA868,UNCLASSIFIED,e3b0c44298fc1c149afb,#DIV/0!,,,,
V869,UNCLASSIFIED,e3b0c44298fc1c149afb,,,,,
W869,UNCLASSIFIED,e3b0c44298fc1c149afb,,,,,
X869,UNCLASSIFIED,e3b0c44298fc1c149afb,,,,,
Y869,UNCLASSIFIED,e3b0c44298fc1c149afb,,,,,
Z869,UNCLASSIFIED,e3b0c44298fc1c149afb,#DIV/0!,,,,
AA869,UNCLASSIFIED,e3b0c44298fc1c149afb,#DIV/0!,,,,
V870,UNCLASSIFIED,e3b0c44298fc1c149afb,,,,,
W870,UNCLASSIFIED,e3b0c44298fc1c149afb,,,,,
X870,UNCLASSIFIED,e3b0c44298fc1c149afb,,,,,
Y870,UNCLASSIFIED,e3b0c44298fc1c149afb,,,,,
Z870,UNCLASSIFIED,e3b0c44298fc1c149afb,#DIV/0!,,,,
AA870,UNCLASSIFIED,e3b0c44298fc1c149afb,#DIV/0!,,,,
V871,UNCLASSIFIED,e3b0c44298fc1c149afb,,,,,
W871,UNCLASSIFIED,e3b0c44298fc1c149afb,,,,,
X871,UNCLASSIFIED,e3b0c44298fc1c149afb,,,,,
Y871,UNCLASSIFIED,e3b0c44298fc1c149afb,,,,,
Z871,UNCLASSIFIED,e3b0c44298fc1c149afb,#DIV/0!,,,,
AA871,UNCLASSIFIED,e3b0c44298fc1c149afb,#DIV/0!,,,,
V872,UNCLASSIFIED,e3b0c44298fc1c149afb,,,,,
W872,UNCLASSIFIED,e3b0c44298fc1c149afb,,,,,
X872,UNCLASSIFIED,e3b0c44298fc1c149afb,,,,,
Y872,UNCLASSIFIED,e3b0c44298fc1c149afb,,,,,
Z872,UNCLASSIFIED,e3b0c44298fc1c149afb,#DIV/0!,,,,
AA872,UNCLASSIFIED,e3b0c44298fc1c149afb,#DIV/0!,,,,
V873,UNCLASSIFIED,e3b0c44298fc1c149afb,,,,,
W873,UNCLASSIFIED,e3b0c44298fc1c149afb,,,,,
X873,UNCLASSIFIED,e3b0c44298fc1c149afb,,,,,
Y873,UNCLASSIFIED,e3b0c44298fc1c149afb,,,,,
Z873,UNCLASSIFIED,e3b0c44298fc1c149afb,#DIV/0!,,,,
AA873,UNCLASSIFIED,e3b0c44298fc1c149afb,#DIV/0!,,,,
V874,UNCLASSIFIED,e3b0c44298fc1c149afb,,,,,
W874,UNCLASSIFIED,e3b0c44298fc1c149afb,,,,,
X874,UNCLASSIFIED,e3b0c44298fc1c149afb,,,,,
Y874,UNCLASSIFIED,e3b0c44298fc1c149afb,,,,,
Z874,UNCLASSIFIED,e3b0c44298fc1c149afb,#DIV/0!,,,,
AA874,UNCLASSIFIED,e3b0c44298fc1c149afb,#DIV/0!,,,,
V875,UNCLASSIFIED,e3b0c44298fc1c149afb,,,,,
W875,UNCLASSIFIED,e3b0c44298fc1c149afb,,,,,
X875,UNCLASSIFIED,e3b0c44298fc1c149afb,,,,,
Y875,UNCLASSIFIED,e3b0c44298fc1c149afb,,,,,
Z875,UNCLASSIFIED,e3b0c44298fc1c149afb,#DIV/0!,,,,
AA875,UNCLASSIFIED,e3b0c44298fc1c149afb,#DIV/0!,,,,
V876,UNCLASSIFIED,e3b0c44298fc1c149afb,,,,,
W876,UNCLASSIFIED,e3b0c44298fc1c149afb,,,,,
X876,UNCLASSIFIED,e3b0c44298fc1c149afb,,,,,
Y876,UNCLASSIFIED,e3b0c44298fc1c149afb,,,,,
Z876,UNCLASSIFIED,e3b0c44298fc1c149afb,#DIV/0!,,,,
AA876,UNCLASSIFIED,e3b0c44298fc1c149afb,#DIV/0!,,,,
V877,UNCLASSIFIED,e3b0c44298fc1c149afb,,,,,
W877,UNCLASSIFIED,e3b0c44298fc1c149afb,,,,,
X877,UNCLASSIFIED,e3b0c44298fc1c149afb,,,,,
Y877,UNCLASSIFIED,e3b0c44298fc1c149afb,,,,,
Z877,UNCLASSIFIED,e3b0c44298fc1c149afb,#DIV/0!,,,,
AA877,UNCLASSIFIED,e3b0c44298fc1c149afb,#DIV/0!,,,,
V878,UNCLASSIFIED,e3b0c44298fc1c149afb,,,,,
W878,UNCLASSIFIED,e3b0c44298fc1c149afb,,,,,
X878,UNCLASSIFIED,e3b0c44298fc1c149afb,,,,,
Y878,UNCLASSIFIED,e3b0c44298fc1c149afb,,,,,
Z878,UNCLASSIFIED,e3b0c44298fc1c149afb,#DIV/0!,,,,
AA878,UNCLASSIFIED,e3b0c44298fc1c149afb,#DIV/0!,,,,
V879,UNCLASSIFIED,e3b0c44298fc1c149afb,,,,,
W879,UNCLASSIFIED,e3b0c44298fc1c149afb,,,,,
X879,UNCLASSIFIED,e3b0c44298fc1c149afb,,,,,
Y879,UNCLASSIFIED,e3b0c44298fc1c149afb,,,,,
Z879,UNCLASSIFIED,e3b0c44298fc1c149afb,#DIV/0!,,,,
AA879,UNCLASSIFIED,e3b0c44298fc1c149afb,#DIV/0!,,,,
V880,UNCLASSIFIED,e3b0c44298fc1c149afb,,,,,
W880,UNCLASSIFIED,e3b0c44298fc1c149afb,,,,,
X880,UNCLASSIFIED,e3b0c44298fc1c149afb,,,,,
Y880,UNCLASSIFIED,e3b0c44298fc1c149afb,,,,,
Z880,UNCLASSIFIED,e3b0c44298fc1c149afb,#DIV/0!,,,,
AA880,UNCLASSIFIED,e3b0c44298fc1c149afb,#DIV/0!,,,,
V881,UNCLASSIFIED,e3b0c44298fc1c149afb,,,,,
W881,UNCLASSIFIED,e3b0c44298fc1c149afb,,,,,
X881,UNCLASSIFIED,e3b0c44298fc1c149afb,,,,,
Y881,UNCLASSIFIED,e3b0c44298fc1c149afb,,,,,
Z881,UNCLASSIFIED,e3b0c44298fc1c149afb,#DIV/0!,,,,
AA881,UNCLASSIFIED,e3b0c44298fc1c149afb,#DIV/0!,,,,
V882,UNCLASSIFIED,e3b0c44298fc1c149afb,,,,,
W882,UNCLASSIFIED,e3b0c44298fc1c149afb,,,,,
X882,UNCLASSIFIED,e3b0c44298fc1c149afb,,,,,
Y882,UNCLASSIFIED,e3b0c44298fc1c149afb,,,,,
Z882,UNCLASSIFIED,e3b0c44298fc1c149afb,#DIV/0!,,,,
AA882,UNCLASSIFIED,e3b0c44298fc1c149afb,#DIV/0!,,,,
V883,UNCLASSIFIED,e3b0c44298fc1c149afb,,,,,
W883,UNCLASSIFIED,e3b0c44298fc1c149afb,,,,,
X883,UNCLASSIFIED,e3b0c44298fc1c149afb,,,,,
Y883,UNCLASSIFIED,e3b0c44298fc1c149afb,,,,,
Z883,UNCLASSIFIED,e3b0c44298fc1c149afb,#DIV/0!,,,,
AA883,UNCLASSIFIED,e3b0c44298fc1c149afb,#DIV/0!,,,,
V884,UNCLASSIFIED,e3b0c44298fc1c149afb,,,,,
W884,UNCLASSIFIED,e3b0c44298fc1c149afb,,,,,
X884,UNCLASSIFIED,e3b0c44298fc1c149afb,,,,,
Y884,UNCLASSIFIED,e3b0c44298fc1c149afb,,,,,
Z884,UNCLASSIFIED,e3b0c44298fc1c149afb,#DIV/0!,,,,
AA884,UNCLASSIFIED,e3b0c44298fc1c149afb,#DIV/0!,,,,
V885,UNCLASSIFIED,e3b0c44298fc1c149afb,,,,,
W885,UNCLASSIFIED,e3b0c44298fc1c149afb,,,,,
X885,UNCLASSIFIED,e3b0c44298fc1c149afb,,,,,
Y885,UNCLASSIFIED,e3b0c44298fc1c149afb,,,,,
Z885,UNCLASSIFIED,e3b0c44298fc1c149afb,#DIV/0!,,,,
AA885,UNCLASSIFIED,e3b0c44298fc1c149afb,#DIV/0!,,,,
V886,UNCLASSIFIED,e3b0c44298fc1c149afb,,,,,
W886,UNCLASSIFIED,e3b0c44298fc1c149afb,,,,,
X886,UNCLASSIFIED,e3b0c44298fc1c149afb,,,,,
Y886,UNCLASSIFIED,e3b0c44298fc1c149afb,,,,,
Z886,UNCLASSIFIED,e3b0c44298fc1c149afb,#DIV/0!,,,,
AA886,UNCLASSIFIED,e3b0c44298fc1c149afb,#DIV/0!,,,,
V887,UNCLASSIFIED,e3b0c44298fc1c149afb,,,,,
W887,UNCLASSIFIED,e3b0c44298fc1c149afb,,,,,
X887,UNCLASSIFIED,e3b0c44298fc1c149afb,,,,,
Y887,UNCLASSIFIED,e3b0c44298fc1c149afb,,,,,
Z887,UNCLASSIFIED,e3b0c44298fc1c149afb,#DIV/0!,,,,
AA887,UNCLASSIFIED,e3b0c44298fc1c149afb,#DIV/0!,,,,
V888,UNCLASSIFIED,e3b0c44298fc1c149afb,,,,,
W888,UNCLASSIFIED,e3b0c44298fc1c149afb,,,,,
X888,UNCLASSIFIED,e3b0c44298fc1c149afb,,,,,
Y888,UNCLASSIFIED,e3b0c44298fc1c149afb,,,,,
Z888,UNCLASSIFIED,e3b0c44298fc1c149afb,#DIV/0!,,,,
AA888,UNCLASSIFIED,e3b0c44298fc1c149afb,#DIV/0!,,,,
V889,UNCLASSIFIED,e3b0c44298fc1c149afb,,,,,
W889,UNCLASSIFIED,e3b0c44298fc1c149afb,,,,,
X889,UNCLASSIFIED,e3b0c44298fc1c149afb,,,,,
Y889,UNCLASSIFIED,e3b0c44298fc1c149afb,,,,,
Z889,UNCLASSIFIED,e3b0c44298fc1c149afb,#DIV/0!,,,,
AA889,UNCLASSIFIED,e3b0c44298fc1c149afb,#DIV/0!,,,,
V890,UNCLASSIFIED,e3b0c44298fc1c149afb,,,,,
W890,UNCLASSIFIED,e3b0c44298fc1c149afb,,,,,
X890,UNCLASSIFIED,e3b0c44298fc1c149afb,,,,,
Y890,UNCLASSIFIED,e3b0c44298fc1c149afb,,,,,
Z890,UNCLASSIFIED,e3b0c44298fc1c149afb,#DIV/0!,,,,
AA890,UNCLASSIFIED,e3b0c44298fc1c149afb,#DIV/0!,,,,
V891,UNCLASSIFIED,e3b0c44298fc1c149afb,,,,,
W891,UNCLASSIFIED,e3b0c44298fc1c149afb,,,,,
X891,UNCLASSIFIED,e3b0c44298fc1c149afb,,,,,
Y891,UNCLASSIFIED,e3b0c44298fc1c149afb,,,,,
Z891,UNCLASSIFIED,e3b0c44298fc1c149afb,#DIV/0!,,,,
AA891,UNCLASSIFIED,e3b0c44298fc1c149afb,#DIV/0!,,,,
V892,UNCLASSIFIED,e3b0c44298fc1c149afb,,,,,
W892,UNCLASSIFIED,e3b0c44298fc1c149afb,,,,,
X892,UNCLASSIFIED,e3b0c44298fc1c149afb,,,,,
Y892,UNCLASSIFIED,e3b0c44298fc1c149afb,,,,,
Z892,UNCLASSIFIED,e3b0c44298fc1c149afb,#DIV/0!,,,,
AA892,UNCLASSIFIED,e3b0c44298fc1c149afb,#DIV/0!,,,,
V893,UNCLASSIFIED,e3b0c44298fc1c149afb,,,,,
W893,UNCLASSIFIED,e3b0c44298fc1c149afb,,,,,
X893,UNCLASSIFIED,e3b0c44298fc1c149afb,,,,,
Y893,UNCLASSIFIED,e3b0c44298fc1c149afb,,,,,
Z893,UNCLASSIFIED,e3b0c44298fc1c149afb,#DIV/0!,,,,
AA893,UNCLASSIFIED,e3b0c44298fc1c149afb,#DIV/0!,,,,
V894,UNCLASSIFIED,e3b0c44298fc1c149afb,,,,,
W894,UNCLASSIFIED,e3b0c44298fc1c149afb,,,,,
X894,UNCLASSIFIED,e3b0c44298fc1c149afb,,,,,
Y894,UNCLASSIFIED,e3b0c44298fc1c149afb,,,,,
Z894,UNCLASSIFIED,e3b0c44298fc1c149afb,#DIV/0!,,,,
AA894,UNCLASSIFIED,e3b0c44298fc1c149afb,#DIV/0!,,,,
V895,UNCLASSIFIED,e3b0c44298fc1c149afb,,,,,
W895,UNCLASSIFIED,e3b0c44298fc1c149afb,,,,,
X895,UNCLASSIFIED,e3b0c44298fc1c149afb,,,,,
Y895,UNCLASSIFIED,e3b0c44298fc1c149afb,,,,,
Z895,UNCLASSIFIED,e3b0c44298fc1c149afb,#DIV/0!,,,,
AA895,UNCLASSIFIED,e3b0c44298fc1c149afb,#DIV/0!,,,,
V896,UNCLASSIFIED,e3b0c44298fc1c149afb,,,,,
W896,UNCLASSIFIED,e3b0c44298fc1c149afb,,,,,
X896,UNCLASSIFIED,e3b0c44298fc1c149afb,,,,,
Y896,UNCLASSIFIED,e3b0c44298fc1c149afb,,,,,
Z896,UNCLASSIFIED,e3b0c44298fc1c149afb,#DIV/0!,,,,
AA896,UNCLASSIFIED,e3b0c44298fc1c149afb,#DIV/0!,,,,
V897,UNCLASSIFIED,e3b0c44298fc1c149afb,,,,,
W897,UNCLASSIFIED,e3b0c44298fc1c149afb,,,,,
X897,UNCLASSIFIED,e3b0c44298fc1c149afb,,,,,
Y897,UNCLASSIFIED,e3b0c44298fc1c149afb,,,,,
Z897,UNCLASSIFIED,e3b0c44298fc1c149afb,#DIV/0!,,,,
AA897,UNCLASSIFIED,e3b0c44298fc1c149afb,#DIV/0!,,,,
V898,UNCLASSIFIED,e3b0c44298fc1c149afb,,,,,
W898,UNCLASSIFIED,e3b0c44298fc1c149afb,,,,,
X898,UNCLASSIFIED,e3b0c44298fc1c149afb,,,,,
Y898,UNCLASSIFIED,e3b0c44298fc1c149afb,,,,,
Z898,UNCLASSIFIED,e3b0c44298fc1c149afb,#DIV/0!,,,,
AA898,UNCLASSIFIED,e3b0c44298fc1c149afb,#DIV/0!,,,,
V899,UNCLASSIFIED,e3b0c44298fc1c149afb,,,,,
W899,UNCLASSIFIED,e3b0c44298fc1c149afb,,,,,
X899,UNCLASSIFIED,e3b0c44298fc1c149afb,,,,,
Y899,UNCLASSIFIED,e3b0c44298fc1c149afb,,,,,
Z899,UNCLASSIFIED,e3b0c44298fc1c149afb,#DIV/0!,,,,
AA899,UNCLASSIFIED,e3b0c44298fc1c149afb,#DIV/0!,,,,
V900,UNCLASSIFIED,e3b0c44298fc1c149afb,,,,,
W900,UNCLASSIFIED,e3b0c44298fc1c149afb,,,,,
X900,UNCLASSIFIED,e3b0c44298fc1c149afb,,,,,
Y900,UNCLASSIFIED,e3b0c44298fc1c149afb,,,,,
Z900,UNCLASSIFIED,e3b0c44298fc1c149afb,#DIV/0!,,,,
AA900,UNCLASSIFIED,e3b0c44298fc1c149afb,#DIV/0!,,,,
V901,UNCLASSIFIED,e3b0c44298fc1c149afb,,,,,
W901,UNCLASSIFIED,e3b0c44298fc1c149afb,,,,,
X901,UNCLASSIFIED,e3b0c44298fc1c149afb,,,,,
Y901,UNCLASSIFIED,e3b0c44298fc1c149afb,,,,,
Z901,UNCLASSIFIED,e3b0c44298fc1c149afb,#DIV/0!,,,,
AA901,UNCLASSIFIED,e3b0c44298fc1c149afb,#DIV/0!,,,,
V902,UNCLASSIFIED,e3b0c44298fc1c149afb,,,,,
W902,UNCLASSIFIED,e3b0c44298fc1c149afb,,,,,
X902,UNCLASSIFIED,e3b0c44298fc1c149afb,,,,,
Y902,UNCLASSIFIED,e3b0c44298fc1c149afb,,,,,
Z902,UNCLASSIFIED,e3b0c44298fc1c149afb,#DIV/0!,,,,
AA902,UNCLASSIFIED,e3b0c44298fc1c149afb,#DIV/0!,,,,
V903,UNCLASSIFIED,e3b0c44298fc1c149afb,,,,,
W903,UNCLASSIFIED,e3b0c44298fc1c149afb,,,,,
X903,UNCLASSIFIED,e3b0c44298fc1c149afb,,,,,
Y903,UNCLASSIFIED,e3b0c44298fc1c149afb,,,,,
Z903,UNCLASSIFIED,e3b0c44298fc1c149afb,#DIV/0!,,,,
AA903,UNCLASSIFIED,e3b0c44298fc1c149afb,#DIV/0!,,,,
V904,UNCLASSIFIED,e3b0c44298fc1c149afb,,,,,
W904,UNCLASSIFIED,e3b0c44298fc1c149afb,,,,,
X904,UNCLASSIFIED,e3b0c44298fc1c149afb,,,,,
Y904,UNCLASSIFIED,e3b0c44298fc1c149afb,,,,,
Z904,UNCLASSIFIED,e3b0c44298fc1c149afb,#DIV/0!,,,,
AA904,UNCLASSIFIED,e3b0c44298fc1c149afb,#DIV/0!,,,,
V905,UNCLASSIFIED,e3b0c44298fc1c149afb,,,,,
W905,UNCLASSIFIED,e3b0c44298fc1c149afb,,,,,
X905,UNCLASSIFIED,e3b0c44298fc1c149afb,,,,,
Y905,UNCLASSIFIED,e3b0c44298fc1c149afb,,,,,
Z905,UNCLASSIFIED,e3b0c44298fc1c149afb,#DIV/0!,,,,
AA905,UNCLASSIFIED,e3b0c44298fc1c149afb,#DIV/0!,,,,
V906,UNCLASSIFIED,e3b0c44298fc1c149afb,,,,,
W906,UNCLASSIFIED,e3b0c44298fc1c149afb,,,,,
X906,UNCLASSIFIED,e3b0c44298fc1c149afb,,,,,
Y906,UNCLASSIFIED,e3b0c44298fc1c149afb,,,,,
Z906,UNCLASSIFIED,e3b0c44298fc1c149afb,#DIV/0!,,,,
AA906,UNCLASSIFIED,e3b0c44298fc1c149afb,#DIV/0!,,,,
V907,UNCLASSIFIED,e3b0c44298fc1c149afb,,,,,
W907,UNCLASSIFIED,e3b0c44298fc1c149afb,,,,,
X907,UNCLASSIFIED,e3b0c44298fc1c149afb,,,,,
Y907,UNCLASSIFIED,e3b0c44298fc1c149afb,,,,,
Z907,UNCLASSIFIED,e3b0c44298fc1c149afb,#DIV/0!,,,,
AA907,UNCLASSIFIED,e3b0c44298fc1c149afb,#DIV/0!,,,,
V908,UNCLASSIFIED,e3b0c44298fc1c149afb,,,,,
W908,UNCLASSIFIED,e3b0c44298fc1c149afb,,,,,
X908,UNCLASSIFIED,e3b0c44298fc1c149afb,,,,,
Y908,UNCLASSIFIED,e3b0c44298fc1c149afb,,,,,
Z908,UNCLASSIFIED,e3b0c44298fc1c149afb,#DIV/0!,,,,
AA908,UNCLASSIFIED,e3b0c44298fc1c149afb,#DIV/0!,,,,
V909,UNCLASSIFIED,e3b0c44298fc1c149afb,,,,,
W909,UNCLASSIFIED,e3b0c44298fc1c149afb,,,,,
X909,UNCLASSIFIED,e3b0c44298fc1c149afb,,,,,
Y909,UNCLASSIFIED,e3b0c44298fc1c149afb,,,,,
Z909,UNCLASSIFIED,e3b0c44298fc1c149afb,#DIV/0!,,,,
AA909,UNCLASSIFIED,e3b0c44298fc1c149afb,#DIV/0!,,,,
V910,UNCLASSIFIED,e3b0c44298fc1c149afb,,,,,
W910,UNCLASSIFIED,e3b0c44298fc1c149afb,,,,,
X910,UNCLASSIFIED,e3b0c44298fc1c149afb,,,,,
Y910,UNCLASSIFIED,e3b0c44298fc1c149afb,,,,,
Z910,UNCLASSIFIED,e3b0c44298fc1c149afb,#DIV/0!,,,,
AA910,UNCLASSIFIED,e3b0c44298fc1c149afb,#DIV/0!,,,,
V911,UNCLASSIFIED,e3b0c44298fc1c149afb,,,,,
W911,UNCLASSIFIED,e3b0c44298fc1c149afb,,,,,
X911,UNCLASSIFIED,e3b0c44298fc1c149afb,,,,,
Y911,UNCLASSIFIED,e3b0c44298fc1c149afb,,,,,
Z911,UNCLASSIFIED,e3b0c44298fc1c149afb,#DIV/0!,,,,
AA911,UNCLASSIFIED,e3b0c44298fc1c149afb,#DIV/0!,,,,
V912,UNCLASSIFIED,e3b0c44298fc1c149afb,,,,,
W912,UNCLASSIFIED,e3b0c44298fc1c149afb,,,,,
X912,UNCLASSIFIED,e3b0c44298fc1c149afb,,,,,
Y912,UNCLASSIFIED,e3b0c44298fc1c149afb,,,,,
Z912,UNCLASSIFIED,e3b0c44298fc1c149afb,#DIV/0!,,,,
AA912,UNCLASSIFIED,e3b0c44298fc1c149afb,#DIV/0!,,,,
V913,UNCLASSIFIED,e3b0c44298fc1c149afb,,,,,
W913,UNCLASSIFIED,e3b0c44298fc1c149afb,,,,,
X913,UNCLASSIFIED,e3b0c44298fc1c149afb,,,,,
Y913,UNCLASSIFIED,e3b0c44298fc1c149afb,,,,,
Z913,UNCLASSIFIED,e3b0c44298fc1c149afb,#DIV/0!,,,,
AA913,UNCLASSIFIED,e3b0c44298fc1c149afb,#DIV/0!,,,,
V914,UNCLASSIFIED,e3b0c44298fc1c149afb,,,,,
W914,UNCLASSIFIED,e3b0c44298fc1c149afb,,,,,
X914,UNCLASSIFIED,e3b0c44298fc1c149afb,,,,,
Y914,UNCLASSIFIED,e3b0c44298fc1c149afb,,,,,
Z914,UNCLASSIFIED,e3b0c44298fc1c149afb,#DIV/0!,,,,
AA914,UNCLASSIFIED,e3b0c44298fc1c149afb,#DIV/0!,,,,
V915,UNCLASSIFIED,e3b0c44298fc1c149afb,,,,,
W915,UNCLASSIFIED,e3b0c44298fc1c149afb,,,,,
X915,UNCLASSIFIED,e3b0c44298fc1c149afb,,,,,
Y915,UNCLASSIFIED,e3b0c44298fc1c149afb,,,,,
Z915,UNCLASSIFIED,e3b0c44298fc1c149afb,#DIV/0!,,,,
AA915,UNCLASSIFIED,e3b0c44298fc1c149afb,#DIV/0!,,,,
V916,UNCLASSIFIED,e3b0c44298fc1c149afb,,,,,
W916,UNCLASSIFIED,e3b0c44298fc1c149afb,,,,,
X916,UNCLASSIFIED,e3b0c44298fc1c149afb,,,,,
Y916,UNCLASSIFIED,e3b0c44298fc1c149afb,,,,,
Z916,UNCLASSIFIED,e3b0c44298fc1c149afb,#DIV/0!,,,,
AA916,UNCLASSIFIED,e3b0c44298fc1c149afb,#DIV/0!,,,,
V917,UTILIZATION,b070dbb90878a1f60ba9,,,,"IFERROR(IF(AND(1/L917>$V$19,1/L917<=$W$19),1/L917,0),"""")","IFERROR(IF(AND(1/RC[-10]>R19C22,1/RC[-10]<=R19C23),1/RC[-10],0),"""")"
W917,UTILIZATION,de0a5dbfc5cc172602ba,,,,"IFERROR(IF(AND(1/L917>$W$19,1/L917<=$X$19),1/L917,0),"""")","IFERROR(IF(AND(1/RC[-11]>R19C23,1/RC[-11]<=R19C24),1/RC[-11],0),"""")"
X917,UTILIZATION,102bfd8013f27758e7c0,,,,"IFERROR(IF(AND(1/L917>$X$19,1/L917<=$Y$19),1/L917,0),"""")","IFERROR(IF(AND(1/RC[-12]>R19C24,1/RC[-12]<=R19C25),1/RC[-12],0),"""")"
Y917,UTILIZATION,2d4c8f3ea18940579bdf,,,,"IFERROR(IF(1/L917>$Y$19,1/L917,0),"""")","IFERROR(IF(1/RC[-13]>R19C25,1/RC[-13],0),"""")"
Z917,UTILIZATION,28ac2bdd4846fc6e2a7f,#DIV/0!,,,"IF(N917<>"""",(N917-$N$17)/1000,1/0)","IF(RC[-12]<>"""",(RC[-12]-R17C14)/1000,1/0)"
AA917,UTILIZATION,1aafe524f4bc30e7637c,#DIV/0!,,,"IF(O917<>"""",(O917-$O$17)/1000,1/0)","IF(RC[-12]<>"""",(RC[-12]-R17C15)/1000,1/0)"
V918,UNCLASSIFIED,e3b0c44298fc1c149afb,,,,,
W918,UNCLASSIFIED,e3b0c44298fc1c149afb,,,,,
X918,UNCLASSIFIED,e3b0c44298fc1c149afb,,,,,
Y918,UNCLASSIFIED,e3b0c44298fc1c149afb,,,,,
Z918,UNCLASSIFIED,e3b0c44298fc1c149afb,#DIV/0!,,,,
AA918,UNCLASSIFIED,e3b0c44298fc1c149afb,#DIV/0!,,,,
V919,UNCLASSIFIED,e3b0c44298fc1c149afb,,,,,
W919,UNCLASSIFIED,e3b0c44298fc1c149afb,,,,,
X919,UNCLASSIFIED,e3b0c44298fc1c149afb,,,,,
Y919,UNCLASSIFIED,e3b0c44298fc1c149afb,,,,,
Z919,UNCLASSIFIED,e3b0c44298fc1c149afb,#DIV/0!,,,,
AA919,UNCLASSIFIED,e3b0c44298fc1c149afb,#DIV/0!,,,,
V920,UNCLASSIFIED,e3b0c44298fc1c149afb,,,,,
W920,UNCLASSIFIED,e3b0c44298fc1c149afb,,,,,
X920,UNCLASSIFIED,e3b0c44298fc1c149afb,,,,,
Y920,UNCLASSIFIED,e3b0c44298fc1c149afb,,,,,
Z920,UNCLASSIFIED,e3b0c44298fc1c149afb,#DIV/0!,,,,
AA920,UNCLASSIFIED,e3b0c44298fc1c149afb,#DIV/0!,,,,
V921,UNCLASSIFIED,e3b0c44298fc1c149afb,,,,,
W921,UNCLASSIFIED,e3b0c44298fc1c149afb,,,,,
X921,UNCLASSIFIED,e3b0c44298fc1c149afb,,,,,
Y921,UNCLASSIFIED,e3b0c44298fc1c149afb,,,,,
Z921,UNCLASSIFIED,e3b0c44298fc1c149afb,#DIV/0!,,,,
AA921,UNCLASSIFIED,e3b0c44298fc1c149afb,#DIV/0!,,,,
V922,UNCLASSIFIED,e3b0c44298fc1c149afb,,,,,
W922,UNCLASSIFIED,e3b0c44298fc1c149afb,,,,,
X922,UNCLASSIFIED,e3b0c44298fc1c149afb,,,,,
Y922,UNCLASSIFIED,e3b0c44298fc1c149afb,,,,,
Z922,UNCLASSIFIED,e3b0c44298fc1c149afb,#DIV/0!,,,,
AA922,UNCLASSIFIED,e3b0c44298fc1c149afb,#DIV/0!,,,,
V923,UNCLASSIFIED,e3b0c44298fc1c149afb,,,,,
W923,UNCLASSIFIED,e3b0c44298fc1c149afb,,,,,
X923,UNCLASSIFIED,e3b0c44298fc1c149afb,,,,,
Y923,UNCLASSIFIED,e3b0c44298fc1c149afb,,,,,
Z923,UNCLASSIFIED,e3b0c44298fc1c149afb,#DIV/0!,,,,
AA923,UNCLASSIFIED,e3b0c44298fc1c149afb,#DIV/0!,,,,
V924,UNCLASSIFIED,e3b0c44298fc1c149afb,,,,,
W924,UNCLASSIFIED,e3b0c44298fc1c149afb,,,,,
X924,UNCLASSIFIED,e3b0c44298fc1c149afb,,,,,
Y924,UNCLASSIFIED,e3b0c44298fc1c149afb,,,,,
Z924,UNCLASSIFIED,e3b0c44298fc1c149afb,#DIV/0!,,,,
AA924,UNCLASSIFIED,e3b0c44298fc1c149afb,#DIV/0!,,,,
V925,UNCLASSIFIED,e3b0c44298fc1c149afb,,,,,
W925,UNCLASSIFIED,e3b0c44298fc1c149afb,,,,,
X925,UNCLASSIFIED,e3b0c44298fc1c149afb,,,,,
Y925,UNCLASSIFIED,e3b0c44298fc1c149afb,,,,,
Z925,UNCLASSIFIED,e3b0c44298fc1c149afb,#DIV/0!,,,,
AA925,UNCLASSIFIED,e3b0c44298fc1c149afb,#DIV/0!,,,,
V926,UNCLASSIFIED,e3b0c44298fc1c149afb,,,,,
W926,UNCLASSIFIED,e3b0c44298fc1c149afb,,,,,
X926,UNCLASSIFIED,e3b0c44298fc1c149afb,,,,,
Y926,UNCLASSIFIED,e3b0c44298fc1c149afb,,,,,
Z926,UNCLASSIFIED,e3b0c44298fc1c149afb,#DIV/0!,,,,
AA926,UNCLASSIFIED,e3b0c44298fc1c149afb,#DIV/0!,,,,
V927,UNCLASSIFIED,e3b0c44298fc1c149afb,,,,,
W927,UNCLASSIFIED,e3b0c44298fc1c149afb,,,,,
X927,UNCLASSIFIED,e3b0c44298fc1c149afb,,,,,
Y927,UNCLASSIFIED,e3b0c44298fc1c149afb,,,,,
Z927,UNCLASSIFIED,e3b0c44298fc1c149afb,#DIV/0!,,,,
AA927,UNCLASSIFIED,e3b0c44298fc1c149afb,#DIV/0!,,,,
V928,UNCLASSIFIED,e3b0c44298fc1c149afb,,,,,
W928,UNCLASSIFIED,e3b0c44298fc1c149afb,,,,,
X928,UNCLASSIFIED,e3b0c44298fc1c149afb,,,,,
Y928,UNCLASSIFIED,e3b0c44298fc1c149afb,,,,,
Z928,UNCLASSIFIED,e3b0c44298fc1c149afb,#DIV/0!,,,,
AA928,UNCLASSIFIED,e3b0c44298fc1c149afb,#DIV/0!,,,,
V929,UNCLASSIFIED,e3b0c44298fc1c149afb,,,,,
W929,UNCLASSIFIED,e3b0c44298fc1c149afb,,,,,
X929,UNCLASSIFIED,e3b0c44298fc1c149afb,,,,,
Y929,UNCLASSIFIED,e3b0c44298fc1c149afb,,,,,
Z929,UNCLASSIFIED,e3b0c44298fc1c149afb,#DIV/0!,,,,
AA929,UNCLASSIFIED,e3b0c44298fc1c149afb,#DIV/0!,,,,
V930,UNCLASSIFIED,e3b0c44298fc1c149afb,,,,,
W930,UNCLASSIFIED,e3b0c44298fc1c149afb,,,,,
X930,UNCLASSIFIED,e3b0c44298fc1c149afb,,,,,
Y930,UNCLASSIFIED,e3b0c44298fc1c149afb,,,,,
Z930,UNCLASSIFIED,e3b0c44298fc1c149afb,#DIV/0!,,,,
AA930,UNCLASSIFIED,e3b0c44298fc1c149afb,#DIV/0!,,,,
V931,UNCLASSIFIED,e3b0c44298fc1c149afb,,,,,
W931,UNCLASSIFIED,e3b0c44298fc1c149afb,,,,,
X931,UNCLASSIFIED,e3b0c44298fc1c149afb,,,,,
Y931,UNCLASSIFIED,e3b0c44298fc1c149afb,,,,,
Z931,UNCLASSIFIED,e3b0c44298fc1c149afb,#DIV/0!,,,,
AA931,UNCLASSIFIED,e3b0c44298fc1c149afb,#DIV/0!,,,,
V932,UNCLASSIFIED,e3b0c44298fc1c149afb,,,,,
W932,UNCLASSIFIED,e3b0c44298fc1c149afb,,,,,
X932,UNCLASSIFIED,e3b0c44298fc1c149afb,,,,,
Y932,UNCLASSIFIED,e3b0c44298fc1c149afb,,,,,
Z932,UNCLASSIFIED,e3b0c44298fc1c149afb,#DIV/0!,,,,
AA932,UNCLASSIFIED,e3b0c44298fc1c149afb,#DIV/0!,,,,
V933,UNCLASSIFIED,e3b0c44298fc1c149afb,,,,,
W933,UNCLASSIFIED,e3b0c44298fc1c149afb,,,,,
X933,UNCLASSIFIED,e3b0c44298fc1c149afb,,,,,
Y933,UNCLASSIFIED,e3b0c44298fc1c149afb,,,,,
Z933,UNCLASSIFIED,e3b0c44298fc1c149afb,#DIV/0!,,,,
AA933,UNCLASSIFIED,e3b0c44298fc1c149afb,#DIV/0!,,,,
V934,UNCLASSIFIED,e3b0c44298fc1c149afb,,,,,
W934,UNCLASSIFIED,e3b0c44298fc1c149afb,,,,,
X934,UNCLASSIFIED,e3b0c44298fc1c149afb,,,,,
Y934,UNCLASSIFIED,e3b0c44298fc1c149afb,,,,,
Z934,UNCLASSIFIED,e3b0c44298fc1c149afb,#DIV/0!,,,,
AA934,UNCLASSIFIED,e3b0c44298fc1c149afb,#DIV/0!,,,,
V935,UNCLASSIFIED,e3b0c44298fc1c149afb,,,,,
W935,UNCLASSIFIED,e3b0c44298fc1c149afb,,,,,
X935,UNCLASSIFIED,e3b0c44298fc1c149afb,,,,,
Y935,UNCLASSIFIED,e3b0c44298fc1c149afb,,,,,
Z935,UNCLASSIFIED,e3b0c44298fc1c149afb,#DIV/0!,,,,
AA935,UNCLASSIFIED,e3b0c44298fc1c149afb,#DIV/0!,,,,
V936,UNCLASSIFIED,e3b0c44298fc1c149afb,,,,,
W936,UNCLASSIFIED,e3b0c44298fc1c149afb,,,,,
X936,UNCLASSIFIED,e3b0c44298fc1c149afb,,,,,
Y936,UNCLASSIFIED,e3b0c44298fc1c149afb,,,,,
Z936,UNCLASSIFIED,e3b0c44298fc1c149afb,#DIV/0!,,,,
AA936,UNCLASSIFIED,e3b0c44298fc1c149afb,#DIV/0!,,,,
V937,UNCLASSIFIED,e3b0c44298fc1c149afb,,,,,
W937,UNCLASSIFIED,e3b0c44298fc1c149afb,,,,,
X937,UNCLASSIFIED,e3b0c44298fc1c149afb,,,,,
Y937,UNCLASSIFIED,e3b0c44298fc1c149afb,,,,,
Z937,UNCLASSIFIED,e3b0c44298fc1c149afb,#DIV/0!,,,,
AA937,UNCLASSIFIED,e3b0c44298fc1c149afb,#DIV/0!,,,,
V938,UNCLASSIFIED,e3b0c44298fc1c149afb,,,,,
W938,UNCLASSIFIED,e3b0c44298fc1c149afb,,,,,
X938,UNCLASSIFIED,e3b0c44298fc1c149afb,,,,,
Y938,UNCLASSIFIED,e3b0c44298fc1c149afb,,,,,
Z938,UNCLASSIFIED,e3b0c44298fc1c149afb,#DIV/0!,,,,
AA938,UNCLASSIFIED,e3b0c44298fc1c149afb,#DIV/0!,,,,
V939,UNCLASSIFIED,e3b0c44298fc1c149afb,,,,,
W939,UNCLASSIFIED,e3b0c44298fc1c149afb,,,,,
X939,UNCLASSIFIED,e3b0c44298fc1c149afb,,,,,
Y939,UNCLASSIFIED,e3b0c44298fc1c149afb,,,,,
Z939,UNCLASSIFIED,e3b0c44298fc1c149afb,#DIV/0!,,,,
AA939,UNCLASSIFIED,e3b0c44298fc1c149afb,#DIV/0!,,,,
V940,UNCLASSIFIED,e3b0c44298fc1c149afb,,,,,
W940,UNCLASSIFIED,e3b0c44298fc1c149afb,,,,,
X940,UNCLASSIFIED,e3b0c44298fc1c149afb,,,,,
Y940,UNCLASSIFIED,e3b0c44298fc1c149afb,,,,,
Z940,UNCLASSIFIED,e3b0c44298fc1c149afb,#DIV/0!,,,,
AA940,UNCLASSIFIED,e3b0c44298fc1c149afb,#DIV/0!,,,,
V941,UNCLASSIFIED,e3b0c44298fc1c149afb,,,,,
W941,UNCLASSIFIED,e3b0c44298fc1c149afb,,,,,
X941,UNCLASSIFIED,e3b0c44298fc1c149afb,,,,,
Y941,UNCLASSIFIED,e3b0c44298fc1c149afb,,,,,
Z941,UNCLASSIFIED,e3b0c44298fc1c149afb,#DIV/0!,,,,
AA941,UNCLASSIFIED,e3b0c44298fc1c149afb,#DIV/0!,,,,
V942,UNCLASSIFIED,e3b0c44298fc1c149afb,,,,,
W942,UNCLASSIFIED,e3b0c44298fc1c149afb,,,,,
X942,UNCLASSIFIED,e3b0c44298fc1c149afb,,,,,
Y942,UNCLASSIFIED,e3b0c44298fc1c149afb,,,,,
Z942,UNCLASSIFIED,e3b0c44298fc1c149afb,#DIV/0!,,,,
AA942,UNCLASSIFIED,e3b0c44298fc1c149afb,#DIV/0!,,,,
V943,UNCLASSIFIED,e3b0c44298fc1c149afb,,,,,
W943,UNCLASSIFIED,e3b0c44298fc1c149afb,,,,,
X943,UNCLASSIFIED,e3b0c44298fc1c149afb,,,,,
Y943,UNCLASSIFIED,e3b0c44298fc1c149afb,,,,,
Z943,UNCLASSIFIED,e3b0c44298fc1c149afb,#DIV/0!,,,,
AA943,UNCLASSIFIED,e3b0c44298fc1c149afb,#DIV/0!,,,,
V944,UNCLASSIFIED,e3b0c44298fc1c149afb,,,,,
W944,UNCLASSIFIED,e3b0c44298fc1c149afb,,,,,
X944,UNCLASSIFIED,e3b0c44298fc1c149afb,,,,,
Y944,UNCLASSIFIED,e3b0c44298fc1c149afb,,,,,
Z944,UNCLASSIFIED,e3b0c44298fc1c149afb,#DIV/0!,,,,
AA944,UNCLASSIFIED,e3b0c44298fc1c149afb,#DIV/0!,,,,
V945,UNCLASSIFIED,e3b0c44298fc1c149afb,,,,,
W945,UNCLASSIFIED,e3b0c44298fc1c149afb,,,,,
X945,UNCLASSIFIED,e3b0c44298fc1c149afb,,,,,
Y945,UNCLASSIFIED,e3b0c44298fc1c149afb,,,,,
Z945,UNCLASSIFIED,e3b0c44298fc1c149afb,#DIV/0!,,,,
AA945,UNCLASSIFIED,e3b0c44298fc1c149afb,#DIV/0!,,,,
V946,UNCLASSIFIED,e3b0c44298fc1c149afb,,,,,
W946,UNCLASSIFIED,e3b0c44298fc1c149afb,,,,,
X946,UNCLASSIFIED,e3b0c44298fc1c149afb,,,,,
Y946,UNCLASSIFIED,e3b0c44298fc1c149afb,,,,,
Z946,UNCLASSIFIED,e3b0c44298fc1c149afb,#DIV/0!,,,,
AA946,UNCLASSIFIED,e3b0c44298fc1c149afb,#DIV/0!,,,,
V947,UNCLASSIFIED,e3b0c44298fc1c149afb,,,,,
W947,UNCLASSIFIED,e3b0c44298fc1c149afb,,,,,
X947,UNCLASSIFIED,e3b0c44298fc1c149afb,,,,,
Y947,UNCLASSIFIED,e3b0c44298fc1c149afb,,,,,
Z947,UNCLASSIFIED,e3b0c44298fc1c149afb,#DIV/0!,,,,
AA947,UNCLASSIFIED,e3b0c44298fc1c149afb,#DIV/0!,,,,
V948,UNCLASSIFIED,e3b0c44298fc1c149afb,,,,,
W948,UNCLASSIFIED,e3b0c44298fc1c149afb,,,,,
X948,UNCLASSIFIED,e3b0c44298fc1c149afb,,,,,
Y948,UNCLASSIFIED,e3b0c44298fc1c149afb,,,,,
Z948,UNCLASSIFIED,e3b0c44298fc1c149afb,#DIV/0!,,,,
AA948,UNCLASSIFIED,e3b0c44298fc1c149afb,#DIV/0!,,,,
V949,UNCLASSIFIED,e3b0c44298fc1c149afb,,,,,
W949,UNCLASSIFIED,e3b0c44298fc1c149afb,,,,,
X949,UNCLASSIFIED,e3b0c44298fc1c149afb,,,,,
Y949,UNCLASSIFIED,e3b0c44298fc1c149afb,,,,,
Z949,UNCLASSIFIED,e3b0c44298fc1c149afb,#DIV/0!,,,,
AA949,UNCLASSIFIED,e3b0c44298fc1c149afb,#DIV/0!,,,,
V950,UNCLASSIFIED,e3b0c44298fc1c149afb,,,,,
W950,UNCLASSIFIED,e3b0c44298fc1c149afb,,,,,
X950,UNCLASSIFIED,e3b0c44298fc1c149afb,,,,,
Y950,UNCLASSIFIED,e3b0c44298fc1c149afb,,,,,
Z950,UNCLASSIFIED,e3b0c44298fc1c149afb,#DIV/0!,,,,
AA950,UNCLASSIFIED,e3b0c44298fc1c149afb,#DIV/0!,,,,
V951,UNCLASSIFIED,e3b0c44298fc1c149afb,,,,,
W951,UNCLASSIFIED,e3b0c44298fc1c149afb,,,,,
X951,UNCLASSIFIED,e3b0c44298fc1c149afb,,,,,
Y951,UNCLASSIFIED,e3b0c44298fc1c149afb,,,,,
Z951,UNCLASSIFIED,e3b0c44298fc1c149afb,#DIV/0!,,,,
AA951,UNCLASSIFIED,e3b0c44298fc1c149afb,#DIV/0!,,,,
V952,UNCLASSIFIED,e3b0c44298fc1c149afb,,,,,
W952,UNCLASSIFIED,e3b0c44298fc1c149afb,,,,,
X952,UNCLASSIFIED,e3b0c44298fc1c149afb,,,,,
Y952,UNCLASSIFIED,e3b0c44298fc1c149afb,,,,,
Z952,UNCLASSIFIED,e3b0c44298fc1c149afb,#DIV/0!,,,,
AA952,UNCLASSIFIED,e3b0c44298fc1c149afb,#DIV/0!,,,,
V953,UNCLASSIFIED,e3b0c44298fc1c149afb,,,,,
W953,UNCLASSIFIED,e3b0c44298fc1c149afb,,,,,
X953,UNCLASSIFIED,e3b0c44298fc1c149afb,,,,,
Y953,UNCLASSIFIED,e3b0c44298fc1c149afb,,,,,
Z953,UNCLASSIFIED,e3b0c44298fc1c149afb,#DIV/0!,,,,
AA953,UNCLASSIFIED,e3b0c44298fc1c149afb,#DIV/0!,,,,
V954,UNCLASSIFIED,e3b0c44298fc1c149afb,,,,,
W954,UNCLASSIFIED,e3b0c44298fc1c149afb,,,,,
X954,UNCLASSIFIED,e3b0c44298fc1c149afb,,,,,
Y954,UNCLASSIFIED,e3b0c44298fc1c149afb,,,,,
Z954,UNCLASSIFIED,e3b0c44298fc1c149afb,#DIV/0!,,,,
AA954,UNCLASSIFIED,e3b0c44298fc1c149afb,#DIV/0!,,,,
V955,UNCLASSIFIED,e3b0c44298fc1c149afb,,,,,
W955,UNCLASSIFIED,e3b0c44298fc1c149afb,,,,,
X955,UNCLASSIFIED,e3b0c44298fc1c149afb,,,,,
Y955,UNCLASSIFIED,e3b0c44298fc1c149afb,,,,,
Z955,UNCLASSIFIED,e3b0c44298fc1c149afb,#DIV/0!,,,,
AA955,UNCLASSIFIED,e3b0c44298fc1c149afb,#DIV/0!,,,,
V956,UNCLASSIFIED,e3b0c44298fc1c149afb,,,,,
W956,UNCLASSIFIED,e3b0c44298fc1c149afb,,,,,
X956,UNCLASSIFIED,e3b0c44298fc1c149afb,,,,,
Y956,UNCLASSIFIED,e3b0c44298fc1c149afb,,,,,
Z956,UNCLASSIFIED,e3b0c44298fc1c149afb,#DIV/0!,,,,
AA956,UNCLASSIFIED,e3b0c44298fc1c149afb,#DIV/0!,,,,
V957,UNCLASSIFIED,e3b0c44298fc1c149afb,,,,,
W957,UNCLASSIFIED,e3b0c44298fc1c149afb,,,,,
X957,UNCLASSIFIED,e3b0c44298fc1c149afb,,,,,
Y957,UNCLASSIFIED,e3b0c44298fc1c149afb,,,,,
Z957,UNCLASSIFIED,e3b0c44298fc1c149afb,#DIV/0!,,,,
AA957,UNCLASSIFIED,e3b0c44298fc1c149afb,#DIV/0!,,,,
V958,UNCLASSIFIED,e3b0c44298fc1c149afb,,,,,
W958,UNCLASSIFIED,e3b0c44298fc1c149afb,,,,,
X958,UNCLASSIFIED,e3b0c44298fc1c149afb,,,,,
Y958,UNCLASSIFIED,e3b0c44298fc1c149afb,,,,,
Z958,UNCLASSIFIED,e3b0c44298fc1c149afb,#DIV/0!,,,,
AA958,UNCLASSIFIED,e3b0c44298fc1c149afb,#DIV/0!,,,,
V959,UNCLASSIFIED,e3b0c44298fc1c149afb,,,,,
W959,UNCLASSIFIED,e3b0c44298fc1c149afb,,,,,
X959,UNCLASSIFIED,e3b0c44298fc1c149afb,,,,,
Y959,UNCLASSIFIED,e3b0c44298fc1c149afb,,,,,
Z959,UNCLASSIFIED,e3b0c44298fc1c149afb,#DIV/0!,,,,
AA959,UNCLASSIFIED,e3b0c44298fc1c149afb,#DIV/0!,,,,
V960,UNCLASSIFIED,e3b0c44298fc1c149afb,,,,,
W960,UNCLASSIFIED,e3b0c44298fc1c149afb,,,,,
X960,UNCLASSIFIED,e3b0c44298fc1c149afb,,,,,
Y960,UNCLASSIFIED,e3b0c44298fc1c149afb,,,,,
Z960,UNCLASSIFIED,e3b0c44298fc1c149afb,#DIV/0!,,,,
AA960,UNCLASSIFIED,e3b0c44298fc1c149afb,#DIV/0!,,,,
V961,UNCLASSIFIED,e3b0c44298fc1c149afb,,,,,
W961,UNCLASSIFIED,e3b0c44298fc1c149afb,,,,,
X961,UNCLASSIFIED,e3b0c44298fc1c149afb,,,,,
Y961,UNCLASSIFIED,e3b0c44298fc1c149afb,,,,,
Z961,UNCLASSIFIED,e3b0c44298fc1c149afb,#DIV/0!,,,,
AA961,UNCLASSIFIED,e3b0c44298fc1c149afb,#DIV/0!,,,,
V962,UNCLASSIFIED,e3b0c44298fc1c149afb,,,,,
W962,UNCLASSIFIED,e3b0c44298fc1c149afb,,,,,
X962,UNCLASSIFIED,e3b0c44298fc1c149afb,,,,,
Y962,UNCLASSIFIED,e3b0c44298fc1c149afb,,,,,
Z962,UNCLASSIFIED,e3b0c44298fc1c149afb,#DIV/0!,,,,
AA962,UNCLASSIFIED,e3b0c44298fc1c149afb,#DIV/0!,,,,
V963,UNCLASSIFIED,e3b0c44298fc1c149afb,,,,,
W963,UNCLASSIFIED,e3b0c44298fc1c149afb,,,,,
X963,UNCLASSIFIED,e3b0c44298fc1c149afb,,,,,
Y963,UNCLASSIFIED,e3b0c44298fc1c149afb,,,,,
Z963,UNCLASSIFIED,e3b0c44298fc1c149afb,#DIV/0!,,,,
AA963,UNCLASSIFIED,e3b0c44298fc1c149afb,#DIV/0!,,,,
V964,UNCLASSIFIED,e3b0c44298fc1c149afb,,,,,
W964,UNCLASSIFIED,e3b0c44298fc1c149afb,,,,,
X964,UNCLASSIFIED,e3b0c44298fc1c149afb,,,,,
Y964,UNCLASSIFIED,e3b0c44298fc1c149afb,,,,,
Z964,UNCLASSIFIED,e3b0c44298fc1c149afb,#DIV/0!,,,,
AA964,UNCLASSIFIED,e3b0c44298fc1c149afb,#DIV/0!,,,,
V965,UNCLASSIFIED,e3b0c44298fc1c149afb,,,,,
W965,UNCLASSIFIED,e3b0c44298fc1c149afb,,,,,
X965,UNCLASSIFIED,e3b0c44298fc1c149afb,,,,,
Y965,UNCLASSIFIED,e3b0c44298fc1c149afb,,,,,
Z965,UNCLASSIFIED,e3b0c44298fc1c149afb,#DIV/0!,,,,
AA965,UNCLASSIFIED,e3b0c44298fc1c149afb,#DIV/0!,,,,
V966,UNCLASSIFIED,e3b0c44298fc1c149afb,,,,,
W966,UNCLASSIFIED,e3b0c44298fc1c149afb,,,,,
X966,UNCLASSIFIED,e3b0c44298fc1c149afb,,,,,
Y966,UNCLASSIFIED,e3b0c44298fc1c149afb,,,,,
Z966,UNCLASSIFIED,e3b0c44298fc1c149afb,#DIV/0!,,,,
AA966,UNCLASSIFIED,e3b0c44298fc1c149afb,#DIV/0!,,,,
V967,UNCLASSIFIED,e3b0c44298fc1c149afb,,,,,
W967,UNCLASSIFIED,e3b0c44298fc1c149afb,,,,,
X967,UNCLASSIFIED,e3b0c44298fc1c149afb,,,,,
Y967,UNCLASSIFIED,e3b0c44298fc1c149afb,,,,,
Z967,UNCLASSIFIED,e3b0c44298fc1c149afb,#DIV/0!,,,,
AA967,UNCLASSIFIED,e3b0c44298fc1c149afb,#DIV/0!,,,,
V968,UNCLASSIFIED,e3b0c44298fc1c149afb,,,,,
W968,UNCLASSIFIED,e3b0c44298fc1c149afb,,,,,
X968,UNCLASSIFIED,e3b0c44298fc1c149afb,,,,,
Y968,UNCLASSIFIED,e3b0c44298fc1c149afb,,,,,
Z968,UNCLASSIFIED,e3b0c44298fc1c149afb,#DIV/0!,,,,
AA968,UNCLASSIFIED,e3b0c44298fc1c149afb,#DIV/0!,,,,
V969,UNCLASSIFIED,e3b0c44298fc1c149afb,,,,,
W969,UNCLASSIFIED,e3b0c44298fc1c149afb,,,,,
X969,UNCLASSIFIED,e3b0c44298fc1c149afb,,,,,
Y969,UNCLASSIFIED,e3b0c44298fc1c149afb,,,,,
Z969,UNCLASSIFIED,e3b0c44298fc1c149afb,#DIV/0!,,,,
AA969,UNCLASSIFIED,e3b0c44298fc1c149afb,#DIV/0!,,,,
V970,UNCLASSIFIED,e3b0c44298fc1c149afb,,,,,
W970,UNCLASSIFIED,e3b0c44298fc1c149afb,,,,,
X970,UNCLASSIFIED,e3b0c44298fc1c149afb,,,,,
Y970,UNCLASSIFIED,e3b0c44298fc1c149afb,,,,,
Z970,UNCLASSIFIED,e3b0c44298fc1c149afb,#DIV/0!,,,,
AA970,UNCLASSIFIED,e3b0c44298fc1c149afb,#DIV/0!,,,,
V971,UNCLASSIFIED,e3b0c44298fc1c149afb,,,,,
W971,UNCLASSIFIED,e3b0c44298fc1c149afb,,,,,
X971,UNCLASSIFIED,e3b0c44298fc1c149afb,,,,,
Y971,UNCLASSIFIED,e3b0c44298fc1c149afb,,,,,
Z971,UNCLASSIFIED,e3b0c44298fc1c149afb,#DIV/0!,,,,
AA971,UNCLASSIFIED,e3b0c44298fc1c149afb,#DIV/0!,,,,
V972,UNCLASSIFIED,e3b0c44298fc1c149afb,,,,,
W972,UNCLASSIFIED,e3b0c44298fc1c149afb,,,,,
X972,UNCLASSIFIED,e3b0c44298fc1c149afb,,,,,
Y972,UNCLASSIFIED,e3b0c44298fc1c149afb,,,,,
Z972,UNCLASSIFIED,e3b0c44298fc1c149afb,#DIV/0!,,,,
AA972,UNCLASSIFIED,e3b0c44298fc1c149afb,#DIV/0!,,,,
V973,UNCLASSIFIED,e3b0c44298fc1c149afb,,,,,
W973,UNCLASSIFIED,e3b0c44298fc1c149afb,,,,,
X973,UNCLASSIFIED,e3b0c44298fc1c149afb,,,,,
Y973,UNCLASSIFIED,e3b0c44298fc1c149afb,,,,,
Z973,UNCLASSIFIED,e3b0c44298fc1c149afb,#DIV/0!,,,,
AA973,UNCLASSIFIED,e3b0c44298fc1c149afb,#DIV/0!,,,,
V974,UNCLASSIFIED,e3b0c44298fc1c149afb,,,,,
W974,UNCLASSIFIED,e3b0c44298fc1c149afb,,,,,
X974,UNCLASSIFIED,e3b0c44298fc1c149afb,,,,,
Y974,UNCLASSIFIED,e3b0c44298fc1c149afb,,,,,
Z974,UNCLASSIFIED,e3b0c44298fc1c149afb,#DIV/0!,,,,
AA974,UNCLASSIFIED,e3b0c44298fc1c149afb,#DIV/0!,,,,
V975,UNCLASSIFIED,e3b0c44298fc1c149afb,,,,,
W975,UNCLASSIFIED,e3b0c44298fc1c149afb,,,,,
X975,UNCLASSIFIED,e3b0c44298fc1c149afb,,,,,
Y975,UNCLASSIFIED,e3b0c44298fc1c149afb,,,,,
Z975,UNCLASSIFIED,e3b0c44298fc1c149afb,#DIV/0!,,,,
AA975,UNCLASSIFIED,e3b0c44298fc1c149afb,#DIV/0!,,,,
V976,UNCLASSIFIED,e3b0c44298fc1c149afb,,,,,
W976,UNCLASSIFIED,e3b0c44298fc1c149afb,,,,,
X976,UNCLASSIFIED,e3b0c44298fc1c149afb,,,,,
Y976,UNCLASSIFIED,e3b0c44298fc1c149afb,,,,,
Z976,UNCLASSIFIED,e3b0c44298fc1c149afb,#DIV/0!,,,,
AA976,UNCLASSIFIED,e3b0c44298fc1c149afb,#DIV/0!,,,,
V977,UNCLASSIFIED,e3b0c44298fc1c149afb,,,,,
W977,UNCLASSIFIED,e3b0c44298fc1c149afb,,,,,
X977,UNCLASSIFIED,e3b0c44298fc1c149afb,,,,,
Y977,UNCLASSIFIED,e3b0c44298fc1c149afb,,,,,
Z977,UNCLASSIFIED,e3b0c44298fc1c149afb,#DIV/0!,,,,
AA977,UNCLASSIFIED,e3b0c44298fc1c149afb,#DIV/0!,,,,
V978,UNCLASSIFIED,e3b0c44298fc1c149afb,,,,,
W978,UNCLASSIFIED,e3b0c44298fc1c149afb,,,,,
X978,UNCLASSIFIED,e3b0c44298fc1c149afb,,,,,
Y978,UNCLASSIFIED,e3b0c44298fc1c149afb,,,,,
Z978,UNCLASSIFIED,e3b0c44298fc1c149afb,#DIV/0!,,,,
AA978,UNCLASSIFIED,e3b0c44298fc1c149afb,#DIV/0!,,,,
V979,UNCLASSIFIED,e3b0c44298fc1c149afb,,,,,
W979,UNCLASSIFIED,e3b0c44298fc1c149afb,,,,,
X979,UNCLASSIFIED,e3b0c44298fc1c149afb,,,,,
Y979,UNCLASSIFIED,e3b0c44298fc1c149afb,,,,,
Z979,UNCLASSIFIED,e3b0c44298fc1c149afb,#DIV/0!,,,,
AA979,UNCLASSIFIED,e3b0c44298fc1c149afb,#DIV/0!,,,,
V980,UNCLASSIFIED,e3b0c44298fc1c149afb,,,,,
W980,UNCLASSIFIED,e3b0c44298fc1c149afb,,,,,
X980,UNCLASSIFIED,e3b0c44298fc1c149afb,,,,,
Y980,UNCLASSIFIED,e3b0c44298fc1c149afb,,,,,
Z980,UNCLASSIFIED,e3b0c44298fc1c149afb,#DIV/0!,,,,
AA980,UNCLASSIFIED,e3b0c44298fc1c149afb,#DIV/0!,,,,
V981,UTILIZATION,b070dbb90878a1f60ba9,,,,"IFERROR(IF(AND(1/L981>$V$19,1/L981<=$W$19),1/L981,0),"""")","IFERROR(IF(AND(1/RC[-10]>R19C22,1/RC[-10]<=R19C23),1/RC[-10],0),"""")"
W981,UTILIZATION,de0a5dbfc5cc172602ba,,,,"IFERROR(IF(AND(1/L981>$W$19,1/L981<=$X$19),1/L981,0),"""")","IFERROR(IF(AND(1/RC[-11]>R19C23,1/RC[-11]<=R19C24),1/RC[-11],0),"""")"
X981,UTILIZATION,102bfd8013f27758e7c0,,,,"IFERROR(IF(AND(1/L981>$X$19,1/L981<=$Y$19),1/L981,0),"""")","IFERROR(IF(AND(1/RC[-12]>R19C24,1/RC[-12]<=R19C25),1/RC[-12],0),"""")"
Y981,UTILIZATION,2d4c8f3ea18940579bdf,,,,"IFERROR(IF(1/L981>$Y$19,1/L981,0),"""")","IFERROR(IF(1/RC[-13]>R19C25,1/RC[-13],0),"""")"
Z981,UTILIZATION,28ac2bdd4846fc6e2a7f,#DIV/0!,,,"IF(N981<>"""",(N981-$N$17)/1000,1/0)","IF(RC[-12]<>"""",(RC[-12]-R17C14)/1000,1/0)"
AA981,UTILIZATION,1aafe524f4bc30e7637c,#DIV/0!,,,"IF(O981<>"""",(O981-$O$17)/1000,1/0)","IF(RC[-12]<>"""",(RC[-12]-R17C15)/1000,1/0)"
V982,UNCLASSIFIED,e3b0c44298fc1c149afb,,,,,
W982,UNCLASSIFIED,e3b0c44298fc1c149afb,,,,,
X982,UNCLASSIFIED,e3b0c44298fc1c149afb,,,,,
Y982,UNCLASSIFIED,e3b0c44298fc1c149afb,,,,,
Z982,UNCLASSIFIED,e3b0c44298fc1c149afb,#DIV/0!,,,,
AA982,UNCLASSIFIED,e3b0c44298fc1c149afb,#DIV/0!,,,,
V983,UNCLASSIFIED,e3b0c44298fc1c149afb,,,,,
W983,UNCLASSIFIED,e3b0c44298fc1c149afb,,,,,
X983,UNCLASSIFIED,e3b0c44298fc1c149afb,,,,,
Y983,UNCLASSIFIED,e3b0c44298fc1c149afb,,,,,
Z983,UNCLASSIFIED,e3b0c44298fc1c149afb,#DIV/0!,,,,
AA983,UNCLASSIFIED,e3b0c44298fc1c149afb,#DIV/0!,,,,
V984,UNCLASSIFIED,e3b0c44298fc1c149afb,,,,,
W984,UNCLASSIFIED,e3b0c44298fc1c149afb,,,,,
X984,UNCLASSIFIED,e3b0c44298fc1c149afb,,,,,
Y984,UNCLASSIFIED,e3b0c44298fc1c149afb,,,,,
Z984,UNCLASSIFIED,e3b0c44298fc1c149afb,#DIV/0!,,,,
AA984,UNCLASSIFIED,e3b0c44298fc1c149afb,#DIV/0!,,,,
V985,UNCLASSIFIED,e3b0c44298fc1c149afb,,,,,
W985,UNCLASSIFIED,e3b0c44298fc1c149afb,,,,,
X985,UNCLASSIFIED,e3b0c44298fc1c149afb,,,,,
Y985,UNCLASSIFIED,e3b0c44298fc1c149afb,,,,,
Z985,UNCLASSIFIED,e3b0c44298fc1c149afb,#DIV/0!,,,,
AA985,UNCLASSIFIED,e3b0c44298fc1c149afb,#DIV/0!,,,,
V986,UNCLASSIFIED,e3b0c44298fc1c149afb,,,,,
W986,UNCLASSIFIED,e3b0c44298fc1c149afb,,,,,
X986,UNCLASSIFIED,e3b0c44298fc1c149afb,,,,,
Y986,UNCLASSIFIED,e3b0c44298fc1c149afb,,,,,
Z986,UNCLASSIFIED,e3b0c44298fc1c149afb,#DIV/0!,,,,
AA986,UNCLASSIFIED,e3b0c44298fc1c149afb,#DIV/0!,,,,
V987,UNCLASSIFIED,e3b0c44298fc1c149afb,,,,,
W987,UNCLASSIFIED,e3b0c44298fc1c149afb,,,,,
X987,UNCLASSIFIED,e3b0c44298fc1c149afb,,,,,
Y987,UNCLASSIFIED,e3b0c44298fc1c149afb,,,,,
Z987,UNCLASSIFIED,e3b0c44298fc1c149afb,#DIV/0!,,,,
AA987,UNCLASSIFIED,e3b0c44298fc1c149afb,#DIV/0!,,,,
V988,UNCLASSIFIED,e3b0c44298fc1c149afb,,,,,
W988,UNCLASSIFIED,e3b0c44298fc1c149afb,,,,,
X988,UNCLASSIFIED,e3b0c44298fc1c149afb,,,,,
Y988,UNCLASSIFIED,e3b0c44298fc1c149afb,,,,,
Z988,UNCLASSIFIED,e3b0c44298fc1c149afb,#DIV/0!,,,,
AA988,UNCLASSIFIED,e3b0c44298fc1c149afb,#DIV/0!,,,,
V989,UNCLASSIFIED,e3b0c44298fc1c149afb,,,,,
W989,UNCLASSIFIED,e3b0c44298fc1c149afb,,,,,
X989,UNCLASSIFIED,e3b0c44298fc1c149afb,,,,,
Y989,UNCLASSIFIED,e3b0c44298fc1c149afb,,,,,
Z989,UNCLASSIFIED,e3b0c44298fc1c149afb,#DIV/0!,,,,
AA989,UNCLASSIFIED,e3b0c44298fc1c149afb,#DIV/0!,,,,
V990,UNCLASSIFIED,e3b0c44298fc1c149afb,,,,,
W990,UNCLASSIFIED,e3b0c44298fc1c149afb,,,,,
X990,UNCLASSIFIED,e3b0c44298fc1c149afb,,,,,
Y990,UNCLASSIFIED,e3b0c44298fc1c149afb,,,,,
Z990,UNCLASSIFIED,e3b0c44298fc1c149afb,#DIV/0!,,,,
AA990,UNCLASSIFIED,e3b0c44298fc1c149afb,#DIV/0!,,,,
V991,UNCLASSIFIED,e3b0c44298fc1c149afb,,,,,
W991,UNCLASSIFIED,e3b0c44298fc1c149afb,,,,,
X991,UNCLASSIFIED,e3b0c44298fc1c149afb,,,,,
Y991,UNCLASSIFIED,e3b0c44298fc1c149afb,,,,,
Z991,UNCLASSIFIED,e3b0c44298fc1c149afb,#DIV/0!,,,,
AA991,UNCLASSIFIED,e3b0c44298fc1c149afb,#DIV/0!,,,,
V992,UNCLASSIFIED,e3b0c44298fc1c149afb,,,,,
W992,UNCLASSIFIED,e3b0c44298fc1c149afb,,,,,
X992,UNCLASSIFIED,e3b0c44298fc1c149afb,,,,,
Y992,UNCLASSIFIED,e3b0c44298fc1c149afb,,,,,
Z992,UNCLASSIFIED,e3b0c44298fc1c149afb,#DIV/0!,,,,
AA992,UNCLASSIFIED,e3b0c44298fc1c149afb,#DIV/0!,,,,
V993,UNCLASSIFIED,e3b0c44298fc1c149afb,,,,,
W993,UNCLASSIFIED,e3b0c44298fc1c149afb,,,,,
X993,UNCLASSIFIED,e3b0c44298fc1c149afb,,,,,
Y993,UNCLASSIFIED,e3b0c44298fc1c149afb,,,,,
Z993,UNCLASSIFIED,e3b0c44298fc1c149afb,#DIV/0!,,,,
AA993,UNCLASSIFIED,e3b0c44298fc1c149afb,#DIV/0!,,,,
V994,UNCLASSIFIED,e3b0c44298fc1c149afb,,,,,
W994,UNCLASSIFIED,e3b0c44298fc1c149afb,,,,,
X994,UNCLASSIFIED,e3b0c44298fc1c149afb,,,,,
Y994,UNCLASSIFIED,e3b0c44298fc1c149afb,,,,,
Z994,UNCLASSIFIED,e3b0c44298fc1c149afb,#DIV/0!,,,,
AA994,UNCLASSIFIED,e3b0c44298fc1c149afb,#DIV/0!,,,,
V995,UNCLASSIFIED,e3b0c44298fc1c149afb,,,,,
W995,UNCLASSIFIED,e3b0c44298fc1c149afb,,,,,
X995,UNCLASSIFIED,e3b0c44298fc1c149afb,,,,,
Y995,UNCLASSIFIED,e3b0c44298fc1c149afb,,,,,
Z995,UNCLASSIFIED,e3b0c44298fc1c149afb,#DIV/0!,,,,
AA995,UNCLASSIFIED,e3b0c44298fc1c149afb,#DIV/0!,,,,
V996,UNCLASSIFIED,e3b0c44298fc1c149afb,,,,,
W996,UNCLASSIFIED,e3b0c44298fc1c149afb,,,,,
X996,UNCLASSIFIED,e3b0c44298fc1c149afb,,,,,
Y996,UNCLASSIFIED,e3b0c44298fc1c149afb,,,,,
Z996,UNCLASSIFIED,e3b0c44298fc1c149afb,#DIV/0!,,,,
AA996,UNCLASSIFIED,e3b0c44298fc1c149afb,#DIV/0!,,,,
V997,UNCLASSIFIED,e3b0c44298fc1c149afb,,,,,
W997,UNCLASSIFIED,e3b0c44298fc1c149afb,,,,,
X997,UNCLASSIFIED,e3b0c44298fc1c149afb,,,,,
Y997,UNCLASSIFIED,e3b0c44298fc1c149afb,,,,,
Z997,UNCLASSIFIED,e3b0c44298fc1c149afb,#DIV/0!,,,,
AA997,UNCLASSIFIED,e3b0c44298fc1c149afb,#DIV/0!,,,,
V998,UNCLASSIFIED,e3b0c44298fc1c149afb,,,,,
W998,UNCLASSIFIED,e3b0c44298fc1c149afb,,,,,
X998,UNCLASSIFIED,e3b0c44298fc1c149afb,,,,,
Y998,UNCLASSIFIED,e3b0c44298fc1c149afb,,,,,
Z998,UNCLASSIFIED,e3b0c44298fc1c149afb,#DIV/0!,,,,
AA998,UNCLASSIFIED,e3b0c44298fc1c149afb,#DIV/0!,,,,
V999,UNCLASSIFIED,e3b0c44298fc1c149afb,,,,,
W999,UNCLASSIFIED,e3b0c44298fc1c149afb,,,,,
X999,UNCLASSIFIED,e3b0c44298fc1c149afb,,,,,
Y999,UNCLASSIFIED,e3b0c44298fc1c149afb,,,,,
Z999,UNCLASSIFIED,e3b0c44298fc1c149afb,#DIV/0!,,,,
AA999,UNCLASSIFIED,e3b0c44298fc1c149afb,#DIV/0!,,,,
V1000,UNCLASSIFIED,e3b0c44298fc1c149afb,,,,,
W1000,UNCLASSIFIED,e3b0c44298fc1c149afb,,,,,
X1000,UNCLASSIFIED,e3b0c44298fc1c149afb,,,,,
Y1000,UNCLASSIFIED,e3b0c44298fc1c149afb,,,,,
Z1000,UNCLASSIFIED,e3b0c44298fc1c149afb,#DIV/0!,,,,
AA1000,UNCLASSIFIED,e3b0c44298fc1c149afb,#DIV/0!,,,,
